이름,영문 이름,defName,출처 모드,packageId,건축 탭,크기,칸 수,통행,전력,중력선,특징,연구,건설 비용,체력,작업량,아름다움,지형 조건,포장 가능,설명,제작 레시피 수,대표 제작품,실제 적용값(모드 설정)
고급 침대,royal bed,RoyalBed,코어,ludeon.rimworld,가구,2x2,4,통과만,,,연결 가능 설비 3종 / 침대,complex furniture,"재질(Metallic/Woody/Stony) 100, Gold 50",200,50000,75,Light,예,"금으로 장식까지 한, 높으신 분들을 위한 호화로운 침대입니다. 매우 편하고 두 명까지 누울 수 있습니다.",,,
동물 상자,animal sleeping box,AnimalSleepingBox,코어,ludeon.rimworld,가구,1x1,1,통과만,,,침대,,재질(Metallic/Woody/Stony) 25,75,180,,Light,예,"작은 동물이 잘 수 있는 상자입니다. 닭, 고양이, 작은 개까지 들어갈 수 있습니다.",,,
동물 잠자리,animal sleeping spot,AnimalSleepingSpot,코어,ludeon.rimworld,가구,1x1,1,가능,,,침대,,,,0,,Light,,동물이 잠을 청할 위치를 지정합니다.,,,
동물 침대,animal bed,AnimalBed,코어,ludeon.rimworld,가구,1x1,1,통과만,,,침대,,재질(Fabric/Leathery) 40,140,400,,Light,예,동물이 잘 수 있는 부드러운 침대입니다. 모든 크기의 동물에게 적합합니다.,,,
벽걸이 횃불,wall torch lamp,TorchWallLamp,코어,ludeon.rimworld,가구,1x1,1,가능,,,조명 반경 9 / 연료 WoodLog 15.0 / 열 3.5/초 / 설치조건: Heater,,WoodLog 15,50,100,,,,주변을 밝게 비추는 벽걸이형 나무 횃불입니다. 일반 횃불만큼 밝지는 않지만 벽에 설치할 수 있습니다. 약한 열을 발산합니다.,,,
벽등,wall lamp,WallLamp,코어,ludeon.rimworld,가구,1x1,1,가능,-30 W,,조명 반경 11,electricity,Steel 15,35,330,,,예,"전기를 사용해 주변을 밝게 비추는 벽걸이형 전등입니다. 스탠드 전등보다 밝지 않지만, 벽에 설치할 수 있습니다.",,,
선반,shelf,Shelf,코어,ludeon.rimworld,가구,2x1,2,통과만,,,저장 칸당 3묶음,complex furniture,재질(Metallic/Woody/Stony) 20,100,500,0.5,Light,예,"맨땅에 비해 세 배의 물건을 적재할 수 있는 삼중 선반입니다. 선반에 보관한 물건은 절대 손상되지 않고 주변 미관에도 영향을 주지 않습니다.\n\n선반의 수납공간은 제한돼있으므로 바위 덩어리나 건물, 식물, 대형 시체 등은 보관할 수 없습니다.",,,
소형 선반,small shelf,ShelfSmall,코어,ludeon.rimworld,가구,1x1,1,통과만,,,저장 칸당 3묶음,complex furniture,재질(Metallic/Woody/Stony) 10,50,250,0.5,Light,예,"맨땅에 비해 세 배의 물건을 적재할 수 있는 삼중 소형 선반입니다. 선반에 보관한 물건은 절대 손상되지 않고 주변 미관에도 영향을 주지 않습니다.\n\n선반의 수납공간은 제한돼있으므로 바위 덩어리나 건물, 식물, 대형 시체 등은 보관할 수 없습니다.",,,
스탠드 전등,standing lamp,StandingLamp,코어,ludeon.rimworld,가구,1x1,1,통과만,-30 W,,조명 반경 12,electricity,Steel 20,50,300,,Light,예,주변을 밝게 비추는 일반적인 전등입니다. 최대 속도로 이동하고 작업하려면 불빛이 필요합니다.,,,
식탁 (1x2),table (1x2),Table1x2c,코어,ludeon.rimworld,가구,1x2,2,통과만,,,,,재질(Metallic/Woody/Stony) 28,75,750,0.5,Light,예,의자가 있으면 여기서 밥을 먹습니다.,,,
식탁 (2x2),table (2x2),Table2x2c,코어,ludeon.rimworld,가구,2x2,4,통과만,,,,,재질(Metallic/Woody/Stony) 50,100,1500,1,Light,예,의자가 있으면 여기서 밥을 먹습니다.,,,
식탁 (2x4),table (2x4),Table2x4c,코어,ludeon.rimworld,가구,2x4,8,통과만,,,,,재질(Metallic/Woody/Stony) 95,150,3000,2,Light,예,의자가 있으면 여기서 밥을 먹습니다.,,,
식탁 (3x3),table (3x3),Table3x3c,코어,ludeon.rimworld,가구,3x3,9,통과만,,,,,재질(Metallic/Woody/Stony) 100,175,3300,2,Light,예,의자가 있으면 여기서 밥을 먹습니다.,,,
식탁 의자,dining chair,DiningChair,코어,ludeon.rimworld,가구,1x1,1,가능,,,,complex furniture,재질(Metallic/Woody) 45,100,8000,8,Light,예,사람들이 앉을 수 있는 편안하고 매력적인 의자입니다.,,,
옷장,dresser,Dresser,코어,ludeon.rimworld,가구,2x1,2,통과만,,,연결 설비 [Comfort 0.05] 거리 6,complex furniture,재질(Metallic/Woody/Stony) 50,120,2000,5,Light,예,주위 모든 침대의 편안함을 개선합니다. 한 침대는 옷장 하나의 영향만 받습니다.,,,
의자,stool,Stool,코어,ludeon.rimworld,가구,1x1,1,가능,,,,,재질(Metallic/Woody/Stony) 25,75,450,0,Light,예,앉을 수 있는 간단한 받침대입니다.,,,
작은 책장,small bookcase,BookcaseSmall,코어,ludeon.rimworld,가구,1x1,1,통과만,,,저장 칸당 5묶음,complex furniture,재질(Metallic/Woody/Stony) 10,50,250,0.5,Light,예,"최대 5권의 책을 보관하고 전시할 수 있는 작은 책장입니다. 여기에 보관된 책은 근처에서 이루어지는 연구를 향상시키고, 책장의 미관을 높여줍니다. 보관된 책은 절대 손상되지 않습니다.",,,
잠자리,sleeping spot,SleepingSpot,코어,ludeon.rimworld,가구,1x2,2,가능,,,침대,,,,0,,Light,,바닥에 정착민들이 잠을 청할 위치를 정합니다. 불편합니다.,,,
책장,bookcase,Bookcase,코어,ludeon.rimworld,가구,2x1,2,통과만,,,저장 칸당 5묶음,complex furniture,재질(Metallic/Woody/Stony) 20,100,500,0.5,Light,예,"최대 10권의 책을 보관하고 전시할 수 있는 넓은 책장입니다. 여기에 보관된 책은 근처에서 이루어지는 연구를 향상시키고, 책장의 미관을 높여줍니다. 보관된 책은 절대 손상되지 않습니다.",,,
침낭,bedroll,Bedroll,코어,ludeon.rimworld,가구,1x2,2,가능,,,연결 가능 설비 3종 / 침대,,재질(Fabric/Leathery) 40,75,600,,Light,예,"천이나 가죽으로 만들어 바닥에 놓는 간단한 침대입니다. 가볍고, 말아서 쉽게 운반할 수 있지만 고정식 침대처럼 편하진 않습니다.",,,
침대,bed,Bed,코어,ludeon.rimworld,가구,1x2,2,통과만,,,연결 가능 설비 3종 / 침대,complex furniture,재질(Metallic/Woody/Stony) 45,140,800,1,Light,예,아늑한 매트리스와 천으로 덮여있는 침대입니다.,,,
카우치,couch,Couch,코어,ludeon.rimworld,가구,2x1,2,가능,,,,complex furniture,재질(Fabric/Leathery) 200,160,20000,8,Light,예,푹신해서 정말로 편안한 길쭉한 대형 의자입니다. 고급스러운 휴게실이나 아늑한 독서 공간에 적합합니다.,,,
큰 잠자리,double sleeping spot,DoubleSleepingSpot,코어,ludeon.rimworld,가구,2x2,4,가능,,,침대,,,,0,,Light,,바닥에 두 명이 함께 잠을 청할 위치를 지정합니다. 불편합니다.,,,
큰 침낭,double bedroll,BedrollDouble,코어,ludeon.rimworld,가구,2x2,4,가능,,,연결 가능 설비 3종 / 침대,,재질(Fabric/Leathery) 85,,1100,,Light,예,"천이나 가죽으로 만들어 바닥에 놓는 간단한 침대로, 두 명까지 사용할 수 있습니다. 가볍고, 말아서 쉽게 운반할 수 있지만 고정식 침대처럼 편하진 않습니다.",,,
큰 침대,double bed,DoubleBed,코어,ludeon.rimworld,가구,2x2,4,통과만,,,연결 가능 설비 3종 / 침대,complex furniture,재질(Metallic/Woody/Stony) 85,200,1500,2,Light,예,간단한 2인용 침대입니다.,,,
태양등,sun lamp,SunLamp,코어,ludeon.rimworld,가구,1x1,1,통과만,-2900 W,,조명 반경 14 / 열 3/초,electricity,Steel 40,50,330,,Light,예,작물이 충분히 자랄 수 있도록 주변을 밝게 비춰줍니다. 밤에는 자동으로 꺼집니다.,,,
투광등,flood light,FloodLight,코어,ludeon.rimworld,가구,1x1,1,통과만,-100 W,,조명 반경 24,"electricity, advanced lights",Steel 50,120,600,-5,Light,예,넓은 야외 공간에 적합한 아주 밝은 전등입니다.,,,
팔걸이 의자,armchair,Armchair,코어,ludeon.rimworld,가구,1x1,1,가능,,,,complex furniture,재질(Fabric/Leathery) 110,120,14000,4,Light,예,커다랗고 부드럽고 편안한 의자입니다. 휴식하기에 좋습니다.,,,
협탁,end table,EndTable,코어,ludeon.rimworld,가구,1x1,1,통과만,,,연결 설비 [Comfort 0.05],complex furniture,재질(Metallic/Woody/Stony) 30,75,1000,3,Light,예,다른 가구 옆에 배치하는 작은 탁자입니다. 근처 침대의 머리맡에 붙여서 배치하면 편안함을 개선합니다. 한 침대는 협탁 하나의 영향만 받습니다.,,,
화분,plant pot,PlantPot,코어,ludeon.rimworld,가구,1x1,1,통과만,,,,,재질(Metallic/Woody/Stony) 20,75,250,,Light,예,꽃으로 주변 사람들의 기분을 좋게 만듭니다.,,,
횃불,torch lamp,TorchLamp,코어,ludeon.rimworld,가구,1x1,1,통과만,,,연료 WoodLog 20.0 / 열 3.5/초 / 조명 반경 10 / 설치조건: Heater,,WoodLog 20,75,100,,Light,,주변을 밝게 비추는 나무 횃불입니다. 최대 속도로 이동하고 작업하려면 불빛이 필요합니다. 나무를 자동으로 다시 넣을 수 있습니다. 약한 열을 발산합니다.,,,
회복 침대,hospital bed,HospitalBed,코어,ludeon.rimworld,가구,1x2,2,통과만,,,연결 가능 설비 4종 / 침대,hospital bed,"재질(Metallic) 40, Steel 80, ComponentIndustrial 5",150,2800,,Light,예,부상자들을 위한 특별한 침대입니다. 치료와 수술의 질을 높입니다.,,,
기둥,column,Column,코어,ludeon.rimworld,구조물,1x1,1,통과만,,,,,재질(Metallic/Woody/Stony) 20,160,750,5,Light,,지붕을 지탱하는 기둥입니다. 시야나 이동을 방해하지 않고 보기에 좋습니다.,,,
동물 간이 문,animal flap,AnimalFlap,코어,ludeon.rimworld,구조물,1x1,1,가능,,,,,재질(Fabric/Leathery) 25,20,850,,Light,,벽 사이에 두껍게 겹친 천이나 가죽을 걸어놓습니다. 동물들이 온도에 영향을 주지 않고 지나갈 수 있도록 도와줍니다. 이 간이문은 흔히 우리에 갇힌 동물들에게 잘 수 있는 곳을 제공하기 위한 헛간의 문으로 사용됩니다.,,,
문,door,Door,코어,ludeon.rimworld,구조물,1x1,1,가능,,,,,재질(Metallic/Woody/Stony) 25,160,850,,Light,,방을 나눕니다. 수동으로 열고 닫아야 해서 통과 시 이동속도가 느려집니다. 여닫는 데 걸리는 시간은 문의 재질에 따라 다릅니다.,,,
벽,wall,Wall,코어,ludeon.rimworld,구조물,1x1,1,불가,,,,,재질(Metallic/Woody/Stony) 5,300,135,,Heavy,,지나갈 수 없는 벽입니다. 지붕을 지탱할 수 있습니다.,,,
울타리,fence,Fence,코어,ludeon.rimworld,구조물,1x1,1,통과만,,,,,재질(Metallic/Woody/Stony) 1,40,70,,Light,,"특정 종류의 동물을 위한 헛간을 만드는 데 사용하는 울타리입니다. 포식자는 울타리 안에 있는 동물을 사냥하지 않지만, 직접 울타리를 넘어들어와 돌아다닐 수는 있습니다.",,,
울타리 문,fence gate,FenceGate,코어,ludeon.rimworld,구조물,1x1,1,가능,,,,,재질(Metallic/Woody/Stony) 25,20,500,,Light,,간단한 문입니다. 울타리처럼 몇몇의 동물만 막을 수 있습니다. 조련사는 이 문을 통해 동물들을 우리 안팎으로 몰이를 할 수 있습니다.,,,
자동문,autodoor,Autodoor,코어,ludeon.rimworld,구조물,1x1,1,가능,-50 W,,,autodoor,"재질(Metallic/Woody/Stony) 25, Steel 40, ComponentIndustrial 2",160,1100,,Light,,방을 나눕니다. 전기로 작동하며 문 통과 시 이동속도 감소가 적거나 없습니다.,,,
화려한 문,ornate door,OrnateDoor,코어,ludeon.rimworld,구조물,2x1,2,가능,,,,complex furniture,"재질(Metallic/Woody/Stony) 75, Gold 50",250,15000,30,Light,,방을 나눕니다. 복잡한 문양과 금으로 장식되어 있습니다. 거대하고 무거워서 벽이 지지해줘야 사용할 수 있습니다.,,,
결혼식 장소,marriage spot,MarriageSpot,코어,ludeon.rimworld,기타,2x1,2,가능,,,,,,,0,,Light,,결혼식이 열릴 자리를 지정합니다. 하객들은 양쪽 모두에 있을 수 있습니다.,,,
관,sarcophagus,Sarcophagus,코어,ludeon.rimworld,기타,1x2,2,통과만,,,저장,complex furniture,재질(Woody/Metallic/Stony) 60,250,2400,0,Light,,"명예로운 죽음을 맞이한 사람을 위해 만들어진, 장식된 관입니다.",,,
도구 수납장,tool cabinet,ToolCabinet,코어,ludeon.rimworld,기타,2x1,2,통과만,,,연결 설비 [WorkTableWorkSpeedFactor 0.06],complex furniture,Steel 200,100,1800,,Light,예,작업 속도에 도움을 줍니다. 작업대 근처에 배치되어야 합니다. 한 작업대는 수납장 최대 두 개의 영향만 받습니다.,,,
동면관,cryptosleep casket,CryptosleepCasket,코어,ludeon.rimworld,기타,1x2,2,통과만,,,"작업칸 (1,0,0)",cryptosleep casket,"Steel 180, Uranium 5, ComponentIndustrial 4, ComponentSpacer 1",250,3200,,Medium,,수 년간 내부의 사람을 그대로 보존하기 위한 자가발전형 동면관입니다.,,,
무덤,grave,Grave,코어,ludeon.rimworld,기타,1x2,2,가능,,,저장,,,,800,,Diggable,,적당한 마지막 안식처입니다. 정착민들은 누군가 잠든 무덤을 찾아가 명상합니다.,,,
무역 송신기,orbital trade beacon,OrbitalTradeBeacon,코어,ludeon.rimworld,기타,1x1,1,가능,-40 W,,,microelectronics,"Steel 40, ComponentIndustrial 1",75,800,,Light,예,"궤도의 상선과 거래를 할 때 사용됩니다. 해당 범위 안에 물품이 존재할 때 판매 가능하며, 상선에서 물품을 보낼 때도 송신기 주위로 보냅니다.",,,
발사대,pod launcher,PodLauncher,코어,ludeon.rimworld,기타,1x2,2,불가,,,연료 Chemfuel 150.0 / 설치조건: NotUnderRoof,transport pod,"Steel 50, ComponentIndustrial 1",200,3000,,Medium,,"한 개의 수송 포드를 발사할 수 있는 연료 주입장치입니다. 수송 포드 여러 대를 한 번에 발사할 수 있지만, 각 발사대가 서로의 옆에 근접해야 합니다.",,,
복합 분석기,multi-analyzer,MultiAnalyzer,코어,ludeon.rimworld,기타,2x2,4,통과만,-200 W,,연결 설비 [ResearchSpeedFactor 0.1],multi-analyzer,"Steel 40, Plasteel 50, Gold 20, ComponentIndustrial 8",200,10000,,Medium,예,연구 속도를 올려줍니다. 고급 연구대 근처에 배치되어야 합니다. 하나의 작업대에 하나의 분석기만 연결될 수 있습니다.,,,
상단 구성 장소,caravan hitching spot,CaravanPackingSpot,코어,ludeon.rimworld,기타,1x1,1,가능,,,,,,,0,,Light,,가축을 묶어두고 상단을 준비하는 장소를 지정합니다. 정착지 주민들은 상단에 짐을 싣는 동안 이곳에 가축을 묶어둘 것입니다. 가축들이 방황하는 것을 막기 위해 집에서 멀리 나가 있는 동안에도 이것을 사용할 수 있습니다.,,,
생체신호 모니터,vitals monitor,VitalsMonitor,코어,ludeon.rimworld,기타,1x1,1,통과만,-80 W,,"연결 설비 [MedicalTendQualityOffset 0.07, ImmunityGainSpeedFactor 0.02, SurgerySuccessChanceFactor 0.05]",vitals monitor,"Steel 50, ComponentIndustrial 3",100,6000,,Light,예,"회복 침대 바로 옆에 배치하면 치료 품질, 수술 성공률, 항체 생성 속도가 증가합니다. 의료용으로 지정된 일반 침대에는 영향을 주지 않습니다. 모니터는 인접해 있는 모든 회복 침대에 영향을 미치지만, 여러 개를 설치한다고 효과가 중첩되지는 않습니다.",,,
소방거품 분사기,firefoam popper,FirefoamPopper,코어,ludeon.rimworld,기타,1x1,1,통과만,,,,firefoam,"Steel 75, ComponentIndustrial 1",50,1500,-8,Light,예,불에 닿으면 터져 주위에 원형으로 불연성 거품을 뿌립니다. 수동으로 작동시킬 수도 있습니다.,,,
수송 포드,transport pod,TransportPod,코어,ludeon.rimworld,기타,1x1,1,통과만,,,"설치조건: NeedsFuelingPort,NotUnderRoof",transport pod,"Steel 60, ComponentIndustrial 1",250,1600,,Medium,,"사람, 물건, 동물을 운반할 수 있는 발사형 화물 포드입니다. 선물 보내기, 사람이나 물자 수송, 기습 ​​공격, 증원 등에 사용할 수 있습니다.",,,
습도 조정 펌프,moisture pump,MoisturePump,코어,ludeon.rimworld,기타,1x1,1,통과만,-150 W,,,moisture pump,"Steel 75, ComponentIndustrial 4",50,1500,-8,Light,,"매우 천천히 근처 지형의 습도를 균일하게 조정하여 습지나 얕은 물을 마른 땅으로 바꾸고, 고운 모래를 일반 모래로 바꿉니다. 깊은 물에는 영향을 주지 않습니다.",,,
알 상자,egg box,EggBox,코어,ludeon.rimworld,기타,1x1,1,가능,,,,,재질(Metallic/Woody) 20,50,2000,,Light,예,"알을 담기 위한 부드러운 재질의 상자입니다. 알을 낳는 동물들은 가능하면 알 상자에 알을 낳습니다. 시간을 절약하기 위해, 운반 작업을 담당하는 정착민들은 가득 찬 상자의 알만 운반합니다. 알 상자는 야외에서도 알이 손상되지 않도록 보호하지만 온도 피해는 막지 못합니다.",,,
우리 표시,pen marker,PenMarker,코어,ludeon.rimworld,기타,1x1,1,통과만,,,,,재질(Metallic/Woody/Stony) 30,100,600,0,Light,예,"동물들을 지정한 간판이 붙은 게시판입니다. 이것은 엄폐물, 울타리, 벽 그리고 문 등으로 둘러쌓인 구역에 배치해야 합니다. 각 우리 표시에 동물들을 할당할 수 있으며, 해당 구역에 할당한 동물들을 가져올 것입니다.",,,
장거리 광물 탐색기,long-range mineral scanner,LongRangeMineralScanner,코어,ludeon.rimworld,기타,3x3,9,통과만,-700 W,,"작업칸 (0,0,2) / 설치조건: NotUnderRoof",long-range mineral scanner,"Steel 200, ComponentIndustrial 6, ComponentSpacer 2",250,10000,-8,Heavy,,"행성의 귀중한 자원을 탐지하는 데 사용하는 장비입니다. 특정 광물만을 찾도록 조정할 수 있습니다. 탐색 속도는 담당자의 연구 능력에 달려 있으며, 찾아낸 자원을 수집하기 위해서는 여행을 떠나야 합니다.",,,
장엄한 비석,grand stele,SteleGrand,코어,ludeon.rimworld,기타,3x3,9,통과만,,,,complex furniture,재질(Stony) 250,400,16000,30,Heavy,,"측면에 대규모의 조각이 우뚝 솟은 비석입니다. 비석은 고대부터 인물이나 전투, 중요한 사건들을 기념하기 위해 사용되었습니다.",,,
지면 투과 탐색기,ground-penetrating scanner,GroundPenetratingScanner,코어,ludeon.rimworld,기타,3x3,9,통과만,-700 W,,"작업칸 (0,0,2) / 설치조건: NotUnderRoof",ground-penetrating scanner,"Steel 150, ComponentIndustrial 4, ComponentSpacer 1",200,12000,-8,Heavy,,"지하 자원 탐색에 사용하는 장치입니다. 탐색 속도는 담당자의 연구 능력에 달려 있으며, 많은 전기를 소비합니다. 찾아낸 지하 자원은 심층 굴착기를 사용하여 추출할 수 있습니다. 지붕 아래에서는 작동하지 않습니다.",,,
커다란 비석,large stele,SteleLarge,코어,ludeon.rimworld,기타,2x2,4,통과만,,,,complex furniture,재질(Stony) 125,200,8000,15,Medium,,"측면에 조각이 있는 두껍고 큰 비석입니다. 비석은 고대부터 인물이나 전투, 중요한 사건들을 기념하기 위해 사용되었습니다.",,,
통신기,comms console,CommsConsole,코어,ludeon.rimworld,기타,3x2,6,통과만,-200 W,,"작업칸 (0,0,2)",microelectronics,"Steel 120, ComponentIndustrial 4",250,2200,,Medium,,"멀리 떨어진 상인들과 거래를 하거나, 다른 세력들과의 외교에 필요한 라디오 송출기입니다.",,,
파티 장소,party spot,PartySpot,코어,ludeon.rimworld,기타,1x1,1,가능,,,,,,,0,,Light,,파티가 열릴 자리를 지정합니다. 주위 구역을 사용합니다.,,,
가시 함정,spike trap,TrapSpike,코어,ludeon.rimworld,방어,1x1,1,가능,,,,,재질(Metallic/Woody/Stony) 45,40,3200,-18,Light,예,팽팽한 줄과 접촉 작동 방아쇠에 연결된 다섯 개의 쐐기입니다. 누군가 방아쇠를 건드리면 쐐기가 튀어나와 공격합니다. 주변 지형에 숨겨야 하므로 다른 함정 옆에 배치할 수 없습니다. 광란에 빠지지 않은 동물들은 함정을 알아차리고 피해다닙니다.,,,
거품 포탑,foam turret,Turret_FoamTurret,코어,ludeon.rimworld,방어,1x1,1,통과만,-80 W,,연료 Chemfuel 10,foam turret,"재질(Metallic) 30, Steel 70, ComponentIndustrial 3, Chemfuel 140",100,1800,-20,Light,예,화재 진압용 수동 작동식 포탑입니다. 누군가 작동시키면 시야 내의 모든 화염에 대량의 소방 거품을 방사합니다.,,,
고폭탄 지뢰,IED trap,TrapIED_HighExplosive,코어,ludeon.rimworld,방어,1x1,1,가능,,,,IEDs,Shell_HighExplosive 2,40,1400,-4,Light,예,접촉 작동 방아쇠에 연결된 고폭탄 지뢰입니다. 주변 지형에 숨겨야 하므로 다른 함정 옆에 배치할 수 없습니다. 광란에 빠지지 않은 동물들은 함정을 알아차리고 피해다닙니다.,,,
대형 기관포,autocannon turret,Turret_Autocannon,코어,ludeon.rimworld,방어,2x2,4,통과만,-150 W,,연료 Steel 90,autocannon turret,"Steel 350, Plasteel 40, ComponentIndustrial 6",380,15000,-20,Heavy,,대형 기관포탑입니다. 대구경 탄환은 상당한 거리를 둔 상대에게도 큰 피해를 입힐 수 있지만 사용 후 포신을 교체해야 합니다. 근접한 대상에게는 발사할 수 없으며 크게 손상되면 폭발할 수 있습니다.,,,
로켓탄막 발사기,rocketswarm launcher,Turret_RocketswarmLauncher,코어,ludeon.rimworld,방어,2x2,4,통과만,-150 W,,연료 Chemfuel 12,rocketswarm launcher,"Plasteel 20, Steel 200, ComponentIndustrial 2, Chemfuel 180",200,10000,-20,Heavy,,넓은 범위를 덮는 로켓 탄막을 1회 발사하는 비상용 방어 장치입니다. 누군가가 직접 조작해야 합니다. 다수의 약한 전투원에 대해선 굉장히 효과적이지만 소수의 중무장 대상에게는 효율이 떨어집니다. 한 번 발사 후에는 수 시간 동안 냉각한 후 다시 장전해야 합니다.,,,
모래주머니,sandbags,Sandbags,코어,ludeon.rimworld,방어,1x1,1,통과만,,,,,재질(Fabric/Leathery) 5,300,180,-10,Light,,단순한 모래 주머니를 길게 이어 쌓아놓은 구조물입니다. 보기 좋지는 않지만 원거리 공격에서 우수한 엄폐 효과를 제공합니다.,,,
박격포,mortar,Turret_Mortar,코어,ludeon.rimworld,방어,2x2,4,통과만,,,"연료 ReinforcedBarrel 20 / 작업칸 (0,0,-1) / 설치조건: NotUnderRoof",mortars,"재질(Metallic) 75, Steel 150, ComponentIndustrial 6",180,2000,-20,Heavy,예,"모든 종류의 포탄을 발사할 수 있는 유인 박격포입니다. 파괴적인 피해를 입힐 수 있지만, 고유의 부정확성 때문에 개방된 지역의 적 집단보다는 요새화된 구조물 공격 시 더 유용합니다.",,,
반물질탄 지뢰,IED antigrain warhead trap,TrapIED_AntigrainWarhead,코어,ludeon.rimworld,방어,1x1,1,가능,,,,IEDs,Shell_AntigrainWarhead 1,40,1400,-4,Light,예,접촉 작동 방아쇠에 연결된 반물질 대전차 탄두입니다. 주변 지형에 숨겨야 하므로 다른 함정 옆에 배치할 수 없습니다. 광란에 빠지지 않은 동물들은 함정을 알아차리고 피해다닙니다.,,,
소방거품탄 지뢰,IED firefoam trap,TrapIED_Firefoam,코어,ludeon.rimworld,방어,1x1,1,가능,,,,IEDs,Shell_Firefoam 2,40,1400,-4,Light,예,누군가 방아쇠를 건드리면 주위에 화재 진압 거품을 발포합니다. 주변 지형에 숨겨야 하므로 다른 함정 옆에 배치할 수 없습니다. 광란에 빠지지 않은 동물들은 함정을 알아차리고 피해다닙니다.,,,
소이탄 지뢰,IED incendiary trap,TrapIED_Incendiary,코어,ludeon.rimworld,방어,1x1,1,가능,,,,IEDs,Shell_Incendiary 2,40,1400,-4,Light,예,접촉 작동 방아쇠에 연결된 소이탄 한쌍입니다. 주변 지형에 숨겨야 하므로 다른 함정 옆에 배치할 수 없습니다. 광란에 빠지지 않은 동물들은 함정을 알아차리고 피해다닙니다.,,,
소형 기관포,mini-turret,Turret_MiniTurret,코어,ludeon.rimworld,방어,1x1,1,통과만,-80 W,,연료 Steel 60,gun turrets,"재질(Metallic) 30, Steel 70, ComponentIndustrial 3",100,1800,-20,Light,예,휴대 가능한 자동포탑입니다. 많이 발사한 후에는 강철을 사용해서 포신을 수리해야 합니다. 크게 손상되면 폭발할 수 있습니다. 사격 인공지능의 신뢰도가 떨어지므로 직접 통제할 수 없습니다. 빗나간 총알을 맞지 않도록 주의하세요.,,,
엄폐물,barricade,Barricade,코어,ludeon.rimworld,방어,1x1,1,통과만,,,,,재질(Metallic/Woody/Stony) 5,300,320,-3,Heavy,,엄폐에 사용하는 허리 높이의 장벽입니다. 엄폐물은 생긴 건 이래도 다른 낮은 물체보다는 더 몸을 잘 숨길 수 있습니다. 울타리와 마찬가지로 일부 동물을 막아줍니다.,,,
연막탄 지뢰,IED smoke trap,TrapIED_Smoke,코어,ludeon.rimworld,방어,1x1,1,가능,,,,IEDs,Shell_Smoke 2,40,1400,-4,Light,예,접촉 또는 충격 시 작동되는 방아쇠에 연결된 연막탄 한쌍입니다. 주변 지형에 숨겨야 하므로 다른 함정 옆에 배치할 수 없습니다. 광란에 빠지지 않은 동물들은 함정을 알아차리고 피해다닙니다.,,,
저격포,uranium slug turret,Turret_Sniper,코어,ludeon.rimworld,방어,2x2,4,통과만,-150 W,,연료 Uranium 30,uranium slug turret,"Steel 300, Plasteel 30, Uranium 60, ComponentIndustrial 6",380,15000,-20,Heavy,,"장갑판을 관통할 수 있는 포탑입니다. 초고밀도 우라늄 탄환은 중장갑도 뚫을 수 있지만, 사용 후 우라늄 재장전이 필요합니다. 멀리서도 정확하지만 가까이 있는 대상에게는 발사할 수 없습니다. 크게 손상되면 폭발할 수 있습니다.",,,
펄스탄 지뢰,IED EMP trap,TrapIED_EMP,코어,ludeon.rimworld,방어,1x1,1,가능,,,,IEDs,Shell_EMP 2,40,1400,-4,Light,예,접촉 작동 방아쇠에 연결된 전자기 펄스 폭탄 한쌍입니다. 폭발하면 몇 초 동안 메카노이드를 마비시킬 수 있습니다. 주변 지형에 숨겨야 하므로 다른 함정 옆에 배치할 수 없습니다. 광란에 빠지지 않은 동물들은 함정을 알아차리고 피해다닙니다.,,,
간이 도축 장소,butcher spot,ButcherSpot,코어,ludeon.rimworld,생산,1x1,1,가능,,,"연결 가능 설비 1종 / 작업칸 (0,0,-1)",,,,0,,Light,,동물을 도축하는 장소입니다. 적당한 장비가 없기 때문에 고기와 가죽이 일부 손실되어 70%만 생산됩니다.,2,"도축, 사료",
간이 제작 장소,crafting spot,CraftingSpot,코어,ludeon.rimworld,생산,1x1,1,가능,,,"연결 가능 설비 1종 / 작업칸 (0,0,-1)",,,,0,,Light,,날붙이나 활처럼 간단한 물건을 만들 수 있는 장소를 지정합니다.,22,"화학 폐기물, 유기성 폐기물, 연초, 메카노이드와 드론 분쇄, 부족 쓰개, 전쟁가면, 전쟁베일, 몸싸개, 곤봉, 단검, 단궁, 곡궁, 장궁, 하프, 아동용 몸싸개, 구울 철판, 구울 미늘, 의식 가면, 의식 두건, 신경 석궁, 고급 약초, 진정 약초 연고, 회복 약초 연고",
기계 작업대,machining table,TableMachining,코어,ludeon.rimworld,생산,3x1,3,통과만,-350 W,,"조명 반경 5 / 연결 가능 설비 1종 / 작업칸 (0,0,-1)",machining,"Steel 150, ComponentIndustrial 5",180,3000,,Medium,예,총을 조립하거나 메카노이드를 분해할 수 있는 작업대입니다.,86,"포터라인 카트리지, 파이어미션 카트리지, 구원의 카트리지, 조연제, 신생의 구체, 의족, 의수, 인공심장, 인공와우, 메카노이드와 드론 분해, 고폭탄, 소이탄, 펄스탄, 연막탄, 소방거품탄, 보호막 벨트, 방탄모, 강화 방탄모, 연막 가방, 소방거품 등짐, 방탄조끼, 방탄바지, 방탄재킷, 리볼버, 자동권총, 기관권총, 소이탄 발사기, 연막 발사기, 펄스 발사기, 볼트액션 소총, 산탄총, 전투 산탄총, 기관단총, 경기관총, 돌격소총, 저격소총, 미니건, 파편 수류탄, 화염병, 펄스 수류탄, 정신 압박기, 드릴 팔, 농업용 기계손, 칼",
단조 작업대,fueled smithy,FueledSmithy,코어,ludeon.rimworld,생산,3x1,3,통과만,,,"연료 WoodLog 50.0 / 연결 가능 설비 1종 / 작업칸 (0,0,-1)",smithing,Steel 100,180,3000,,Medium,예,무기와 도구를 생산하기 위한 작업대입니다. 나무를 태워 작동합니다.,93,"엘텍스 지팡이, 엘텍스 헬멧, 엘텍스 해골모, 신생의 구체, 방탄모, 판금갑옷, 파괴용 도끼, 철퇴, 검, 장검, 곤봉, 단검, 단창, 창, 단궁, 투창 다발, 곡궁, 장궁, 하프, 하프시코드, 피아노, 장식관, 왕관, 도끼, 전투망치, 가시관, 아동용 방탄모, 비비안 어펜드, 위신 판금 갑옷, 엘텍스 단검, 엘텍스 곤봉, 엘텍스 검, 전투 망치 (드라고니안 프리무스), 용발톱 (드라고니안 프리무스), 분노의 칼날 (드라고니안 프리무스), 드라고니안 메이스, 드라고니안 대검, 드라고니안 엘텍스 스태프, 드라고니안 투창기, 드라고니안",
도축 작업대,butcher table,TableButcher,코어,ludeon.rimworld,생산,3x1,3,통과만,,,"연결 가능 설비 1종 / 작업칸 (0,0,-1)",,"재질(Metallic/Woody) 75, WoodLog 20",180,2000,,Medium,예,죽은 생물을 생고기 조각으로 가공할 때 사용하는 무거운 탁자입니다. 썩거나 백골화 된 시체는 도축할 수 없습니다.,3,"압축 물고기 사료, 도축, 사료",
발효통,fermenting barrel,FermentingBarrel,코어,ludeon.rimworld,생산,1x1,1,통과만,,,,beer brewing,"Steel 10, WoodLog 30",100,600,,Light,예,맥아즙을 맥주로 발효하는데 필요한 통입니다.,,,
석재 절삭대,stonecutter's table,TableStonecutter,코어,ludeon.rimworld,생산,3x1,3,통과만,,,"연결 가능 설비 1종 / 작업칸 (0,0,-1)",stonecutting,"재질(Metallic/Woody) 75, Steel 30",180,2000,,Heavy,예,거친 돌을 잘라 사용하기 좋은 석재로 만드는 작업대입니다.,13,"석재 만들기, 사암 석재, 화강암 석재, 석회암 석재, 점판암 석재, 대리석 석재, 진공암 석재, 강철, 부품, 목재, 화학연료, 천, 중력 감응판 소재",
수경재배기,hydroponics basin,HydroponicsBasin,코어,ludeon.rimworld,생산,1x4,4,통과만,-70 W,,,hydroponics,"Steel 100, ComponentIndustrial 1",180,2800,,Medium,,실내에서 작물을 빠르게 길러냅니다. 전기가 끊기면 심어놓은 식물들도 죽습니다.,,,
스토브,fueled stove,FueledStove,코어,ludeon.rimworld,생산,3x1,3,통과만,,,"연료 WoodLog 50.0 / 열 4/초 / 작업칸 (0,0,-1)",,Steel 80,180,2000,,Medium,예,식재료로 식사를 준비하기 위한 간단한 스토브입니다. 나무를 태워 작동합니다.,41,"간단한 빵, 좋은 빵, 호화로운 빵, 미식적인 빵, 간단한 디저트, 좋은 디저트, 호화로운 디저트, 미식적인 디저트, 미식적인 식사, 끓이지 않은 간단한 수프, 끓이지 않은 좋은 수프, 끓이지 않은 호화로운 수프, 끓이지 않은 미식적인 수프, 초월공학 채식주의 식사, 초월공학 육식주의 식사, 초월공학 식사, 밀리라 여행용 식량, 밀리라 식용 색소, 모에로틀 꼬리구이, 엽화떡, 모에로틀 꼬리파이, 장막 차, 광이차, 간단한 식사, 좋은 식사, 좋은 채식주의 식사, 좋은 육식주의 식사, 호화로운 식사, 호화로운 채식주의 식사, 호화로운",
심층 굴착기,deep drill,DeepDrill,코어,ludeon.rimworld,생산,1x1,1,통과만,-200 W,,"작업칸 (0,0,-1) / 설치조건: InvalidOverSubstructure",deep drilling,"Steel 100, ComponentIndustrial 2",300,10000,-25,Light,예,이동 가능한 굴착 장비입니다. 지면 투과 탐색기를 이용해 찾아낸 지하 자원을 추출하기 위해 사용됩니다. 자원이 없는 곳에서는 암석 덩어리를 생산합니다.,,,
약물 연구대,drug lab,DrugLab,코어,ludeon.rimworld,생산,3x1,3,통과만,,,"연결 가능 설비 1종 / 작업칸 (0,0,-1)",drug production,"재질(Metallic/Woody) 50, Steel 75, ComponentIndustrial 6",120,3500,,Medium,예,"다양한 약물 제조에 필요한 용기, 가열장치, 측정 도구로 이루어진 작업대입니다.",26,"성운액, 드라고니안 화이트 초콜릿, 드라고니안 뿔 (드라고니안 프리무스), 드라고니안 가죽 (드라고니안 프리무스), 혈액팩, 뉴트로아민, 생체강, 고주스, 페녹시실린, 플레이크, 야요, 연초, 웨이크업, 약품, 고급 약초, 진정 약초 연고, 회복 약초 연고, 저그 군락유도 페르몬 방출기, 집중제, 사이클포친, 하이포, 락-C, 옴니 드롭, 독약, 스마우굼, 트랜스",
양조대,brewery,Brewery,코어,ludeon.rimworld,생산,3x1,3,통과만,,,"작업칸 (0,0,-1)",beer brewing,"WoodLog 120, Steel 30",180,2000,,Medium,예,술보리로 맥아즙을 만드는 작업대입니다.,1,맥아즙,
연구 작업대,simple research bench,SimpleResearchBench,코어,ludeon.rimworld,생산,3x2,6,통과만,,,"작업칸 (0,0,-1)",,"재질(Metallic/Woody/Stony) 75, Steel 25",250,2800,,Medium,예,간단한 문서 도구와 기초적인 실험도구를 갖춘 작업대입니다. 과학자들이 새로운 기술을 발견하는데 사용됩니다.,,,
연료 정제기,biofuel refinery,BiofuelRefinery,코어,ludeon.rimworld,생산,3x2,6,통과만,-170 W,,"작업칸 (0,0,-1)",biofuel refining,"Steel 150, ComponentIndustrial 3",200,2000,,Heavy,,목재나 유기물을 정제하여 연료를 생산합니다.,2,"태양 연료, 화학연료",
영양죽 배급기,nutrient paste dispenser,NutrientPasteDispenser,코어,ludeon.rimworld,생산,3x4,12,불가,-200 W,,"작업칸 (0,0,3)",nutrient paste,"Steel 125, ComponentIndustrial 3",350,2200,,Heavy,,식재료로 영양분 반죽을 합성합니다. 진짜 요리보다 더 적은 재료와 시간이 들지만 아무도 이걸 먹고 싶어 하진 않습니다. 건초 같은 거친 식물성 재료는 받아들이지 않습니다.,,,
영양죽 투입구,hopper,Hopper,코어,ludeon.rimworld,생산,1x1,1,통과만,,,저장,nutrient paste,Steel 15,100,300,,Light,,영양죽 배급기가 사용할 자원을 담아두는 곳입니다.,,,
재봉 작업대,hand tailor bench,HandTailoringBench,코어,ludeon.rimworld,생산,3x1,3,통과만,,,"연결 가능 설비 1종 / 작업칸 (0,0,-1)",complex clothing,재질(Metallic/Woody) 75,180,2000,,Medium,예,의류 생산을 위한 작업대입니다. 전기 작업대의 50% 속도로 작동합니다.,115,"누더기, 엘텍스 로브, 엘텍스 가면, 엘텍스 망토, 엘텍스 재킷, 엘텍스 셔츠, 카우보이 모자, 중산모, 부족 쓰개, 털모자, 전쟁가면, 전쟁베일, 두건, 마스크, 몸싸개, 파카, 바지, 티셔츠, 셔츠, 바람막이, 재킷, 망토, 로브, 예복 셔츠, 코르셋, 예복 조끼, 화려한 로브, 귀부인 모자, 높은 모자, 베레모, 머리싸개, 히잡, 가면, 슬라이스 캡, 노예 사슬, 지휘모, 꼬리모자, 삿갓, 벙거지 모자, 노예 구속구, 부르카, 안대, 아동용 원피스, 아동용 셔츠, 아동용 바지, 아동용 파카, 아동용 몸싸개, 탄약대, 현장, 실",
전기 단조 작업대,electric smithy,ElectricSmithy,코어,ludeon.rimworld,생산,3x1,3,통과만,-210 W,,"연결 가능 설비 1종 / 열 4/초 / 작업칸 (0,0,-1)","smithing, electricity","Steel 100, ComponentIndustrial 3",180,3000,,Medium,예,기계가 사용되지 않는 금속 무기와 도구를 생산하기 위한 작업대입니다. 전기로 작동합니다.,93,"엘텍스 지팡이, 엘텍스 헬멧, 엘텍스 해골모, 신생의 구체, 방탄모, 판금갑옷, 파괴용 도끼, 철퇴, 검, 장검, 곤봉, 단검, 단창, 창, 단궁, 투창 다발, 곡궁, 장궁, 하프, 하프시코드, 피아노, 장식관, 왕관, 도끼, 전투망치, 가시관, 아동용 방탄모, 비비안 어펜드, 위신 판금 갑옷, 엘텍스 단검, 엘텍스 곤봉, 엘텍스 검, 전투 망치 (드라고니안 프리무스), 용발톱 (드라고니안 프리무스), 분노의 칼날 (드라고니안 프리무스), 드라고니안 메이스, 드라고니안 대검, 드라고니안 엘텍스 스태프, 드라고니안 투창기, 드라고니안",
전기 스토브,electric stove,ElectricStove,코어,ludeon.rimworld,생산,3x1,3,통과만,-350 W,,"열 3/초 / 작업칸 (0,0,-1)",electricity,"Steel 80, ComponentIndustrial 2",180,2000,,Medium,예,식재료로 식사를 준비하기 위한 전기 스토브입니다.,41,"간단한 빵, 좋은 빵, 호화로운 빵, 미식적인 빵, 간단한 디저트, 좋은 디저트, 호화로운 디저트, 미식적인 디저트, 미식적인 식사, 끓이지 않은 간단한 수프, 끓이지 않은 좋은 수프, 끓이지 않은 호화로운 수프, 끓이지 않은 미식적인 수프, 초월공학 채식주의 식사, 초월공학 육식주의 식사, 초월공학 식사, 밀리라 여행용 식량, 밀리라 식용 색소, 모에로틀 꼬리구이, 엽화떡, 모에로틀 꼬리파이, 장막 차, 광이차, 간단한 식사, 좋은 식사, 좋은 채식주의 식사, 좋은 육식주의 식사, 호화로운 식사, 호화로운 채식주의 식사, 호화로운",
전기 재봉 작업대,electric tailor bench,ElectricTailoringBench,코어,ludeon.rimworld,생산,3x1,3,통과만,-120 W,,"연결 가능 설비 1종 / 작업칸 (0,0,-1)","complex clothing, electricity","재질(Metallic/Woody) 75, Steel 50, ComponentIndustrial 2",180,2500,,Medium,예,빠른 의류 생산을 위한 작업대입니다. 전기 없이도 50% 속도로 작동합니다.,115,"누더기, 엘텍스 로브, 엘텍스 가면, 엘텍스 망토, 엘텍스 재킷, 엘텍스 셔츠, 카우보이 모자, 중산모, 부족 쓰개, 털모자, 전쟁가면, 전쟁베일, 두건, 마스크, 몸싸개, 파카, 바지, 티셔츠, 셔츠, 바람막이, 재킷, 망토, 로브, 예복 셔츠, 코르셋, 예복 조끼, 화려한 로브, 귀부인 모자, 높은 모자, 베레모, 머리싸개, 히잡, 가면, 슬라이스 캡, 노예 사슬, 지휘모, 꼬리모자, 삿갓, 벙거지 모자, 노예 구속구, 부르카, 안대, 아동용 원피스, 아동용 셔츠, 아동용 바지, 아동용 파카, 아동용 몸싸개, 탄약대, 현장, 실",
전기 화장터,electric crematorium,ElectricCrematorium,코어,ludeon.rimworld,생산,3x2,6,불가,-250 W,,"조명 반경 6 / 열 12/초 / 작업칸 (0,0,-1)",electricity,"재질(Stony) 150, Steel 20, ComponentIndustrial 2",300,4500,-10,Heavy,,전기로 시체를 소각하는 곳입니다.,6,"중력감응판, 신체 부위 소각하기, 시체 화장, 의류 소각, 무기 소각, 약물 소각",
전기로,electric smelter,ElectricSmelter,코어,ludeon.rimworld,생산,3x1,3,통과만,-700 W,,"조명 반경 6 / 열 9/초 / 작업칸 (0,0,-1)",electricity,"Steel 170, ComponentIndustrial 2",180,3500,,Heavy,예,고철 덩어리나 금속이 혼합된 물품에서 금속을 추출합니다. 전기가 많이 소비됩니다.,12,"드라고니안 생체철, 강철, 분쇄석, 플라스틸, 우라늄, 은, 금, 용해 처리, 무기 분해, 의류 분해, 무기 처리, 의류 처리",
조립 작업대,fabrication bench,FabricationBench,코어,ludeon.rimworld,생산,5x2,10,통과만,-250 W,,"연결 가능 설비 1종 / 작업칸 (0,0,-1)",fabrication,"Steel 200, ComponentIndustrial 12, ComponentSpacer 2",300,5000,,Heavy,,더 적은 재료로 발달된 장비를 만들 수 있는 작업대입니다.,158,"빔 그레이저, 합성 키틴강, 상급 서브코어, 표준 서브코어, 드라고니안 타락한 보주, 부품, 고급 부품, 합성원단, 초경조직 천, 생체공학 눈, 생체공학 팔, 생체공학 다리, 생체공학 척추, 생체공학 심장, 생체공학 위, 생체공학 귀, 생체공학 혀, 생체공학 턱, 해병대 헬멧, 정찰대 헬멧, 해병대 갑옷, 정찰대 갑옷, 차지 라이플, 차지 랜스, 연산 보조기, 학습 보조기, 후각 증폭기, 면역 증진기, 항출혈기, 재생력 증진기, 튼튼한 피부, 갑옷 피부, 바위 피부, 외형 교정기, 인상 교정기, 애정 증진기, 해독강화 위, 소화강화",
조소 작업대,art bench,TableSculpting,코어,ludeon.rimworld,생산,3x1,3,통과만,,,"연결 가능 설비 1종 / 작업칸 (0,0,-1)",,"재질(Metallic/Woody) 75, Steel 50",180,2500,,Medium,예,조각용 도구가 배치된 작업대입니다.,7,"소형 조각상, 대형 조각상, 초대형 조각상, 기괴한 조각상, 공허 조각상, 조각상, 월리엄 레싱",
첨단 연구 작업대,hi-tech research bench,HiTechResearchBench,코어,ludeon.rimworld,생산,5x2,10,통과만,-250 W,,"연결 가능 설비 1종 / 작업칸 (0,0,-1)",microelectronics,"재질(Metallic) 150, Steel 100, ComponentIndustrial 10",250,5000,,Heavy,,컴퓨터와 계측장치를 갖춘 고급 연구 작업대입니다. 연구 속도가 빠르며 고급 연구를 가능하게 합니다.,,,
당구대,billiards table,BilliardsTable,코어,ludeon.rimworld,오락,2x3,6,통과만,,,,complex furniture,"재질(Metallic/Woody/Stony) 80, Cloth 80, WoodLog 30",250,12000,0,Medium,예,"부드러운 재질로 위를 덮고 테두리를 덧붙인 탁자로, 당구와 관련된 여러 놀이들을 즐길 수 있습니다. 사격 기술을 훈련할 수 있습니다.",,,
우르의 왕실 게임,Game-of-Ur board,GameOfUrBoard,코어,ludeon.rimworld,오락,1x1,1,통과만,,,,,재질(Metallic/Woody/Stony) 35,90,6000,2,Light,예,기원전 2500년대에 발명된 흥미로운 보드게임으로 혼자서 또는 둘이서 즐길 수 있습니다. 연구 기술을 훈련할 수 있습니다.,,,
음극선관 TV,tube television,TubeTelevision,코어,ludeon.rimworld,오락,1x1,1,통과만,-200 W,,,tube television,"Steel 80, ComponentIndustrial 4",100,10000,,Light,예,움직이는 사진과 소리를 재생하는 음극선관 장치입니다. 이런 변경계에서도 구닥다리 송출기가 보내주는 시시한 프로그램은 잘 잡힙니다.,,,
체스 탁자,chess table,ChessTable,코어,ludeon.rimworld,오락,1x1,1,통과만,,,,complex furniture,재질(Metallic/Woody/Stony) 70,100,8000,4,Light,예,고대 왕들의 놀이입니다. 혼자서도 몇 시간 재밌게 보낼 수 있습니다. 연구 기술을 훈련할 수 있습니다.\n\n인접한 의자가 필요합니다.,,,
편자 막대,horseshoes pin,HorseshoesPin,코어,ludeon.rimworld,오락,1x1,1,가능,,,,,재질(Metallic/Woody/Stony) 10,75,100,,Light,예,"간단한 고대의 놀이로, 몇 개의 편자와 땅에 박힌 큰 막대만으로 즐길 수 있습니다. 참가자들은 멀리 떨어져서 편자를 던져 막대 근처에 착지시켜야 합니다. 긴장을 풀어주며 사격 기술을 훈련할 수 있습니다.",,,
평면 TV,flatscreen television,FlatscreenTelevision,코어,ludeon.rimworld,오락,2x1,2,통과만,-330 W,,,flatscreen television,"Steel 140, ComponentIndustrial 16",80,40000,,Light,예,선명한 화면과 풍부한 색감을 지닌 고급 평면 텔레비전입니다. 고대 위성이나 널리 보급된 데이터 카드들의 신호를 송신합니다.,,,
포커 탁자,poker table,PokerTable,코어,ludeon.rimworld,오락,2x2,4,통과만,,,,complex furniture,"재질(Metallic/Woody/Stony) 50, Cloth 50, WoodLog 25",250,10000,0,Light,예,포커류의 카드게임을 하기 위한 탁자입니다. 전략적 사고와 약간의 운을 시험할 좋은 방법입니다.\n\n인접한 의자가 필요합니다.,,,
후프스톤 링,hoopstone ring,HoopstoneRing,코어,ludeon.rimworld,오락,1x1,1,가능,,,,,재질(Metallic/Woody/Stony) 20,100,100,,Light,예,"간단한 고대의 놀이로, 몇 개의 돌조각과 원형 바닥판 하나만으로 즐길 수 있습니다. 참가자들은 멀리 떨어져서 돌을 던져 바닥판 안에 넣어야 합니다. 긴장을 풀어주며 사격 기술을 훈련할 수 있습니다.",,,
냉방기,cooler,Cooler,코어,ludeon.rimworld,온도,1x1,1,불가,-200 W,,온도조절 -21 / 설치조건: Cooler,air conditioning,"Steel 90, ComponentIndustrial 3",100,1600,,Medium,,"벽에 설치하는 공기 냉각기입니다. 한 쪽으로는 찬 공기가, 다른 쪽으로는 뜨거운 공기가 나옵니다. 방을 시원하게 만들거나 냉동고를 만들 때 사용할 수 있습니다.",,,
모닥불,campfire,Campfire,코어,ludeon.rimworld,온도,1x1,1,통과만,,,"연료 WoodLog 20.0 / 조명 반경 10 / 열 21/초 / 작업칸 (0,0,-1) / 설치조건: Heater",,WoodLog 20,80,200,,Light,,요리를 하거나 방의 온도를 높입니다. 며칠간 지속됩니다. 다른 열원들과 마찬가지로 방을 덥히기 위해선 밀폐된 공간에 배치되어야 합니다. 나무를 채워 넣을 수 있습니다.,18,"모에로틀 꼬리구이, 장막 차, 신체 부위 소각하기, 광이차, 간단한 식사, 페미컨, 의류 소각, 무기 소각, 약물 소각, 이유식, 인삼 달인 물, 에키네시아 달인 물, 발레리안(쥐오줌풀) 달인 물, 쑥 달임약, 린덴 차, 캐모마일 차, 타임 차, 은행나무 차",
자연냉방기,passive cooler,PassiveCooler,코어,ludeon.rimworld,온도,1x1,1,통과만,,,열 -11/초 / 연료 WoodLog 50.0,passive cooler,WoodLog 50,80,200,,Light,,물의 증발로 방을 식히는 전통적인 냉방 도구입니다. 주기적으로 목재를 보충해야 합니다. 음식을 냉장할만큼 충분히 효율적이지 않습니다.,,,
전열기,heater,Heater,코어,ludeon.rimworld,온도,1x1,1,통과만,-175 W,,온도조절 21 / 조명 반경 3 / 설치조건: Heater,electricity,"Steel 50, ComponentIndustrial 1",100,1000,,Light,예,전기를 열로 바꾸는 기기입니다. 목표 온도에 도달하기 위해 스스로 켜고 끌 수 있습니다.,,,
환풍구,vent,Vent,코어,ludeon.rimworld,온도,1x1,1,불가,,,,complex furniture,Steel 30,100,400,,Medium,,간단한 환풍구입니다. 사람들의 통행을 막으면서 두 방의 온도를 맞출 수 있습니다.,,,
우주선 골조,ship structural beam,Ship_Beam,코어,ludeon.rimworld,우주선,2x6,12,불가,전선/송전,,설치조건: NotUnderRoof,starflight basics,"Steel 200, Plasteel 40, ComponentIndustrial 3, ComponentSpacer 1",400,8000,,Heavy,,"우주선을 구조적으로 지지해 주는 부품입니다. 통신, 전력, 물질 교환에 필요한 전선과 파이프가 내장돼있습니다.",,,
우주선 동면관,ship cryptosleep casket,Ship_CryptosleepCasket,코어,ludeon.rimworld,우주선,1x2,2,통과만,전선/송전,,"작업칸 (1,0,0) / 설치조건: NotUnderRoof",vacuum cryptosleep casket,"Steel 120, Uranium 14, ComponentIndustrial 3, ComponentSpacer 3",200,8000,,Heavy,,"우주의 위험요소를 버틸 수 있도록 강화된 동면관입니다. 사람을 수 세기 동안 동면 상태로 유지할 수 있고, 대기권 재진입도 견뎌낼 수 있습니다.",,,
우주선 반응로,ship reactor,Ship_Reactor,코어,ludeon.rimworld,우주선,6x7,42,불가,+1000 W 발전,,설치조건: NotUnderRoof,starship reactor,"Steel 350, Plasteel 280, Uranium 70, ComponentSpacer 8",500,65000,,Heavy,,"성간 비행에 필요한 동력을 만듭니다. 이륙에는 긴 시동 시간이 필요하고, 습격자들의 주의를 끕니다.",,,
우주선 연산 코어,ship computer core,Ship_ComputerCore,코어,ludeon.rimworld,우주선,2x2,4,불가,전선/송전,,설치조건: NotUnderRoof,machine persuasion,"Steel 150, ComponentSpacer 4, Gold 70, AIPersonaCore 1",150,16000,,Heavy,,긴 시간의 성간 비행 동안 우주선을 이끌고 어떤 역경도 헤쳐나갈 수 있는 인공자아가 깃든 연산핵입니다.,,,
우주선 추진기,ship engine,Ship_Engine,코어,ludeon.rimworld,우주선,3x4,12,불가,전선/송전,,설치조건: NotUnderRoof,Johnson-Tanaka drive,"Steel 260, Plasteel 140, Uranium 70, ComponentSpacer 6",400,50000,,Heavy,,"반작용 없는 존슨-다나카 추진기입니다. 우주선을 궤도로 올려보내고, 별들 사이의 광대한 공간을 가로질러 나아갈 수 있습니다.",,,
탐지기 클러스터,sensor cluster,Ship_SensorCluster,코어,ludeon.rimworld,우주선,2x2,4,불가,전선/송전,,설치조건: NotUnderRoof,starflight sensors,"Steel 140, Gold 4, ComponentIndustrial 6, ComponentSpacer 6",100,30000,,Heavy,,"다용도 탐지기 모듈입니다. 우주에서의 통신, 위협 감지, 위장, 교란 등 다양한 용도로 사용할 수 있습니다.",,,
나무 화력발전기,wood-fired generator,WoodFiredGenerator,코어,ludeon.rimworld,전력,2x2,4,통과만,+1000 W 발전,,연료 WoodLog 75.0 / 조명 반경 6 / 열 6/초,electricity,"Steel 100, ComponentIndustrial 2",300,2500,-20,Medium,,나무를 태워 전력을 생산합니다. 연료는 수동으로 공급해야 합니다.,,,
매립 전선,hidden conduit,HiddenConduit,코어,ludeon.rimworld,전력,1x1,1,가능,전선/송전,,설치조건: Conduit,electricity,Steel 2,100,280,0,Light,,"전력을 전달해 주는 매립 전선입니다. 일반 전선보다 강하지만, 건설하는데 더 오래 걸리며 비쌉니다.",,,
방수 전선,waterproof conduit,WaterproofConduit,코어,ludeon.rimworld,전력,1x1,1,가능,전선/송전,,설치조건: Conduit,electricity,Steel 10,80,35,-2,WaterproofConduitable,,얕은 물과 진흙에서도 전력을 전송할 수 있도록 절연된 전선입니다.,,,
수력 발전기,watermill generator,WatermillGenerator,코어,ludeon.rimworld,전력,5x6,30,불가,+1100 W 발전,,설치조건: WatermillGenerator,watermill generator,"WoodLog 280, Steel 80, ComponentIndustrial 3",400,4000,-20,,,물의 힘으로 전기를 생산합니다. 반드시 흐르는 물 위에 건설해야 합니다.,,,
전선,power conduit,PowerConduit,코어,ludeon.rimworld,전력,1x1,1,가능,전선/송전,,설치조건: Conduit,electricity,Steel 1,80,35,-2,Light,,주위에 전력을 전달합니다. 벽이나 다른 건물 아래에 건설할 수 있습니다.,,,
전원 스위치,power switch,PowerSwitch,코어,ludeon.rimworld,전력,1x1,1,가능,전선/송전,,,electricity,"Steel 15, ComponentIndustrial 1",120,200,-2,Light,,전력 공급을 연결/차단합니다.,,,
지열 발전기,geothermal generator,GeothermalGenerator,코어,ludeon.rimworld,전력,6x6,36,불가,+3600 W 발전,,"설치조건: OnSteamGeyser,InvalidOverSubstructure",geothermal power,"Steel 340, ComponentIndustrial 8",500,12000,-30,Heavy,,증기 간헐천에서 나오는 지열로 전력을 생산합니다. 반드시 증기 간헐천 위에 건설해야 합니다.,,,
축전지,battery,Battery,코어,ludeon.rimworld,전력,1x2,2,통과만,,,축전 600 Wd,battery,"Steel 70, ComponentIndustrial 2",100,800,-15,Medium,예,"남는 전기를 모으고, 전력이 부족할 때 내보냅니다.\n\n경고: 비나 불에 노출되면 폭발할 위험이 있습니다.",,,
태양광 발전기,solar generator,SolarGenerator,코어,ludeon.rimworld,전력,4x4,16,통과만,+1700 W 발전,,,solar panel,"Steel 100, ComponentIndustrial 3",300,2500,,Medium,,"해가 떠 있는 동안에만 전기를 생산하며, 어두워지면 생산하지 않습니다.",,,
풍력 발전기,wind turbine,WindTurbine,코어,ludeon.rimworld,전력,7x2,14,통과만,+2300 W 발전,,설치조건: WindTurbine,electricity,"Steel 100, ComponentIndustrial 2",150,3300,-12,Heavy,,바람으로 전기를 생산합니다. 원활한 바람의 순환을 위해 앞과 뒤에 커다란 빈 공간이 필요합니다.,,,
화학연료 화력발전기,chemfuel powered generator,ChemfuelPoweredGenerator,코어,ludeon.rimworld,전력,2x2,4,통과만,+1000 W 발전,,연료 Chemfuel 30.0 / 조명 반경 6 / 열 6/초,electricity,"Steel 100, ComponentIndustrial 3",300,2500,-20,Medium,,화학연료를 태워 전력을 생산합니다. 연료는 수동으로 공급해야 합니다.,,,
도축 장소,slaughtering spot,AnimalSlaughteringSpot,AnimalHarvestingSpot (Continued),mlie.animalharvestingspot,기타,1x1,1,가능,,,,,,,0,,Light,,Designates a spot where animals can be slaughtered.,,,
동물 수확 장소,animal harvesting spot,AnimalHarvestingSpot,AnimalHarvestingSpot (Continued),mlie.animalharvestingspot,기타,1x1,1,가능,,,,,,,0,,Light,,"Designates a spot where animals can be milked, sheared or slaughtered.",,,
젖 짜기 장소,milking spot,AnimalMilkingSpot,AnimalHarvestingSpot (Continued),mlie.animalharvestingspot,기타,1x1,1,가능,,,,,,,0,,Light,,Designates a spot where animals can be milked.,,,
털 깎기 장소,shearing spot,AnimalShearingSpot,AnimalHarvestingSpot (Continued),mlie.animalharvestingspot,기타,1x1,1,가능,,,,,,,0,,Light,,Designates a spot where animals can be sheared.,,,
훈련 장소,training spot,AnimalTrainingSpot,AnimalHarvestingSpot (Continued),mlie.animalharvestingspot,기타,1x1,1,가능,,,,,,,0,,Light,,Designates a spot where animals can start their training.,,,
보안 문,security door,SecurityDoor,Anomaly DLC,ludeon.rimworld.anomaly,구조물,2x1,2,가능,-50 W,,,security door,"Plasteel 50, ComponentIndustrial 2",800,6000,,Heavy,,"튼튼하게 강화된 문입니다. 느리게 열리며 전기가 필요하지만, 매우 강합니다. 뭔가 위험한 것의 출입을 통제하고 싶다면 좋은 선택일 것입니다. 문이 기능하려면 양쪽에 벽이 필요합니다.",,,
모조생명탄 지뢰,IED deadlife trap,TrapIED_Deadlife,Anomaly DLC,ludeon.rimworld.anomaly,방어,1x1,1,가능,,,,IEDs,Shell_Deadlife 2,40,1400,-4,Light,예,접촉 또는 탄환으로 충격 시 폭발하는 방아쇠에 연결된 모조생명탄 한쌍입니다. 주변 지형에 숨겨야 하므로 다른 함정 옆에 배치할 수 없습니다. 광란에 빠지지 않은 동물들은 함정을 알아차리고 피해다닙니다.\n\n휘청이는 자로 일으킬 시체가 지뢰 근처에 존재해야 합니다.,,,
간이 구속대,holding spot,HoldingSpot,Anomaly DLC,ludeon.rimworld.anomaly,이상 현상,3x3,9,가능,,,연결 가능 설비 4종,,,0,0,,Light,,"위험한 실체를 수용하기 위한 장소입니다. 제대로 만든 구속대만큼 좋지는 않지만, 아무것도 없는 것보단 훨씬 낫습니다.\n\n쓰러진 실체를 포획하여 간이 구속대에 고정하고 조사하면 이상 현상 연구를 진행할 수 있습니다. 주변에 강한 벽, 문, 기타 특수 억제 장치를 건설하면 더욱 효과적인 구속이 가능합니다.",,,
광란 유도기,frenzy inducer,FrenzyInducer,Anomaly DLC,ludeon.rimworld.anomaly,이상 현상,1x1,1,가능,-150 W,,,frenzy inducer,"Shard 1, Bioferrite 100",100,6000,-10,Heavy,예,초월공학 파편을 긁어모아 만든 전기 자극 장치입니다. 인근 지역에 격앙시키는 정신 파동을 만들어 근처 정착민들을 자극해 더 빠르게 이동하고 작업하게 합니다. 대신 영향권 내에서 발생하는 모든 정신이상은 폭력적인 형태로만 나타납니다.,,,
구속대,holding platform,HoldingPlatform,Anomaly DLC,ludeon.rimworld.anomaly,이상 현상,3x3,9,통과만,,,연결 가능 설비 4종,entity containment,Steel 40,500,2000,,Medium,예,"위험한 실체를 수용하기 위한 구속대입니다. 모서리에는 작은 구멍이 있어 강한 사슬을 붙일 수 있습니다.\n\n쓰러진 실체를 포획하여 구속대에 고정하고 조사하면 이상 현상 연구를 진행할 수 있습니다. 주변에 강한 벽, 문, 기타 특수 억제 장치를 건설하면 더욱 효과적인 구속이 가능합니다.",,,
대기 난로,atmospheric heater,AtmosphericHeater,Anomaly DLC,ludeon.rimworld.anomaly,이상 현상,3x3,9,통과만,-1500 W,,열 120/초 / 온도조절 0 / 연료 Bioferrite 80.0 / 조명 반경 5,atmospheric heater,"Shard 2, Bioferrite 150, Steel 150, ComponentIndustrial 8",300,12000,-40,Heavy,,초월공학 파편을 긁어모아 만든 열 분사 장치입니다. 생체강을 태움으로서 대기 분자를 휘저어 지역의 외부 온도를 높입니다. 건물 자체적으로도 많은 양의 폐열을 생산합니다.,,,
생체강 성형 작업대,bioferrite shaper,BioferriteShaper,Anomaly DLC,ludeon.rimworld.anomaly,이상 현상,3x1,3,통과만,-250 W,,"조명 반경 5 / 연결 가능 설비 1종 / 작업칸 (0,0,-1)",bioferrite shaping,"ComponentIndustrial 2, Bioferrite 40, Steel 50",180,3000,,Medium,예,"생체강 생산품을 제작하기 위해 쓰이는 작업대입니다. 이 작업대는 열과 전자기 자극을 사용해 일시적으로 생체강을 달래 유연한 상태로 만들어, 노동자가 복잡한 모양으로 성형하고 다른 물질과 결합할 수 있게 합니다.",20,"구울 철판, 구울 미늘, 부신의 심장, 부식성 심장, 금속 혈액 심장, 망령 척추골, 파편 동물 파동기, 생체변이 파동기, 모조생명 포탄, 의식 가면, 의식 두건, 교란용 조명탄 배낭, 모조생명 등짐, 파편 정신충격 창, 파편 정신분열 창, 생체변이 창, 헬캣 소총, 소각기, 신경 석궁, 혈액 온열기",
생체강 수확기,bioferrite harvester,BioferriteHarvester,Anomaly DLC,ludeon.rimworld.anomaly,이상 현상,1x2,2,통과만,-100 W,,연결 설비 [ContainmentStrength -15] 거리 5.1,bioferrite harvester,"ComponentIndustrial 1, Steel 50",200,4000,-10,Light,예,"이 장치를 구속대 가까이에 배치하면 수용된 실체로부터 생체조직을 추출하여 생체강으로 변환시킵니다. 수동 추출 방식보다 더 많은 생체강을 생산합니다.\n\n대부분의 생물체는 이 과정을 매우 불편해하여 실체를 억제하기 어렵게 만들고, 커다란 실체는 일반적으로 많은 생체강을 생산합니다.\n\n각 구속대는 단 하나의 수확기만 연결되지만, 한 수확기에는 여러 구속대가 연결될 수 있습니다.",,,
수면 억제기,sleep suppressor,SleepSuppressor,Anomaly DLC,ludeon.rimworld.anomaly,이상 현상,2x1,2,가능,-300 W,,,sleep suppressor,"Shard 1, Bioferrite 100, Steel 25",200,6000,-10,Heavy,예,"초월공학 파편을 긁어모아 만든 전기 제어 장치입니다. 장치는 주위 지역에 정신 파동을 만들어, 근처 정착민들의 뇌의 화학 구조를 바꿔 피로 독소의 축적을 막고 수면욕을 없앱니다. 대신 격한 짜증을 동반합니다.",,,
전기 수확기,electroharvester,Electroharvester,Anomaly DLC,ludeon.rimworld.anomaly,이상 현상,2x1,2,통과만,+2000 W 발전,,연결 설비 [ContainmentStrength -25] 거리 5.1,electroharvester,"ComponentIndustrial 1, Bioferrite 25, Steel 50",250,4000,-10,Light,예,"구속대 근처에 배치할 수 있는 장치로, 억제된 실체로부터 전기 동력을 끌어냅니다. 발전기는 실체가 발생시키는 부자연적 공간 왜곡 또는 심령 흐름에 의해 생성되는 에너지를 이용합니다.\n\n더 큰 실체는 더 큰 동력을 생산합니다. 하지만 전기 수확은 실체를 짜증나게 만들어 탈출할 가능성을 높입니다.\n\n하나의 전기 수확기에는 여러 개의 구속대를 연결할 수 있습니다. 하지만 하나의 구속대는 하",,,
전기 억제기,electric inhibitor,ElectricInhibitor,Anomaly DLC,ludeon.rimworld.anomaly,이상 현상,1x2,2,통과만,-70 W,,연결 설비 [ContainmentStrength 10] 거리 4,entity containment,"ComponentIndustrial 2, Steel 25",100,6000,,Light,예,특별히 조정된 전자기장을 방출하여 포획된 실체의 신경 활동을 마비시키는 장치입니다. 동력이 공급되는 한 비추고 있는 모든 구속대의 억제력을 향상시킵니다. 전자기장은 인간 혹은 일반 동물에게는 영향을 주지 않습니다.,,,
접근 탐지기,proximity detector,ProximityDetector,Anomaly DLC,ludeon.rimworld.anomaly,이상 현상,1x1,1,통과만,-75 W,,조명 반경 4.9,proximity detector,"ComponentIndustrial 1, Bioferrite 15",100,6000,,Light,예,정신적 간섭으로 시각에서 벗어나 있는 생물을 탐지할 수 있는 장치입니다. 해당 생체신호의 존재가 범위 내에 감지되면 경보를 울립니다.,,,
초정신 의식 장소,psychic ritual spot,PsychicRitualSpot,Anomaly DLC,ludeon.rimworld.anomaly,이상 현상,3x3,9,가능,,,연결 가능 설비 2종,void provocation,,,0,,Light,,초정신 의식을 행하기 위한 장소입니다. 의식 장소 주변을 가로막는 것이 없어야 의식을 치를 수 있습니다.,,,
파편 신호기,shard beacon,ShardBeacon,Anomaly DLC,ludeon.rimworld.anomaly,이상 현상,1x1,1,통과만,,,연결 설비 [PsychicRitualQuality 0.08] 거리 10,advanced psychic rituals,"Bioferrite 30, Shard 1",100,1000,,Light,예,"생체강 받침대에 세워놓은 어둠의 초월공학 파편입니다. 생체강이 파편의 힘을 한데 모아, 주변의 어두운 정신적 흐름을 특정 형태로 빚어냅니다. 초정신 의식 장소 근처에 배치하면 의식 품질이 상승합니다.\n\n하나의 의식에 최대 4개의 파편 신호기 효과가 적용됩니다.",,,
파편 억제기,shard inhibitor,ShardInhibitor,Anomaly DLC,ludeon.rimworld.anomaly,이상 현상,1x1,1,통과만,,,연결 설비 [ContainmentStrength 20] 거리 5.9,entity containment,"Steel 15, Shard 1",100,1000,,Light,예,"어둠의 초월공학 파편을 이용하여 정신에 간섭하는 장치로, 범위 내의 구속대와 간이 구속대의 억제력을 증가시킵니다.\n\n효과는 중첩되지 않습니다.",,,
혈청 연구대,serum lab,SerumCentrifuge,Anomaly DLC,ludeon.rimworld.anomaly,이상 현상,2x2,4,통과만,-375 W,,"조명 반경 5 / 연결 가능 설비 1종 / 작업칸 (0,0,-1)",serum synthesis,"Shard 1, ComponentIndustrial 2, Bioferrite 80, Steel 100",180,3000,,Medium,예,초월공학 파편을 긁어모아 만든 일회용 주사 혈청 작업대입니다. 초월공학 기계입자를 사용해 다양하고 특별한 효과를 지닌 혈청을 만듭니다.,7,"공허의 시야 혈청, 금속혈액 혈청, 비대한 힘 혈청, 감정마비 혈청, 구울 부활 혈청, 진공보호 혈청, 구울 부활 혈청 (드라고니안 프리무스)",
생체강 발전기,bioferrite generator,BioferriteGenerator,Anomaly DLC,ludeon.rimworld.anomaly,전력,3x2,6,통과만,+4000 W 발전,,연료 Bioferrite 60.0 / 조명 반경 8 / 열 12/초,bioferrite generator,"Shard 1, ComponentIndustrial 4, Bioferrite 100, Steel 50",400,12000,-40,Heavy,,생체강에 압력을 가하고 점화하여 전력을 생산하는 발전기입니다.\n\n생체강은 연소 과정에서 많은 전력을 생산하지만 근처에 불편한 정신적 파동을 일으킵니다.,,,
중력 보안 문,ship security door,ShipSecurityDoor,Anomaly for Gravship,als.anomalygravship,구조물,2x1,2,가능,-120 W,,,"security door, standard gravtech","재질(Metallic) 50, Plasteel 30, GravlitePanel 10, ComponentIndustrial 4",500,6000,,Substructure,,"중력선에 사용되는 튼튼하게 강화된 문입니다. 기존 보안 문보다 빠르게 열리지만, 전원이 차단되면 훨씬 느려집니다. 문이 기능하려면 양쪽에 벽이 필요하며 하부구조와 직접 연결되므로 중력부양선에만 건설할 수 있습니다.",,,
중력 구속대,grav holding platform,GravHoldingPlatform,Anomaly for Gravship,als.anomalygravship,이상 현상,2x2,4,가능,-150 W,,연결 가능 설비 6종 / 조명 반경 3 / 연결 설비 [ContainmentStrength 15] 거리 3.8,"entity containment, gravitational anomalies","Plasteel 55, Uranium 10, GravlitePanel 10, ComponentSpacer 1",800,15000,,Medium,예,"위험한 실체를 수용하기 위한 구속대입니다. 공간을 적게 차지하며 인접한 중력 구속대의 구속력을 강화합니다.\n\n쓰러진 실체를 포획하여 구속대에 고정하고 조사하면 이상 현상 연구를 진행할 수 있습니다. 주변에 강한 벽, 문, 기타 특수 억제 장치를 건설하면 더욱 효과적인 구속이 가능합니다.",,,
중력 파편 신호기,grav shard beacon,GravShardBeacon,Anomaly for Gravship,als.anomalygravship,이상 현상,1x1,1,통과만,,,연결 설비 [PsychicRitualQuality 0.15] 거리 10,"advanced psychic rituals, gravitational anomalies","Gravcore 1, Bioferrite 50, Shard 1, ComponentIndustrial 2",200,3000,,Light,예,"생체강 받침대에 세워놓은 어둠의 초월공학 파편입니다. 생체강이 파편의 힘을 한데 모아, 주변의 어두운 정신적 흐름을 특정 형태로 빚어냅니다. 초정신 의식 장소 근처에 배치하면 의식 품질이 상승합니다. 내장된 중력 코어가 파편을 자극하여 위력을 강화합니다.\n\n하나의 의식에 최대 2개의 중력 파편 신호기 효과가 적용됩니다.",,,
중력 파편 억제기,grav shard inhibitor,GravShardInhibitor,Anomaly for Gravship,als.anomalygravship,이상 현상,1x1,1,통과만,,,연결 설비 [ContainmentStrength 60] 거리 6.9,"entity containment, gravitational anomalies","Gravcore 1, Plasteel 40, Shard 1, ComponentSpacer 1",200,1000,,Light,예,"어둠의 초월공학 파편을 이용하여 정신에 간섭하는 장치로, 범위 내의 중력 구속대의 억제력을 증가시킵니다. 내장된 중력 코어가 파편을 자극하여 위력을 강화합니다.\n\n효과는 중첩되지 않습니다.",,,
기본 초월공학 제작대,basic archotech workbench,BasicArchotechWorkbench,Archotech Expanded,teok25.archotechexpanded,생산,3x1,3,통과만,-600 W,,"연결 가능 설비 1종 / 열 -4/초 / 작업칸 (0,0,-1)","smithing, electricity, archotech mimicry","Nanomachinery 2, Picomachinery 2, Steel 500",500,5000,,Medium,예,나노머신의 기본적인 구성요소와 상위 티어의 구성요소를 모두 만들 수 있습니다.,21,"나노머신, 피코머신, 아토머신, 고급 부품, 은, 고급 초월공학 다리, 고급 초월공학 팔, 초월공학 제압기, 초월공학 심장, 초월공학 신장, 초월공학 간, 초월공학 골반, 초월공학 척추, 초월공학 폐, 초월공학 위, 초월공학 턱, 초월공학 귀, 초월공학 멸절기, 초월공학 뇌 도우미, 초월공학 장벽, 초월공학 재생기",
장막 진입 의식 장소,Shroud break in ritual spot,AL_RitualSpot,Ariandel Library,ariandel.ariandellibrary,기타,5x5,25,가능,,,,Shroud Ritual,,,0,,Light,,장막으로 진입하기 위한 장소입니다.,,,
무역 보고 장치,trade reports printer,ASReportsPrinter,Auto Seller,supes.autoseller.core,기타,2x1,2,통과만,-100 W,,"작업칸 (0,0,-1)",,"재질(Metallic/Woody) 50, Steel 25, ComponentIndustrial 1",200,,,Light,예,이 정착지의 거래 규칙을 기록하여 적용합니다.지역마다 무역 보고 장치 또는 무역 보고장은 1개밖에 설치할 수 없습니다.,2,"쇼핑 리스트, 목재",
무역 보고 증서,trade reports log,ASReportsLog,Auto Seller,supes.autoseller.core,기타,1x1,1,통과만,,,"작업칸 (0,0,-1)",,"WoodLog 150, Steel 1",200,,,Light,예,이 콜로니의 거래 규칙을 기록하여 적용합니다.지역마다 무역 보고 장치 또는 무역 보고장은 1개밖에 설치할 수 없습니다,2,"쇼핑 리스트, 목재",
대형 자동 수경재배기,large auto hydroponic,AutoHydroponic,Automatic Hydroponics,poncho.automatichydroponics,생산,3x3,9,가능,-1600 W,,"작업칸 (0,0,-2)","fabrication, hydroponics","Steel 800, ComponentIndustrial 8, ComponentSpacer 2",500,36000,0,Light,,"기계식 톱과 재배기를 사용하여 사람의 손길 없이 다양한 식물을 재배할 수 있는 대형 자동 수경재배 시스템입니다. 깊은 지하에서 성장하기 때문에 온도 변화와 독성에 강하며, 특수한 유전자 개조 덕분에 하루 24시간 내내 성장합니다. 대형 자동 수경재배기 하나는 일반 수경재배기 8대가 밤낮으로 작동하는 것과 같습니다.",,,
소형 자동 수경재배기,small auto hydroponic,SmallAutoHydroponic,Automatic Hydroponics,poncho.automatichydroponics,생산,2x2,4,가능,-800 W,,"작업칸 (0,0,-1)","fabrication, hydroponics","Steel 400, ComponentIndustrial 6, ComponentSpacer 1",250,18000,0,Light,,"기계식 톱과 재배기를 사용하여 사람의 손길 없이 다양한 식물을 재배할 수 있는 소형 자동 수경재배 시스템입니다. 깊은 지하에서 성장하기 때문에 온도 변화와 독성에 강하며, 특수한 유전자 개조 덕분에 하루 24시간 내내 성장합니다. 소형 자동 수경재배기 하나는 일반 수경재배기 4대가 밤낮으로 작동하는 것과 같습니다.",,,
교실 책상,school desk,SchoolDesk,Biotech DLC,ludeon.rimworld.biotech,가구,2x1,2,통과만,,,연결 가능 설비 1종,complex furniture,재질(Woody/Stony/Metallic) 30,75,750,0.5,Light,예,어른이 아이를 가르칠 수 있는 책상입니다.,,,
아기 잠자리,baby sleeping spot,BabySleepingSpot,Biotech DLC,ludeon.rimworld.biotech,가구,1x1,1,가능,,,침대,,,,0,,Light,,바닥에 아기를 둬야 하는 위치를 정합니다. 불편합니다.,,,
아기 장식,baby decoration,BabyDecoration,Biotech DLC,ludeon.rimworld.biotech,가구,1x1,1,통과만,,,,complex furniture,재질(Woody/Stony/Metallic) 60,30,800,,Light,예,유아를 위한 장식입니다. 성인이 아기와 놀아줄 때 놀이 욕구가 차는 속도를 향상합니다. 아이들의 놀이 구역에 배치하세요.,,,
아기 침대,crib,Crib,Biotech DLC,ludeon.rimworld.biotech,가구,1x1,1,통과만,,,연결 가능 설비 1종 / 침대,,재질(Metallic/Woody/Stony) 25,70,400,1,Light,예,안전 칸막이로 양옆을 막은 편안한 침대입니다. 졸린 아기에게 안성맞춤입니다. 높은 품질의 침대는 아기를 행복하게 해줍니다. 아기 침대는 한 방에 여러 개를 배치해도 방이 막사로 취급되지 않습니다.,,,
장난감 상자,toy box,ToyBox,Biotech DLC,ludeon.rimworld.biotech,가구,1x1,1,통과만,,,,complex furniture,재질(Woody/Stony/Metallic) 80,50,1200,,Light,예,다양하고 조그마한 장난감을 담은 상자입니다. 아기들과 놀아줄 때 사용할 수 있습니다.,,,
칠판,blackboard,Blackboard,Biotech DLC,ludeon.rimworld.biotech,가구,2x1,2,통과만,,,연결 설비 거리 6,complex furniture,재질(Woody/Stony) 15,60,1000,2,Light,예,분필로 글을 쓰기 위한 돌 같은 질감의 평평한 판입니다. 교실 책상 근처에 배치하면 수업 중 아이들의 학습 속도를 향상합니다. 한 번에 세 개의 칠판 효과를 받을 수 있습니다.,,,
독소탄 지뢰,IED tox trap,TrapIED_ToxGas,Biotech DLC,ludeon.rimworld.biotech,방어,1x1,1,가능,,,,IEDs,Shell_Toxic 2,40,1400,-4,Light,예,누군가 방아쇠를 건드리면 주위에 독소 가스를 발포합니다. 주변 지형에 숨겨야 하므로 다른 함정 옆에 배치할 수 없습니다. 광란에 빠지지 않은 동물들은 함정을 알아차리고 피해다닙니다.,,,
글루코소이드 펌프,glucosoid pump,GlucosoidPump,Biotech DLC,ludeon.rimworld.biotech,생명공학,1x2,2,통과만,-100 W,,연료 HemogenPack 5,deathrest,"Steel 150, ComponentIndustrial 6, HemogenPack 5",200,4000,,Light,예,이 장치를 사용하면 죽음안식이 완료된 후 죽음안식자가 더 빨리 이동할 수 있습니다. 근육 조직에서 노폐물을 청소하는 동안 여분의 근육 신호 인자로 몸을 자극합니다. 효과는 해당자가 다시 죽음안식을 취할 때까지 지속됩니다. 작동하려면 죽음안식 관에 연결되어야 합니다.\n\n이 장치는 작동할 때 혈액 정수를 소비합니다.,,,
대역폭 확장기,band node,BandNode,Biotech DLC,ludeon.rimworld.biotech,생명공학,2x2,4,통과만,-300 W,,,basic mechtech,"Steel 200, ComponentIndustrial 4",150,8000,,Light,,"메카노이드 대역 신호 증폭기입니다. 대역폭 확장기는 메카나이터 한 명에게 조율되어야 하며, 해당 메카나이터의 최대 대역폭을 1 확장시켜 더 많은 메카노이드를 통제할 수 있도록 합니다.\n\n대역폭 확장기를 건설한 후 첫 조율은 빠르게 가능하지만, 이미 조율한 확장기를 다른 메카나이터가 조율할 때는 훨씬 긴 시간이 필요합니다.",,,
대형 메카노이드 배양기,large mech gestator,LargeMechGestator,Biotech DLC,ludeon.rimworld.biotech,생명공학,4x3,12,통과만,-500 W,,"작업칸 (2,0,2)",standard mechtech,"Steel 300, ComponentIndustrial 6",350,16000,,Light,,"기계입자가 풍부한 액체를 담은 수조와, 수조에 재료와 영양분을 공급할 배관이 달려있는 장치입니다. 메카나이터는 배양기를 사용해서 새로운 메카노이드를 생성하거나 파괴된 메카노이드를 소생할 수 있습니다. 이 배양기는 중형, 대형, 초대형 메카노이드를 배양할 수 있습니다.\n\n메카노이드 배양에는 독한 화학물질이 필요하며 부산물은 독성 폐기물로 내부에 보관됩니다. 보관량에는 한계가 있으므로 폐기물",48,"사이클롭스, 아리사, 아르테미스, 이스코르카, 프리메라, 시스티, 파르바티, 리노아, 하베스터, 스트릭스, 트라이세라, 테크레기나, 린린, 포터라인, 미스티, 풀미나, 아주르트레일, 슈라이크, 페닉시아, 셰퍼디, 마젤란, 대거 레이븐, 솔티라이언, 솔티 버스터, 라이오네타, 서티폭스, 스틸비비안, 아우로라, 신더 채리엇, 스톰마리나, 팬텀세일, 세이렌, 파이크맨, 스코처, 사이더, 터널러, 랜서, 테서론, 리저너리, 센티피드 거너, 센티피드 버너, 센티피드 블래스터, 디아볼루스, 센추리온, 워 퀸, 중형 메카노이드 소생, 대형 메카",
대형 메카노이드 충전기,large mech recharger,StandardRecharger,Biotech DLC,ludeon.rimworld.biotech,생명공학,3x2,6,통과만,-400 W,,"작업칸 (0,0,2)",standard mechtech,"Steel 250, ComponentIndustrial 2",250,8000,,Light,,"중형, 대형, 초대형 메카노이드는 여기서 충전할 수 있습니다. 충전기는 충전 과정에서 독성 폐기물을 생성하고 내부에 보관합니다. 보관량에는 한계가 있으므로 폐기물은 계속 비워줘야 합니다.",,,
메카노이드 배양기,mech gestator,MechGestator,Biotech DLC,ludeon.rimworld.biotech,생명공학,3x2,6,통과만,-350 W,,"작업칸 (1,0,2)",basic mechtech,"Steel 150, ComponentIndustrial 3",250,8000,,Light,,"기계입자가 풍부한 액체를 담은 수조와, 수조에 재료와 영양분을 공급할 배관이 달려있는 장치입니다. 메카나이터는 배양기를 사용해서 새로운 메카노이드를 생성하거나 파괴된 메카노이드를 소생할 수 있습니다. 이 배양기는 기본 형태이며 소형 메카노이드만 배양할 수 있습니다.\n\n메카노이드 배양에는 독한 화학물질이 필요하며 부산물은 독성 폐기물로 내부에 보관됩니다. 보관량에는 한계가 있으므로 폐기물은",19,"콘스티, 스위피, 마유미, 바냐, 티키, 허니윙, 레이드레이븐, 댄디라이언, 비비안스폰, 그레이스, 해병 승무원, 밀리터, 리프터, 컨스트럭토이드, 아그리핸드, 클린스위퍼, 파브리코어, 파라메딕, 소형 메카노이드 소생",
메카노이드 증강기,mech booster,MechBooster,Biotech DLC,ludeon.rimworld.biotech,생명공학,2x2,4,통과만,-200 W,,,high mechtech,"Steel 100, ComponentIndustrial 4",150,8000,,Light,예,원격 출력 및 계산 향상 장치입니다. 영향 범위 내 아군 메카노이드는 더 빠르게 움직이고 작동합니다.,,,
메카노이드 충전기,mech recharger,BasicRecharger,Biotech DLC,ludeon.rimworld.biotech,생명공학,3x1,3,통과만,-200 W,,"작업칸 (0,0,1)",basic mechtech,"Steel 125, ComponentIndustrial 1",150,8000,,Light,,소형 메카노이드는 여기서 충전할 수 있습니다. 충전기는 충전 과정에서 독성 폐기물을 생성하고 내부에 보관합니다. 보관량에는 한계가 있으므로 폐기물은 계속 비워줘야 합니다.,,,
메카노이드 통신대역 안테나,mechband antenna,BurnoutMechlinkBooster,Biotech DLC,ludeon.rimworld.biotech,생명공학,2x1,2,통과만,,,,standard mechtech,"Steel 50, ComponentIndustrial 4",80,8000,,Light,,메카노이드 대역 신호장치입니다. 작동되었을 시 강력한 메카노이드 신호 파장을 내보내어 초중량 제어불가 메카노이드와 그 호위를 유인할 것입니다. 이들을 쓰러트린다면 그 잔해에서 특수한 부품을 회수할 수 있습니다. 신호 파장은 송신기를 태워버리므로 이 건물은 한 번만 사용할 수 있습니다.,,,
메카노이드 통신대역 접시안테나,mechband dish,MechbandDish,Biotech DLC,ludeon.rimworld.biotech,생명공학,2x2,4,통과만,,,,high mechtech,"Steel 75, Plasteel 25, ComponentSpacer 2",150,8000,,Light,,일반 메카노이드 통신대역 안테나보다 더 강력한 메카노이드 대역 신호장치입니다. 사용 시 초강력 메카노이드 신호 파장을 내뿜어 메카노이드 사령관을 호위와 함께 유인합니다. 이들을 쓰러트린다면 그 잔해에서 특수한 부품을 회수할 수 있습니다. 신호 파장은 송신기를 태워버리므로 이 건물은 한 번만 사용할 수 있습니다.,,,
사이코플루이드 펌프,psychofluid pump,PsychofluidPump,Biotech DLC,ludeon.rimworld.biotech,생명공학,1x2,2,통과만,-100 W,,연료 HemogenPack 5,deathrest,"Steel 50, Plasteel 100, ComponentIndustrial 6, HemogenPack 5",200,4000,,Light,예,이 장치는 신경 조직을 감각적으로 자극하여 죽음안식자의 초정신적 민감도를 향상시킵니다. 작동하려면 죽음안식 관에 연결해야 합니다.\n\n이 장치는 작동할 때 혈액정수를 소모합니다.,,,
서브코어 립스캐너,subcore ripscanner,SubcoreRipscanner,Biotech DLC,ludeon.rimworld.biotech,생명공학,3x2,6,통과만,-150 W,,"작업칸 (0,0,-1)",high mechtech,"Steel 200, Plasteel 150, ComponentIndustrial 6",250,1200,,Light,,"수천 개의 탐침 주사기와, 뇌를 통째로 증발시킬 수 있을 정도의 초고출력 스캐너로 구성된 장치입니다. 사람이 탑승하면 전신에 걸쳐 탐침을 피부 아래로 찌르고, 스캐너가 고출력 에너지를 조사하여 모든 반응을 기록합니다. 이 과정에서 탑승자의 뇌는 파괴됩니다. 의식의 립스캐닝을 통해 고등급 메카노이드 서브코어로 아날로그 전송 가능한 신경-정신 패턴을 얻을 수 있습니다.\n\n서브코어는 메카노이드",,,
서브코어 부호기,subcore encoder,SubcoreEncoder,Biotech DLC,ludeon.rimworld.biotech,생명공학,3x2,6,통과만,-50 W,,"작업칸 (0,0,-1)",basic mechtech,"Steel 100, ComponentIndustrial 3",200,8000,,Medium,예,"메카나이터가 기초 등급 서브코어를 제작할 수 있는 제작대입니다. 서브코어는 메카노이드의 뇌와 같고, 모든 메카노이드 생산에는 서브코어 하나가 필요합니다. 기초 서브코어는 단순한 기초 등급 메카노이드만 호환됩니다.\n\n고등급 서브코어는 서브코어 소프트스캐너와 서브코어 립스캐너에서 생산할 수 있습니다.",4,"기본 서브코어, 신경망, 소형 핵융합로, 스톰마린 서브코어",
서브코어 소프트스캐너,subcore softscanner,SubcoreSoftscanner,Biotech DLC,ludeon.rimworld.biotech,생명공학,3x2,6,통과만,-150 W,,"작업칸 (0,0,-1)",standard mechtech,"Steel 200, Plasteel 50, ComponentIndustrial 4",250,8000,,Light,,"수천 개의 미세한 탐침 주사기와 고출력 스캐너로 구성된 장치입니다. 사람이 탑승하면 탐침과 스캐너를 사용해 탑승자의 신경-정신 패턴을 기록하여 표준 메카노이드 서브코어에 아날로그로 전송합니다. 스캔 대상은 절차 완료 후 잠시 부작용을 겪지만 건강에는 문제가 없습니다.\n\n서브코어는 메카노이드의 뇌와 같고, 모든 메카노이드 생산에는 서브코어 하나가 필요합니다. 소프트스캐닝으로 제작한 표준 서",,,
성장 배양기,growth vat,GrowthVat,Biotech DLC,ludeon.rimworld.biotech,생명공학,1x2,2,통과만,-200 W,,"저장 / 작업칸 (0,0,-1)",growth vats,"Steel 150, ComponentIndustrial 4",500,8000,,Light,,"태아를 배양하거나 아이의 성장을 가속할 수 있는 액체가 담긴 수조입니다.\n\n성장 혹은 배양 시 이 기계는 꾸준한 양의 영양분을 보급받아 성장에 필요한 재료를 마련해 줘야 합니다. 태아 배양에는 성장 가속보다 두 배 많은 양의 양분이 요구됩니다.\n\n배아는 태아로 성장할 때까지 9일의 시간이 걸리며, 합병증의 위험이 있습니다.\n\n아이의 성장 가속은 18살까지만 가능하며, 아이의 기술이",,,
오염물질 펌프,pollution pump,PollutionPump,Biotech DLC,ludeon.rimworld.biotech,생명공학,1x1,1,통과만,-200 W,,,electricity,"Steel 75, ComponentIndustrial 1",200,4000,,Light,예,주변 오염을 서서히 정화하는 지하수 여과기가 달린 펌프입니다. 추출된 오염물질은 운반해 치워야 하는 독성 폐기물로 포장됩니다.,,,
유전자 저장고,gene bank,GeneBank,Biotech DLC,ludeon.rimworld.biotech,생명공학,2x1,2,통과만,-40 W,,연결 설비 거리 12.9,xenogenetics,"Steel 50, ComponentIndustrial 1",200,5000,,Light,예,"이 건물은 유전자 조합기 근처에 배치되었을 시, 변형이식체를 만드는 데 필요한 유전자묶음을 저장하고 제공합니다. 유전자 저장고가 더 많이 지어질수록 더 많은 양의 유전자묶음을 저장할 수 있습니다.\n\n전력이 공급된 동안 유전자 저장고는 유전자묶음의 부패를 방지하고 피해를 천천히 복구합니다.",,,
유전자 조합기,gene assembler,GeneAssembler,Biotech DLC,ludeon.rimworld.biotech,생명공학,3x2,6,통과만,-100 W,,"연결 가능 설비 2종 / 작업칸 (0, 0, 2)",xenogenetics,"Steel 200, ComponentIndustrial 4",500,12000,,Light,,근처의 유전자 저장고에 저장된 유전자묶음으로 삽입 가능한 변형이식체를 만드는데 필요한 작업대입니다. 변형이식체를 생성할 때 유전자묶음은 소비되지 않으며 재사용할 수 있습니다.,,,
유전자 처리기,gene processor,GeneProcessor,Biotech DLC,ludeon.rimworld.biotech,생명공학,2x2,4,통과만,-50 W,,연결 설비 거리 12.9,gene processor,"Steel 100, Plasteel 25, ComponentIndustrial 2",350,9000,,Light,,유전자 분석 및 처리 장치입니다. 유전자 조합기 근처에 배치하여 변형이식체 생성 시의 최대 복잡성을 늘릴 수 있습니다. 추가적인 유전자 처리기는 최대 복잡성을 더욱 높일 수 있습니다.,,,
유전자 추출기,gene extractor,GeneExtractor,Biotech DLC,ludeon.rimworld.biotech,생명공학,2x2,4,통과만,-200 W,,"작업칸 (1, 0, 2)",xenogenetics,"Steel 200, ComponentIndustrial 8",350,9000,,Light,,"사람의 유전자를 추출하여 유전자묶음을 만드는 자동 수술 기계입니다. 추출되는 유전자는 대상이 가지고 있는 변형인자나 생식성 유전자 중 무작위로 선택됩니다. 강제로도 이 기계를 사용하게 할 수 있지만, 대상은 좋아하지 않을 겁니다.\n\n유전자 추출은 대상에게 영구적 피해를 남기지는 않지만, 재성장이 끝나지 않은 상태에서 또다시 유전자 추출을 당하면 죽게 됩니다.\n\n초월입자 캡슐이 필요한 ",,,
죽음안식 가속기,deathrest accelerator,DeathrestAccelerator,Biotech DLC,ludeon.rimworld.biotech,생명공학,1x2,2,통과만,-800 W,,,deathrest,"Steel 300, ComponentIndustrial 4",200,4000,,Light,예,이 장치를 죽음안식자에 연결하면 죽음안식을 더 빨리 완료합니다. 더 정밀한 혈액 분석과 더 강력한 화학 약물을 사용하여 죽음안식 관의 효과를 향상시킵니다. 작동하려면 죽음안식 관에 연결해야 합니다.,,,
죽음안식 관,deathrest casket,DeathrestCasket,Biotech DLC,ludeon.rimworld.biotech,생명공학,1x2,2,통과만,-100 W,,침대,deathrest,"Steel 100, ComponentIndustrial 3",200,2500,5,Light,예,"죽음안식 과정을 가속화하는 밀폐된 의료 상자입니다. 죽음안식에 추가 이득을 제공하는 다른 장치를 연결할 수 있습니다. 연결할 수 있는 장치의 수는 사용자의 죽음안식 수용량에 따라 다르며, 선택하여 확인할 수 있습니다.\n\n죽음안식 유전자를 가진 사람만 죽음안식 관을 사용할 수 있습니다.",,,
폐기물 원자분해기,wastepack atomizer,WastepackAtomizer,Biotech DLC,ludeon.rimworld.biotech,생명공학,3x2,6,통과만,-400 W,,"작업칸 (0, 0, -1)",wastepack atomizer,"Steel 200, Plasteel 50, NanostructuringChip 1",500,30000,,Light,,고급 분자 공정을 사용하여 독성 폐기물을 불활성 가스로 분해하는 번화계 기계장치입니다. 분해과정에는 상당량의 전력이 필요합니다.,,,
혈액 펌프,hemopump,Hemopump,Biotech DLC,ludeon.rimworld.biotech,생명공학,1x2,2,통과만,-100 W,,연료 HemogenPack 5,deathrest,"Steel 100, ComponentIndustrial 4, HemogenPack 5",200,5000,,Light,예,혈액 펌프는 죽음안식 중인 사람이 체내에 저장할 수 있는 혈액정수의 양을 증가시킵니다. 작동하려면 죽음안식 관에 연결해야 합니다.\n\n이 장치는 작동할 때 혈액정수를 소모합니다.,,,
혈액정수 증폭기,hemogen amplifier,HemogenAmplifier,Biotech DLC,ludeon.rimworld.biotech,생명공학,1x2,2,통과만,-100 W,,연료 HemogenPack 5,deathrest,"Steel 200, ComponentIndustrial 4, HemogenPack 5",200,5000,,Light,예,"이 장치는 죽음안식자를 혈액정수 증폭 상태로 만들어 혈액 정수 공급원에서 보다 많은 혈액정수를 얻습니다. 내분비샘 탐침과 혈액 분석기를 이용, 죽음안식자와 연결하여 혈액 정수샘을 보다 활동적인 상태로 자극합니다. 작동하려면 죽음안식 관에 연결해야 합니다.\n\n이 장치는 작동할 때 혈액정수를 소비합니다.",,,
독소 발전기,toxifier generator,ToxifierGenerator,Biotech DLC,ludeon.rimworld.biotech,전력,2x2,4,불가,+1400 W 발전,,설치조건: InvalidOverSubstructure,toxifier generator,"Steel 125, ComponentIndustrial 3",300,8000,,Light,,주변 범위 내 지형을 서서히 오염시켜 전력을 생산하는 발전기입니다. 범위 내 모든 지형이 오염되면 전력 생산을 멈춥니다.,,,
초중량 기관포 포탑,ultra-heavy autocannon turret,BrrtTurret,Brrrt,hol.brrt,방어,5x5,25,통과만,-3000 W,,연료 Steel 1150,"gun turrets, multibarrel weapons","재질(Metallic) 200, Steel 2500, ComponentIndustrial 10, ComponentSpacer 10",6000,65000,-1,Heavy,,"An automatic, ultra-heavy autocannon turret originally designed as an anti-tank weapon. May explode when damaged.",,,
초중량 기관포 포탑 (소이),ultra-heavy autocannon turret (incendiary),BrrtTurretFlam,Brrrt,hol.brrt,방어,5x5,25,통과만,-3000 W,,연료 Chemfuel 1150,"gun turrets, multibarrel weapons","재질(Metallic) 200, Steel 2500, ComponentIndustrial 10, ComponentSpacer 10",6000,65000,-1,Heavy,,"An automatic, ultra-heavy autocannon turret originally designed as an anti-tank weapon. May explode when damaged.",,,
2x2 적재함,2x2 cargo hold,jdgg_n2x2CargoHold,Cargo Holds,jdgg.adaptive.cargoholds,저장고,4x2,8,가능,,,저장 칸당 3묶음 / 설치조건: OnSubstructure,"complex furniture, machining",재질(Metallic) 350,1500,25000,0,Heavy,,"냉장 기능이 없는 적재함으로, 대량 운송에 적합합니다. 물품을 안전하게 바닥 아래에 보관합니다. \n\n적재량: 24 스택",,,
2x2 적재함(대량),2x2 cargo hold(bulk),jdgg_2x2CargoHold,Cargo Holds,jdgg.adaptive.cargoholds,저장고,2x2,4,가능,,,저장 칸당 50묶음 / 설치조건: OnSubstructure,"complex furniture, machining",재질(Metallic) 500,1500,25000,0,Heavy,,"냉장 기능이 없는 적재함으로, 대량 운송에 적합합니다. 물품을 안전하게 바닥 아래에 보관합니다. \n\n적재량: 200 스택",,,
3x3 적재함,3x3 cargo hold,jdgg_n3x3CargoHold,Cargo Holds,jdgg.adaptive.cargoholds,저장고,5x3,15,가능,,,저장 칸당 3묶음 / 설치조건: OnSubstructure,"complex furniture, machining",재질(Metallic) 500,1500,25000,0,Heavy,,"냉장 기능이 없는 적재함으로, 대량 운송에 적합합니다. 물품을 안전하게 바닥 아래에 보관합니다. \n\n적재량: 45 스택",,,
냉장 적재함,refrigerated cargo hold,jdgg_nRefCargoHold,Cargo Holds,jdgg.adaptive.cargoholds,저장고,3x2,6,가능,-200 W,,저장 칸당 3묶음 / 설치조건: OnSubstructure,"complex furniture, machining","재질(Metallic) 180, ComponentIndustrial 3",1200,18000,0,Heavy,,"냉장 기능이 있는 적재함으로, 소형 우주선에 적합합니다. 물품을 안전하게 바닥 아래에 보관합니다. 냉장을 유지하려면 300W의 전력이 필요합니다. \n\n적재량: 18 스택",,,
냉장 적재함(대량),refrigerated cargo hold(bulk),jdgg_RefCargoHold,Cargo Holds,jdgg.adaptive.cargoholds,저장고,1x2,2,가능,-300 W,,저장 칸당 50묶음,"complex furniture, machining","재질(Metallic) 250, ComponentIndustrial 5",1200,18000,0,Heavy,,"냉장 기능이 있는 적재함으로, 소형 우주선에 적합합니다. 물품을 안전하게 바닥 아래에 보관합니다. 냉장을 유지하려면 300W의 전력이 필요합니다. \n\n적재량: 100 스택",,,
대형 적재함,massive cargo hold,jdgg_nMassCargoHold,Cargo Holds,jdgg.adaptive.cargoholds,저장고,5x5,25,가능,,,저장 칸당 3묶음 / 설치조건: OnSubstructure,"complex furniture, machining","Steel 800, Plasteel 100",3000,50000,0,Heavy,,"매우 큰 냉장 기능 없는 적재함으로, 대량 운송에 적합합니다. 물품을 안전하게 바닥 아래에 보관합니다. \n\n적재량: 75 스택",,,
대형 적재함 (장식),massive cargo hold (Dynamic),jdgg_XMCH,Cargo Holds,jdgg.adaptive.cargoholds,저장고,5x5,25,가능,,,저장 칸당 3묶음 / 설치조건: OnSubstructure,"complex furniture, machining","Steel 700, Plasteel 100",3000,50000,0,Heavy,,"(장식용) 대형 적재함으로, 대량 운송에 적합합니다. 물품을 안전하게 바닥 아래에 보관합니다. “다이내믹” 버전은 적재한 물품이 보이는 형태입니다. \n\n적재량: 75 스택",,,
대형 적재함 (진공),massive cargo hold (DynaVac),jdgg_XMCHVB,Cargo Holds,jdgg.adaptive.cargoholds,저장고,5x5,25,통과만,,,조명 반경 6 / 저장 칸당 3묶음 / 설치조건: OnSubstructure,"complex furniture, machining, orbital tech","Steel 700, Plasteel 100, BlocksVacstone 50",3000,50000,0,Heavy,,"(장식용) 노출형 대형 적재함으로, 대량 운송에 적합합니다. 물품을 장벽 내부에 안전하게 보관하며 압력을 유지합니다. 이 버전은 진공 장벽 기술을 사용합니다. \n\n적재량: 75 스택",,,
대형 적재함(대량),massive cargo hold(bulk),jdgg_MassCargoHold,Cargo Holds,jdgg.adaptive.cargoholds,저장고,5x5,25,가능,,,저장 칸당 40묶음 / 설치조건: OnSubstructure,"complex furniture, machining","Steel 1000, Plasteel 200",3000,50000,0,Heavy,,"매우 큰 냉장 기능 없는 적재함으로, 대량 운송에 적합합니다. 물품을 안전하게 바닥 아래에 보관합니다. \n\n적재량: 1000 스택",,,
소형 적재함,small cargo compartment,jdgg_SmCargoComp,Cargo Holds,jdgg.adaptive.cargoholds,저장고,3x1,3,가능,,,저장 칸당 3묶음,"complex furniture, machining",재질(Metallic) 80,800,10000,0,Heavy,,"냉장 기능이 없는 소형 적재함으로, 소형 우주선에 적합합니다. 물품을 안전하게 바닥 아래에 보관합니다. \n\n적재량: 9 스택",,,
소형 적재함(대량),small cargo compartment(bulk),jdgg_SqCargoHold,Cargo Holds,jdgg.adaptive.cargoholds,저장고,1x1,1,가능,,,저장 칸당 50묶음,"complex furniture, machining",재질(Metallic) 150,800,10000,0,Heavy,,"냉장 기능이 없는 소형 적재함으로, 소형 우주선에 적합합니다. 물품을 안전하게 바닥 아래에 보관합니다. \n\n적재량: 50 스택",,,
적재함,cargo hold,jdgg_nCargoHold,Cargo Holds,jdgg.adaptive.cargoholds,저장고,3x2,6,가능,,,저장 칸당 3묶음,"complex furniture, machining",재질(Metallic) 180,1200,15000,0,Heavy,,"냉장 기능이 없는 적재함으로, 소형 우주선에 적합합니다. 물품을 안전하게 바닥 아래에 보관합니다. \n\n적재량: 18 스택",,,
적재함(대량),cargo hold(bulk),jdgg_CargoHold,Cargo Holds,jdgg.adaptive.cargoholds,저장고,1x2,2,가능,,,저장 칸당 50묶음,"complex furniture, machining",재질(Metallic) 250,1200,15000,0,Heavy,,"냉장 기능이 없는 적재함으로, 소형 우주선에 적합합니다. 물품을 안전하게 바닥 아래에 보관합니다. \n\n적재량: 100 스택",,,
//양자 연산기·엔트로피//,//Primordial Axis·Entropy//,CMC_CommConsole,CeleTech Arsenal MKIII,tot.celetech.mkiii,셀레테크,2x2,4,통과만,-400 W,,연결 설비 [ResearchSpeedFactor 0.25],microelectronics,"Steel 40, Plasteel 40, ComponentIndustrial 10, ComponentSpacer 2, Silver 30, Gold 10",260,8000,,Light,예,"하도와 낙서의 원리를 담아 주조한 장치로, 청동 혼천의를 닮은 외형 안에 구장산술의 이치를 품고 있습니다. 핵심 AI ""엔트로피""는 아직 잠들어 있지만, 천체 항법과 초장거리 통신 기능은 완벽히 작동합니다. 괘가 회전하면 함교는 하나의 소우주가 되어, 전장의 정보가 순식간에 대륙을 가로지릅니다.",,,
2연장 저격 무기 스테이션,QS weapon station-LRSS,CMC_CSGTurret_B,CeleTech Arsenal MKIII,tot.celetech.mkiii,셀레테크,1x1,1,가능,-550 W,,연료 Steel 40,Advanced Defense Protocol,"Steel 120, Plasteel 50, ComponentIndustrial 4, ComponentSpacer 1",600,,,Light,예,"""Qingshuang-B""는 원거리 대인 전투용 무장 모드입니다. 2연장 스마트 저격탄을 발사해 적을 자동 추적하고 두 표적을 동시에 공격합니다.",,,
CMC 나노 CNC 작업대,CMC workbench,CMC_TableMachining,CeleTech Arsenal MKIII,tot.celetech.mkiii,셀레테크,3x2,6,통과만,-800 W,,"연결 가능 설비 2종 / 연결 가능 설비 2종 / 작업칸 (0,0,-1)",Advanced CNC Platform,"Steel 200, ComponentIndustrial 8, ComponentSpacer 2",2500,11451,,Medium,예,"나노급 위치 결정 시스템과 적응형 가공 알고리즘을 적용한 모듈식 지능형 CNC 공작기계로, 미세 센서와 복합 세라믹 총열 같은 정밀 무기 부품을 생산합니다.",52,"표준 탄약 보급품, 표준 폭발물 보급품, CN-01 ""Dubhe"" 칩, CN-02 ""Merak"" 칩, CN-03 ""Phecda"" 칩, CN-04 ""Megrez"" 칩, CN-05 ""Alioth"" 칩, CN-06 ""Mizar"" 칩, CN-07 ""Alkaid"" 칩, QTS-214 OICW, QTS-301 OICW, QBU-131 저격소총, QBZ-105R 돌격소총, QBB-105R 경기관총, <color=#CEEAED>AR-105R ""Jiuying"" 돌격소총</color>, QBZ-231R 돌격소총, <color=#CEEAED>AR-23",
CMC 종합 공구함,CMC cabinet,CMCCabinet,CeleTech Arsenal MKIII,tot.celetech.mkiii,셀레테크,2x2,4,가능,-50 W,,연결 설비 [WorkTableWorkSpeedFactor 0.15],Heavy Casting Platform,"Steel 200, ComponentIndustrial 1, ComponentSpacer 1",1000,19198,,Light,,"CMC 계열 작업대와 함께 사용하도록 설계된 모듈식 공구함입니다. 고급 정비 도구, 예비 마이크로칩, 홀로그램 설계도 데이터 단말기를 보관하여 인접한 작업대의 작업 효율을 높입니다.",,,
CMC 주조 가공대,CMC facbrication bench,CMC_FacBench,CeleTech Arsenal MKIII,tot.celetech.mkiii,셀레테크,5x2,10,통과만,-1200 W,,"연결 가능 설비 2종 / 연결 가능 설비 2종 / 작업칸 (0,0,-1)",Heavy Casting Platform,"Steel 300, ComponentIndustrial 10, ComponentSpacer 3",2500,11451,,Medium,예,고온 플라즈마 용광로와 3차원 성형 기술을 통합한 산업용 대형 단조 설비입니다. 미사일 추진 구획과 복합 장갑판 같은 대형 군용 부품을 주조합니다.,27,"QF-M 퍼널 기반 모듈, 표준 탄약 보급품, 표준 폭발물 보급품, 돌격 사격 통제 칩, 탄도 연산 칩, 보조 전자기 가속 레일, 초능력 공명기, 고급 프리즘 모듈, BD-01Y 기본형 동력 갑옷, BD-02Y 중장형 동력 갑옷, BD-01X 범용 동력 헬멧, BD-02X 중장형 동력 헬멧, BD-03X AR 전술 고글, BD-03C 기계 제어 AR 고글, BD-03S 나노 전투복, BD-03Y 광학 위장 코트, BX-02 보호막 벨트, BX-01 이온 보호막 벨트, BB-01Z 펄스 제트팩, CEF 개인 데이터 단말기, BRF-X",
FLS-03 거점 방공 체계,SAM turret,CMC_SAML,CeleTech Arsenal MKIII,tot.celetech.mkiii,셀레테크,3x3,9,통과만,-3300 W,,연료 ComponentIndustrial 54,"AI Cooperative Guidance, Heavy Fortifications","Steel 1200, Plasteel 320, ComponentIndustrial 8, ComponentSpacer 10",4000,8000,-20,Heavy,,"FLS-03 ""Xuanfeng""은 26연장 FK-60 발사대를 사용하는 단거리 고정식 방공 체계입니다. 외부 방공 레이더에 의존해 표적 배정과 사격 통제를 수행하며, 미사일 1발의 고속 표적 정면 요격률은 약 35%입니다. 고기동 비행체를 요격하는 데 효과적인 고과부하 추력 편향 미사일을 사용합니다. 다만 재장전 시간이 길고 사격 채널이 제한되어 포화 공격에는 효과적으로 대응할 수 없습니다.",,,
HPJ-06 45mm 전자기포,"""Longyuan Thundercore"" EML turret",CMC_EMcannon,CeleTech Arsenal MKIII,tot.celetech.mkiii,셀레테크,3x3,9,통과만,-1500 W,,연료 Steel 100 / 연결 가능 설비 1종,"autocannon turret, Heavy Fortifications","Steel 510, Plasteel 200, ComponentIndustrial 8, ComponentSpacer 6",1200,8000,-20,Heavy,,"HPJ-06형 45mm 자동 전자기포 ""Longyuan·Leishu""는 대구경 투사체로 원거리 표적에 큰 피해를 주며, 명중 시 EMP 효과를 일으킵니다.",,,
HPJ-1X 130mm 전자기 함포,"""Longyuan Thunderstrike""130mm EML",CMC_EMcannon_Huge,CeleTech Arsenal MKIII,tot.celetech.mkiii,셀레테크,5x5,25,통과만,-10000 W,,연료 CMC_300mmEMLShell 12,"uranium slug turret, Destroyer-Class Armaments","Steel 6000, Plasteel 2500, ComponentIndustrial 75, ComponentSpacer 45",12000,8000,-20,Heavy,,"성간 상선과 구축함의 표준 무장인 HPJ-1X형 130mm 전자기 함포 ""Longyuan·Zhenhai""입니다. 마하 30급 유도 포탄은 중장갑 표적을 즉시 파괴하고, 높은 초속 덕분에 포탄을 저궤도로 쏘아 대륙간 타격도 할 수 있습니다. 하지만 함재용 대형 축전기가 없어 발사 속도와 포탑 선회 속도는 크게 제한됩니다.",,,
HPJ-L01 M급 입자 랜스,HPJ-L01 Megawatt Particle Lance,CMC_Lasercannon,CeleTech Arsenal MKIII,tot.celetech.mkiii,셀레테크,2x2,4,통과만,-2000 W,,,"Advanced Defense Protocol, Thermoelectric Circulation Unit","Steel 500, Plasteel 180, ComponentIndustrial 12, ComponentSpacer 4",400,9000,-20,Heavy,,고에너지 입자 빔 무기를 장착한 이 포탑은 집중된 입자 광선을 발사해 근거리 표적에 막대한 피해를 줍니다.,,,
HPJ-L12 G급 입자 랜스,HPJ-L21 Gigawatt Particle Lance,CMC_Lasercannon_B,CeleTech Arsenal MKIII,tot.celetech.mkiii,셀레테크,5x5,25,통과만,-20000 W,,,"Destroyer-Class Armaments, Thermoelectric Circulation Unit","Steel 6000, Plasteel 2500, ComponentIndustrial 75, ComponentSpacer 45",2400,9000,-20,Heavy,,"보통 성간 구축함에 쓰이는 고에너지 입자 빔 무기입니다. 대기권 안에서는 최대 출력 효율을 내지 못하지만, 내장 방열 체계 덕분에 저출력 모드에서 거의 과열되지 않습니다.\n\n현재 표적을 파괴한 뒤 인접 표적을 쓸어 범위 피해를 줍니다.",,,
I.T.C.V.S. 온도 조절 환기 시스템,I.T.C.V.S.,CMC_WallTempController,CeleTech Arsenal MKIII,tot.celetech.mkiii,셀레테크,1x1,1,가능,-240 W,,조명 반경 3 / 온도조절 0,microelectronics,"Steel 15, Plasteel 30, ComponentIndustrial 3, ComponentSpacer 1, Silver 50",300,330,,,예,"양자 엔트로피 조절 코어를 통합한 3세대 우주급 온도 조절 장치입니다. 상변화 나노유체 기술로 ±0.1°C의 분자 수준 정밀 온도 제어를 달성하며, 주변 온도가 -100°C에서 100°C 사이를 벗어나면 공진 공동이 연쇄 반응을 막기 위해 자폭 절차를 시작합니다.",,,
근거리 스마트 산탄 무기 스테이션,QS weapon station-CAP,CMC_CSGTurret,CeleTech Arsenal MKIII,tot.celetech.mkiii,셀레테크,1x1,1,가능,-550 W,,연료 Steel 360,Advanced Defense Protocol,"Steel 120, Plasteel 50, ComponentIndustrial 4, ComponentSpacer 1",600,,,Light,예,"""Qingshuang-A""는 근거리 대인 전투용 무장 모드입니다. 스마트 산탄을 발사해 적을 자동 추적하고 여러 표적을 동시에 공격합니다.",,,
기관총 무기 스테이션,QS weapon station-LMG,CMC_CSGTurret_C,CeleTech Arsenal MKIII,tot.celetech.mkiii,셀레테크,1x1,1,가능,-550 W,,연료 Steel 180,Advanced Defense Protocol,"Steel 120, Plasteel 50, ComponentIndustrial 4, ComponentSpacer 1",600,,,Light,예,"""Qingshuang-C""는 범용 전투용 무장 모드입니다. 소구경 기관총탄을 발사합니다.",,,
대형 위상 배열 레이더,Kunlun Giant Radar Array,CMC_CICAESA_Radar,CeleTech Arsenal MKIII,tot.celetech.mkiii,셀레테크,7x7,49,통과만,-8000 W,,,"Vacuum Zero-Point Energy, Heavy Fortifications","Steel 3000, Plasteel 2000, ComponentIndustrial 60, ComponentSpacer 30, Silver 300, Gold 50",3000,399999,,Heavy,,"""Kunlun""은 거대한 위상 배열 레이더 시설로, 적이 기지를 정밀 조준하는 것을 방해하는 한편 아군 미사일의 대공·대지 공격을 유도합니다.\n\n건설 시 효과:\n- 적이 지도 중앙으로 강하하는 것을 막습니다.\n- 지도 전역 대전차 미사일 포탑의 자동 사격을 해금합니다.\n- 지도 전역 대공 미사일이 적의 폭발성·고각 투사체를 능동적으로 요격하도록 유도합니다.\n- 일정 범위 안의 거점",,,
무기 개조 작업대,weapon modification bench,CMC_WeaponModificationBench,CeleTech Arsenal MKIII,tot.celetech.mkiii,셀레테크,2x2,4,통과만,-75 W,,,Crystalline Weapon Coating,"Steel 100, ComponentIndustrial 6",180,2500,,Light,,기존 총기의 맞춤 개조를 전담하는 작업대입니다. 정밀 교정 장치와 부속품 인터페이스 도구를 갖춰 숙련된 제작자가 무기 성능을 조정하거나 전술 부속품을 장착해 다양한 전투 요구에 맞출 수 있습니다.,,,
부속품 상자,accessory cabinet,CMC_AccessoryCabinet,CeleTech Arsenal MKIII,tot.celetech.mkiii,셀레테크,2x1,2,통과만,,,저장 칸당 1묶음,Basic Weapon Accessories,"Steel 60, ComponentIndustrial 1",150,800,2,Light,예,"무기 부속품을 보관하는 특수 공구함으로, 12.9칸 이내의 무기 개조 작업대에서 사용할 수 있습니다.",,,
사격 통제 레이더,Taihang Fire Control Radar,CMC_FCradar,CeleTech Arsenal MKIII,tot.celetech.mkiii,셀레테크,2x2,4,통과만,-200 W,,연결 설비 [ShootingAccuracyTurret 0.25] 거리 29,Heavy Fortifications,"Steel 100, Plasteel 80, ComponentIndustrial 4, ComponentSpacer 1",750,8000,,Light,예,"""Taihang""은 주변 포탑에 데이터 링크를 제공해 사격 정확도를 크게 높이는 양면 능동 위상 배열 레이더입니다.",,,
성간 화물 플랫폼,CAG stellar cargo platform,CMC_LandPlatform,CeleTech Arsenal MKIII,tot.celetech.mkiii,셀레테크,5x5,25,가능,-200 W,,,Automated Orbital Trading,"Steel 1000, Plasteel 100, ComponentIndustrial 10",15000,8000,,Light,,셀레스티얼 장인 길드(CAG) 무인 성간 무역망을 위한 표준 착륙장입니다. 자동 유도 표지와 완충 역장 발생기를 갖춰 극한의 행성 환경에서도 셔틀의 정확한 착륙과 신속한 화물 하역을 보장합니다.\n\n▲ 핵심 운용 절차 ▲\n- 착륙 구역은 지정 범위 안에서 완전히 비어 있어야 합니다.\n- 여유 공간 조건을 충족하지 못하면 셔틀이 자동 회피 절차를 실행해 귀환합니다.\n\n※ 경고: 낮은 ,,,
소형 지열 발전기,CMC geothermal generator,CMC_AdvancedGeothermalGenerator,CeleTech Arsenal MKIII,tot.celetech.mkiii,셀레테크,4x4,16,불가,+4500 W 발전,,"설치조건: OnSteamGeyser,InvalidOverSubstructure","geothermal power, Fission Reaction Groups","Steel 400, ComponentIndustrial 10, ComponentSpacer 1",2500,80000,10,Heavy,,구조를 최적화해 효율을 조금 높이고 점유 면적을 약간 줄인 지열 발전기입니다.,,,
속사 기관포탑,“Qinggang Barragefire” EM cannon turret,CMCcannon,CeleTech Arsenal MKIII,tot.celetech.mkiii,셀레테크,3x3,9,통과만,-1050 W,,연료 Steel 360 / 연결 가능 설비 1종,"autocannon turret, Heavy Fortifications","Steel 500, Plasteel 180, ComponentIndustrial 12, ComponentSpacer 4",900,9000,-20,Heavy,,"""Qinggang·Liaoyuan""은 대구경 고연사 기관포탑입니다. 포탑 장갑은 소구경 무기와 폭발로 받는 피해를 어느 정도 줄여 줍니다.",,,
스마트 저격 포탑,30mm sniper EML,CMC_Svcannon,CeleTech Arsenal MKIII,tot.celetech.mkiii,셀레테크,2x2,4,통과만,-1050 W,,연료 Steel 360,"Advanced Defense Protocol, Dynamic Path Calculation","Steel 500, Plasteel 180, ComponentIndustrial 12, ComponentSpacer 4",400,9000,-20,Heavy,,프록시마 센타우리 대학교가 개발한 첨단 광전·적외선 센서를 장착한 스마트 저격 포탑입니다. 적을 추적하고 보호막을 관통하는 대구경 스마트 기관포탄을 발사합니다.,,,
승강식 기관포,pop-up twin 30mm railgun turret,CMC_ReinforcedBunker_R,CeleTech Arsenal MKIII,tot.celetech.mkiii,셀레테크,3x3,9,통과만,-200 W,,연료 Steel 2000 / 연결 가능 설비 1종,Electromagnetic Elevator,"Steel 500, Plasteel 50, ComponentIndustrial 5, ComponentSpacer 1, Uranium 20",10000,12000,,Heavy,,"승강식 2연장 30mm 전자기 기관포입니다. 내려가 있을 때는 적의 표적이 되지 않으며, 올라가면 최우선 표적이 됩니다. 올리고 내리는 동안에는 더 취약합니다.",,,
승강식 유탄포,pop-up AGS turret,CMC_ReinforcedBunkerAGS_R,CeleTech Arsenal MKIII,tot.celetech.mkiii,셀레테크,3x3,9,통과만,-200 W,,연료 Steel 2000,Electromagnetic Elevator,"Steel 500, Plasteel 50, ComponentIndustrial 5, ComponentSpacer 1, Uranium 20",10000,12000,,Heavy,,"승강식 45mm 고속 유탄 발사기입니다. 내려가 있을 때는 적의 표적이 되지 않으며, 올라가면 최우선 표적이 됩니다. 올리고 내리는 동안에는 더 취약합니다.",,,
승강식 중기관총 벙커,pop-up HMG bastion,CMC_ReinforcedBunker,CeleTech Arsenal MKIII,tot.celetech.mkiii,셀레테크,3x3,9,통과만,-200 W,,연료 Steel 2000 / 연결 가능 설비 1종,Electromagnetic Elevator,"Steel 800, Plasteel 150, ComponentIndustrial 5, ComponentSpacer 1, Uranium 120",10000,12000,,Heavy,,"승강식 중기관총 벙커 ""Xuanwu·Yuanjia""는 내려가 있을 때는 적의 표적이 되지 않으며, 올라가면 다른 포탑과 정착민보다 우선 표적이 됩니다. 표면의 중장갑은 받는 피해를 크게 줄여 주지만, 올리고 내리는 동안에는 더 취약합니다.",,,
승강식 화염방사 벙커,"""Xuanwu Abyssal"" flame bastion",CMC_ReinforcedBunker_Fire,CeleTech Arsenal MKIII,tot.celetech.mkiii,셀레테크,3x3,9,통과만,-720 W,,연료 Steel 500,Electromagnetic Elevator,"Steel 500, Plasteel 50, ComponentIndustrial 5, ComponentSpacer 1, Uranium 20",10000,12000,,Heavy,,"승강식 화염방사 벙커 ""Xuanwu·Yuanjia""는 내려가 있을 때는 적의 표적이 되지 않으며, 올라가면 최우선 표적이 됩니다. 표면의 중장갑은 받는 피해를 크게 줄여 주지만, 올리고 내리는 동안에는 더 취약합니다.",,,
신경 증폭기,neural booster,CMC_AoEbooster,CeleTech Arsenal MKIII,tot.celetech.mkiii,셀레테크,1x1,1,통과만,-200 W,,조명 반경 3,Heavy Casting Platform,"Steel 40, Plasteel 100, ComponentIndustrial 10, ComponentSpacer 2, Silver 10, Gold 3",150,8000,,Light,예,주변 모든 생물의 의식과 이동 속도를 높이는 원격 신경 증폭기입니다.,,,
양자 통신탑,long-range quantum communication tower,CMC_CommTower,CeleTech Arsenal MKIII,tot.celetech.mkiii,셀레테크,2x2,4,통과만,-1000 W,,설치조건: NotUnderRoof,Automated Orbital Trading,"Steel 160, ComponentIndustrial 2",1500,18000,,Light,,"양자 얽힘을 기반으로 한 성간 통신 노드입니다. ""Tianji"" 양자 통신 코어는 행성의 곡률과 물리적 장애물을 무시하고 행성 표면과 심우주 사이의 정보를 즉시 동기화합니다. 이 기술은 셀레스티얼 장인 길드(CAG)의 궤도 상선, 성간 구축함, 지상 기지 사이의 통신을 유지합니다.\n\n건설하면 CAG 무역 함대와 통신해 자율 무역 셔틀의 파견이나 보안 서비스 구매를 요청할 수 있습니다.",,,
영점 반응로,ZP-reactor group,CMC_ZPReactor_Large,CeleTech Arsenal MKIII,tot.celetech.mkiii,셀레테크,3x3,9,통과만,+80000 W 발전,,,Vacuum Zero-Point Energy,"Steel 2000, Plasteel 1000, ComponentIndustrial 80, ComponentSpacer 60, Silver 300, Gold 80",3000,399999,,Heavy,,"""Taixu""는 카시미르 효과로 진공에서 에너지를 추출하는 안전하고 효율적인 영점 반응로입니다.",,,
원격 기분 관리 시스템,CeleTech mood booster,CMC_DECO_WIFI,CeleTech Arsenal MKIII,tot.celetech.mkiii,셀레테크,1x1,1,통과만,-150 W,,,Heavy Casting Platform,"Steel 40, Plasteel 100, ComponentIndustrial 10, ComponentSpacer 2, Silver 10, Gold 3",200,7500,72,Light,예,주변 인간의 기분을 높이는 전파 송신기입니다.,,,
자동화 허브,CMC-DFY automation hub,CMC_ManagedWorkTable,CeleTech Arsenal MKIII,tot.celetech.mkiii,셀레테크,3x3,9,가능,-1200 W,,,Heavy Casting Platform,"Steel 240, Plasteel 120, ComponentIndustrial 6, ComponentSpacer 4",1500,8000,,Heavy,,1x1 자동화 관리 허브입니다. CMC 작업대 가까이에 두면 계획서를 자동 인수해 재료를 허브로 나르고 자동 가공한 뒤 결과물을 바닥에 놓습니다. 관리자(정착민 또는 AI)를 고를 수 있습니다. 속도 보너스는 전력 소모를 늘리고 품질 보정은 방어구와 무기에만 적용됩니다.,,,
전자기 근접방어 체계,4*30mm EM-CIWS,CMCcannon_BF,CeleTech Arsenal MKIII,tot.celetech.mkiii,셀레테크,5x5,25,통과만,-1050 W,,연료 Steel 1200 / 연결 가능 설비 1종,"Destroyer-Class Armaments, Neural Link Targeting","Steel 900, Plasteel 230, ComponentIndustrial 12, ComponentSpacer 8",1500,9000,-20,Heavy,,"""Yitian""은 고속 표적을 추적할 수 있는 4연장 30mm 전자기 근접방어 체계입니다.",,,
중량급 미사일 발사탑,"""Chunjun Armorrend"" ATGM turret",CMCML,CeleTech Arsenal MKIII,tot.celetech.mkiii,셀레테크,3x3,9,통과만,-3300 W,,연료 CMC_MissileShell 6,"AI Cooperative Guidance, Heavy Fortifications","Steel 1200, Plasteel 320, ComponentIndustrial 8, ComponentSpacer 10",4000,8000,-20,Heavy,,"""Chunjun·Guanjia""는 6연장 미사일 포탑입니다. 복합 유도 방식의 HJ-50 중량급 대전차 미사일을 장비해, 레이더 유도로 자동 표적 탐색하거나 수동으로 조준할 수 있습니다.\n\n장전 완료 상태에서 파괴되면 넓은 범위의 유폭이 일어납니다.\n\n이 무기는 분리 유도식 집속 탄두를 장착했습니다. 탄체는 명중 전에 여러 고폭 대인 자탄을 방출해 사전 성형 파편으로 범위 내 무방비 ",,,
집속 로켓 발사탑,"""Ganjiang Infernowave""rocket launcher",CMC_RocketswarmLauncher,CeleTech Arsenal MKIII,tot.celetech.mkiii,셀레테크,3x3,9,통과만,-1500 W,,연료 CMC_RocketShell 36,"rocketswarm launcher, Heavy Fortifications","Plasteel 20, Steel 200, ComponentIndustrial 2, Chemfuel 180",3200,10000,20,Heavy,,"""Ganjiang·Fenyun""은 고폭 로켓 4발을 한꺼번에 발사하는 고정식 발사 장치입니다. 로켓은 포물선 탄도로 장애물 너머 표적을 공격하지만, 유도 체계가 없어 원거리 명중률이 낮습니다. 집단 표적을 상대로 한 지역 포화 폭격에 권장됩니다.\n\n이 무기는 분리 유도식 집속 탄두를 장착했습니다. 탄체는 명중 전에 여러 고폭 대인 자탄을 방출해 사전 성형 파편으로 범위 내 무방비 표적을 ",,,
퍼널 프로그래밍 단말,funnel programmer,CMC_FunnelProgrammer,CeleTech Arsenal MKIII,tot.celetech.mkiii,셀레테크,1x1,1,통과만,-250 W,,"작업칸 (0,0,-1)",Funnel System Engineering,"Steel 80, Plasteel 20, ComponentIndustrial 4",150,4000,,Light,,퍼널에 전투 AI를 기록하는 양자 프로그래밍 장치입니다. 퍼널 배치 시스템을 장착한 정착민을 선택한 뒤 이 단말기를 오른쪽 클릭하면 퍼널 설정 메뉴를 열 수 있습니다.,,,
편향 보호막 생성기,force field generator,CMCShieldGenerator,CeleTech Arsenal MKIII,tot.celetech.mkiii,셀레테크,3x3,9,통과만,-4090 W,,보호막,Advanced Force-Field Generators,"Steel 300, Plasteel 700, ComponentSpacer 10, Silver 100, Gold 20, Uranium 100",6000,70000,,Heavy,예,"""Tianluo""는 반발력장을 투사해 날아오는 거의 모든 투사체를 막는 고급 편향 보호막 생성기입니다. 다만 고속 투사체와 레이저 무기는 보호막을 관통할 수 있습니다.",,,
프리즘 탑,“Chengying Lightweaver” prism tower,CMC_LaserSniperTower,CeleTech Arsenal MKIII,tot.celetech.mkiii,셀레테크,1x1,1,가능,-5500 W,,,"Advanced Defense Protocol, Thermoelectric Circulation Unit","Steel 250, Plasteel 150, ComponentIndustrial 5, ComponentSpacer 2, Uranium 20, Silver 50",1000,12000,,Light,,"""Chengying·Liuguang""은 주변 다른 프리즘 탑의 에너지를 받아 공격력을 두 배로 높일 수 있는 고층 자동 방어 시설입니다.",,,
함재 4면 위상 배열 레이더,Emei Shipborne Quad-Phased Array Radar,CMC_CICAESA_Radar_Small,CeleTech Arsenal MKIII,tot.celetech.mkiii,셀레테크,3x3,9,불가,-16000 W,,,Heavy Fortifications,"Steel 900, Plasteel 1600, ComponentIndustrial 30, ComponentSpacer 5",800,19999,,Heavy,,"""Emei""는 아군 미사일의 대공·대지 공격을 유도하는 소형 위상 배열 레이더로, 많은 전력을 소비합니다.\n\n건설 시 효과:\n- 지도 전역 대전차 미사일 포탑의 자동 사격을 해금합니다.\n- 지도 전역 대공 미사일이 적의 폭발성·고각 투사체를 능동적으로 요격하도록 유도합니다.\n- 일정 범위 안의 거점을 조명해 궤도포 공격을 유도합니다.",,,
홀로그램 전투 지휘 통제 콘솔,CIC Bench,CMC_CommandBench,CeleTech Arsenal MKIII,tot.celetech.mkiii,셀레테크,4x3,12,통과만,-800 W,,,Heavy Casting Platform,"Steel 40, Plasteel 100, ComponentIndustrial 10, ComponentSpacer 2, Silver 10, Gold 3",650,21000,,Light,예,현재는 장식물일 뿐입니다.\n\n애니메이션은 GPU에서 실행되어 TPS에 영향을 주지 않습니다.,,,
홀로그램 통신 화면,trade console,TradeInfoConsole,CeleTech Arsenal MKIII,tot.celetech.mkiii,셀레테크,2x1,2,통과만,-200 W,,조명 반경 3,microelectronics,"Steel 80, ComponentIndustrial 2",80,4000,,Light,,.,,,
휴대용 핵전지,P.F.R.,CMCPowerCellSmall,CeleTech Arsenal MKIII,tot.celetech.mkiii,셀레테크,1x1,1,통과만,+9000 W 발전,,연료 Uranium 120.0,Fission Reaction Groups,"Steel 150, ComponentIndustrial 4, ComponentSpacer 1, Silver 20",800,12000,,Light,예,우라늄을 연료로 쓰는 휴대용 핵분열 반응로입니다. 손상되면 큰 폭발을 일으킬 수 있습니다.,,,
LRSD-30 아음속 교란기,LRSD-30 Subsonic Disruptor,Building_FBS,CeleTech Subsonic Disruptor,tot.celetech.sub.fbs,방어,2x2,4,통과만,+3350 W 발전,,,multi-analyzer,"Steel 40, Plasteel 100, ComponentIndustrial 10, ComponentSpacer 2, Silver 10, Gold 3",200,11400,-20,Light,,Developed by IRA's Extraterrestrial Biohazard Division under CAG commission. This geological resonance system provides early-stage biological countermeasures for frontier colonies. Emits 19Hz low-frequency waves into sub,,,
AI 관리자,AI manager,CM_AIManager,Colony Manager Redux,ilyvion.colonymanagerredux,생산,2x2,4,통과만,-750 W,,조명 반경 1 / 열 3/초,advanced managing software,"Plasteel 75, Silver 5, AIPersonaCore 1",100,5000,,Medium,예,An enormous supercomputer capable of automously managing your colony. Claims that the AI has a malevolent psychopath subroutine are entirely false. We promise.,,,
관리 장소,managing spot,CMR_ManagingSpot,Colony Manager Redux,ilyvion.colonymanagerredux,생산,1x1,1,가능,,,"연결 가능 설비 1종 / 작업칸 (0,0,-1)",managing spot,,,0,,Light,,"A workplace for a manager, lacking the necessary tools and thus operating very inefficiently.",,,
관리자 책상,manager desk,CM_ManagerStation,Colony Manager Redux,ilyvion.colonymanagerredux,생산,3x1,3,통과만,-100 W,,"연결 가능 설비 1종 / 작업칸 (0,0,-1)",basic managing software,"재질(Metallic/Woody/Stony) 100, Steel 50, Silver 1",180,3000,,Medium,예,A desk with a computer and all the stationary required to allow a manager to do his work efficiently.,,,
기본 관리자 책상,basic manager desk,CM_BasicManagerStation,Colony Manager Redux,ilyvion.colonymanagerredux,생산,3x1,3,통과만,,,"연결 가능 설비 1종 / 작업칸 (0,0,-1)",simple managing desk,재질(Metallic/Woody/Stony) 75,180,2000,,Medium,예,A simple table with all the stationary required to allow a manager to do his work.,,,
관리자 데이터베이스,manager database,CM_ManagerDatabase,Colony Manager Redux,ilyvion.colonymanagerredux,중력부양선,2x2,4,통과만,,중력선 부품[ManagerDatabase] 엔진 거리≤500 최대 1개,설치조건: OnSubstructure,"basic gravtech, basic managing software","Steel 200, ComponentIndustrial 5",400,3000,-10,Heavy,예,A database that takes your colony's management jobs along when switching maps using a gravship.,,,
지형 탐색기,terrain scanner,CO_TerrainScanner,Complementary Odyssey,mrhydralisk.complementaryodyssey,기타,2x2,4,통과만,-300 W,,"작업칸 (0,0,2)","ground-penetrating scanner, long-range mineral scanner, standard gravtech","Steel 100, ComponentIndustrial 3, ComponentSpacer 1",150,8000,-8,Heavy,예,"주변 암석 지층 속의 광물 위치를 탐지하기 위해 사용하는 센서 장치입니다. 지역 전체를 스캔하는 데 걸리는 시간은 운영자의 연구 능력에 따라 달라집니다. 자원을 발견하면, 바위를 채굴해서 해당 지점까지 도달해야 합니다.",,,
건초 (압축),compressed hay,CO_CompressedHay,Complementary Odyssey,mrhydralisk.complementaryodyssey,바닥,1x1,1,가능,,,,"hydroponics, moisture pump","Steel 2, Hay 18",80,5000,,Light,,"건초를 푹신하게 깐 후, 짓눌러 압축합니다. 시간이 지나면 압축된 건초가 미생물에 분해되어 새로운 인공 토양이 됩니다.",,,
접이식 태양광 발전기,roll out solar array,CO_SolarArrayGenerator,Complementary Odyssey,mrhydralisk.complementaryodyssey,전력,1x1,1,가능,,,,"solar panel, standard gravtech","Steel 150, ComponentSpacer 1",180,4500,,,예,"작은 벽걸이 발전 장치로, 햇빛을 이용해 전기를 생산합니다. 필요할 때 태양광 패널을 펼쳤다가 다시 접을 수 있습니다. 어두운 곳이나 인공 조명 아래에서는 작동하지 않으며, 궤도에서는 효율이 더 높습니다.",,,
격벽,vac door,CO_VacDoor,Complementary Odyssey,mrhydralisk.complementaryodyssey,중력부양선,1x1,1,가능,-100 W,,,"autodoor, orbital tech, advanced gravtech","재질(Metallic/Woody/Stony) 35, Steel 80, ComponentIndustrial 4, GravlitePanel 2",230,3500,,Heavy,,"자동문과 진공 장벽의 장점만을 합친, 우주 공간에서 산소 누출을 방지하는 강력한 자동 밀폐문입니다. 내부에는 감압을 막는 초음파 장벽이 형성되어 있어, 문턱 근처의 공기 분자를 압축해 기체가 빠져나가는 것을 막으면서도 허가된 사람만 자유롭게 통과할 수 있습니다.\n\n문이 열려 있을 때 감압을 방지하려면 전력이 공급되어야 합니다. 전력이 공급된 상태에서는 문 통과 시 이동속도 감소가 적거나 ",,,
격벽 (2x1),vac double door,CO_VacDoorDouble,Complementary Odyssey,mrhydralisk.complementaryodyssey,중력부양선,2x1,2,가능,-200 W,,,"autodoor, orbital tech, advanced gravtech","재질(Metallic/Woody/Stony) 70, Steel 160, ComponentIndustrial 8, GravlitePanel 4",460,7000,,Heavy,,"자동문과 진공 장벽의 장점만을 합친, 우주 공간에서 산소 누출을 방지하는 강력한 자동 밀폐문입니다. 내부에는 감압을 막는 초음파 장벽이 형성되어 있어, 문턱 근처의 공기 분자를 압축해 기체가 빠져나가는 것을 막으면서도 허가된 사람만 자유롭게 통과할 수 있습니다.\n\n문이 열려 있을 때 감압을 방지하려면 전력이 공급되어야 합니다. 전력이 공급된 상태에서는 문 통과 시 이동속도 감소가 적거나 ",,,
격벽 (3x1),vac triple door,CO_VacDoorTriple,Complementary Odyssey,mrhydralisk.complementaryodyssey,중력부양선,3x1,3,가능,-300 W,,,"autodoor, orbital tech, advanced gravtech","재질(Metallic/Woody/Stony) 105, Steel 240, ComponentIndustrial 12, GravlitePanel 6",690,10500,,Heavy,,"자동문과 진공 장벽의 장점만을 합친, 우주 공간에서 산소 누출을 방지하는 강력한 자동 밀폐문입니다. 내부에는 감압을 막는 초음파 장벽이 형성되어 있어, 문턱 근처의 공기 분자를 압축해 기체가 빠져나가는 것을 막으면서도 허가된 사람만 자유롭게 통과할 수 있습니다.\n\n문이 열려 있을 때 감압을 방지하려면 전력이 공급되어야 합니다. 전력이 공급된 상태에서는 문 통과 시 이동속도 감소가 적거나 ",,,
벽 진공 장벽 투사기,vac barrier projector on wall,CO_VacBarrierProjectorWall,Complementary Odyssey,mrhydralisk.complementaryodyssey,중력부양선,1x1,1,가능,,,,"orbital tech, advanced gravtech","Steel 90, BlocksVacstone 20, ComponentSpacer 1, GravlitePanel 8",160,7200,,,예,"진공 지붕에 초음파 방벽을 투사하는 벽에 설치된 장치입니다. 초음파 방벽으로 보호 중인 진공 지붕은 감압을 방지하고, 날씨 및 온도 변화로부터 실내를 보호하며, 빛과 물체가 자유롭게 통과할 수 있습니다. 최대 16개의 진공 지붕에 효력을 미치며, 투사 크기와 위치는 설치 후에도 자유롭게 조절 가능합니다.",,,
브릿지 트랙터,extendable bridge,CO_ExtBridge,Complementary Odyssey,mrhydralisk.complementaryodyssey,중력부양선,1x1,1,가능,-120 W,,,"heavy bridges, standard gravtech","Steel 60, ComponentIndustrial 4, GravlitePanel 15",210,9000,,Light,,한 방향으로 간이 브릿지를 신축/수축할 수 있는 견인 트랙터입니다. 필요할 때 최대 15칸까지 플랫폼을 펼치고 접을 수 있을 수 있습니다.,,,
이중 추진기,twin thruster,CO_TwinThruster,Complementary Odyssey,mrhydralisk.complementaryodyssey,중력부양선,3x3,9,불가,,"추진기 GravshipRange 32, 뒤 금지구역 (3, 0, 10)",설치조건: GravshipThruster,advanced gravtech,"Steel 440, BlocksVacstone 150, ComponentSpacer 7",1000,19600,-10,Substructure,예,내열성 진공암 내벽재가 적용된 고급 화학연료 이중 추진기입니다. 중력부양선의 비행 거리를 매우 크게 늘려줍니다. 추진기 설치에는 큰 건물과 중력부양선 하부구조가 없는 빈 공간이 필요합니다.\n\n궤도 소행성에서 얻을 수 있는 진공암 석재가 필요합니다.\n\n중력부양선에는 최대 2개의 이중 추진기를 설치할 수 있습니다.,,,
진공 장벽 투사기,vac barrier projector,CO_VacBarrierProjector,Complementary Odyssey,mrhydralisk.complementaryodyssey,중력부양선,1x1,1,통과만,,,,"orbital tech, advanced gravtech","Steel 140, BlocksVacstone 30, ComponentSpacer 1, GravlitePanel 13",250,11200,,Light,예,"진공 지붕에 초음파 방벽을 투사하는 장치입니다. 초음파 방벽으로 보호 중인 진공 지붕은 감압을 방지하고, 날씨 및 온도 변화로부터 실내를 보호하며, 빛과 물체가 자유롭게 통과할 수 있습니다. 최대 25개의 진공 지붕에 효력을 미치며, 투사 크기와 위치는 설치 후에도 자유롭게 조절 가능합니다.",,,
진공 지붕,vac roof,CO_VacRoofFraming,Complementary Odyssey,mrhydralisk.complementaryodyssey,중력부양선,1x1,1,가능,,,,"orbital tech, advanced gravtech","GravlitePanel 1, Plasteel 4, BlocksVacstone 10",,1250,,Light,,"초음파 방벽을 받아들일 수 있는 전용 지붕 프레임입니다. 진공 장벽 투사기로 초음파 방벽을 받으면 기체의 대류를 막습니다. 투사기 없이는 그냥 뻥 뚫린 프레임일 뿐입니다.\n\n감압을 방지하려면 전력이 공급되는 진공 장벽 투사기가 필요합니다. 날씨 효과와 온도 변화를 막으면서도, 빛과 물체가 자유롭게 통과할 수 있습니다.",,,
컨버터블,roof retractor,CO_RoofRetractor,Complementary Odyssey,mrhydralisk.complementaryodyssey,중력부양선,1x1,1,가능,-15 W,,,standard gravtech,"Steel 30, ComponentIndustrial 1",60,2500,,Light,,"벽과 천장의 접합부에 설치되는 간단한 지붕 개폐 장치입니다. 한 방향으로 설치된 지붕 타일을 접고, 필요할 때 다시 펼 수 있습니다. 직선으로 최대 15개의 지붕 타일을 접어둘 수 있습니다.",,,
공허 탐색자,void seeker,VoidSeeker_DP2Unofficial,Dragonian Prime Race2.0 (Unofficial),eggbed.dragonianraceprime2.0unofficial,기타,1x1,1,통과만,,,연료 WoolDragonian_DP2Unofficial 50.0,multi-analyzer,"Plasteel 75, ComponentIndustrial 8, WoolDragonian_DP2Unofficial 100",262144,10000,,Light,예,Immediately finishes the current anomaly research project(s) at the cost of Dragonian wool.,,,
복제기,duplicator,Duplicator_DP2Unofficial,Dragonian Prime Race2.0 (Unofficial),eggbed.dragonianraceprime2.0unofficial,기타,1x1,1,통과만,,,연료 WoolDragonian_DP2Unofficial 50.0 / 저장 칸당 1묶음,advanced fabrication,"Plasteel 75, ComponentSpacer 8, WoolDragonian_DP2Unofficial 100",524288,250,0.5,Light,예,Items stored on top of this thing will be duplicated at the cost of Dragonian wool. Comes with a built-in power generator immune to solar flare. Only works when fully fueled. It may fail to produce a product or things ne,,,
분해기,deconstructor,Deconstructor_DP2Unofficial,Dragonian Prime Race2.0 (Unofficial),eggbed.dragonianraceprime2.0unofficial,기타,1x1,1,통과만,,,연료 WoolDragonian_DP2Unofficial 50.0,multi-analyzer,"Plasteel 75, ComponentIndustrial 8, WoolDragonian_DP2Unofficial 100",262144,10000,,Light,예,"Remotely deconstructs things and removes floors at the cost of Dragonian wool. You need to first designate things to deconstruct or floors to remove with ""deconstruct"" or ""remove floor"" orders from ""Architect"" tab. Only ",,,
장거리 광물 채굴기,long-range mineral miner,LongRangeMineralMiner_DP2Unofficial,Dragonian Prime Race2.0 (Unofficial),eggbed.dragonianraceprime2.0unofficial,기타,3x3,9,통과만,-1600 W,,"작업칸 (0,0,2)",long-range mineral scanner,"Plasteel 225, ComponentIndustrial 8, WoolDragonian_DP2Unofficial 100",1048576,10000,8,Light,예,A sensor unit used by researchers to detect a specific type of mineral. The chance to find a resource depends on the operator's research ability and the amount of resources found depends on their mining yield. This sort ,,,
오로라 핵,Aurora core,EccentricAuroraCore,Eccentric Tech - Core,aelanna.eccentrictech.core,기타,2x2,4,통과만,-250 W,,연결 설비 [ResearchSpeedFactor 0.1],aurora core,"Steel 50, Plasteel 50, Gold 10, ComponentSpacer 2, AIPersonaCore 1",200,10000,,Medium,예,"오로라의 인공자아 핵을 재구성한 AI 본체입니다. 그것은 편심사의 첨단 기술의 암호화된 데이터베이스를 포함하며, 첨단 연구 작업대에 연결되면 편심사 기술을 복제 및 생산할 수 있습니다.",,,
나노 제작기,nanofabricator,EccentricNanofabricator,Eccentric Tech - Core,aelanna.eccentrictech.core,생산,3x2,6,통과만,-400 W,,"작업칸 (0,0,-1)",nanofabrication,"Steel 200, Plasteel 100, ComponentSpacer 2",350,7500,,Heavy,예,편심 재료 생산을 위한 고급 제작대입니다.,2,"나노직물, 고밀도 육각 셀",
나노 조립기,nanoassembler,EccentricNanoassembler,Eccentric Tech - Core,aelanna.eccentrictech.core,생산,3x2,6,통과만,-600 W,,"작업칸 (0,0,-1)",nanofabrication,"Steel 250, Plasteel 150, ComponentSpacer 2",500,10000,,Heavy,예,"편심 무기, 스마트 의류 및 장비를 조립하기 위한 고급 제작대입니다.",8,"고 에너지 쉴드 코어, M36 PGM (고폭탄), M38 PGM (소이탄), M39 PGM (EMP탄), M48 PGM (대전차 고폭탄), M56 PGM (번아웃 쉴드탄), M61 PGM (반물질탄), 원격 포격 지시기",
M51 차지 오토캐논 함포,M51 charge autocannon turret,Eccentric_Turret_M51AC,Eccentric Tech - Defense Grid,aelanna.eccentrictech.defensegrid,방어,2x2,4,통과만,-600 W,,연료 Plasteel 120 / 설치조건: OnSubstructure,networked turrets,"Steel 250, Plasteel 100, ComponentIndustrial 8",500,10000,-5,Heavy,,"M51 함포는 군용 우주함에서 사용되는 함선 장착형 쌍열 차지샷 자동포입니다. 강력하고 견고하지만, 중력부양선 하부구조 위에만 설치할 수 있으며 방어망 콘솔을 통한 외부 제어가 필수적입니다.\n\n공급망에 연결되어 있다면 네트워크에 저장된 물품을 이용해 자동으로 탄약을 보충할 수 있습니다.",,,
M64 레일건 함포,M64 railgun turret,Eccentric_Turret_M64RG,Eccentric Tech - Defense Grid,aelanna.eccentrictech.defensegrid,방어,2x2,4,통과만,-800 W,,연료 Uranium 30 / 설치조건: OnSubstructure,networked turrets,"Steel 250, Plasteel 50, Uranium 60, ComponentIndustrial 8",500,10000,-5,Heavy,,"M64 함포는 군용 우주함에서 사용되는 함선 장착형 레일건으로, 소형 대함 무기로 설계되었습니다. 강력하고 견고하지만, 중력부양선 하부구조 위에만 설치할 수 있으며 방어망 콘솔을 통한 외부 제어가 필수적입니다.\n\n공급망에 연결되어 있다면 네트워크에 저장된 물품을 이용해 자동으로 탄약을 보충할 수 있습니다.",,,
근접 센서 타워,proximity sensor tower,Eccentric_ArtillerySensorTower,Eccentric Tech - Defense Grid,aelanna.eccentrictech.defensegrid,방어,1x1,1,통과만,-250 W,,,networked artillery,"Steel 100, Plasteel 10, ComponentIndustrial 2",150,2500,-5,Medium,,방어망 네트워크에 연결하면 유도탄을 원격으로 조준할 수 있는 정교한 센서 제품입니다. 연결된 네트워크의 미사일 런처는 중앙 콘솔에서 센서 타워 범위 내에 있는 표적을 향해 직접 발사할 수 있습니다.,,,
방어망 도관,defense grid conduit,Eccentric_DefenseConduit,Eccentric Tech - Defense Grid,aelanna.eccentrictech.defensegrid,방어,1x1,1,가능,,,,networked defenses,"Plasteel 5, Chemfuel 1",100,60,-2,Light,,군용 쉴드와 무기 시스템을 연결하는 데 사용되는 고 에너지 전력 링크와 냉각수 파이프라인이 포함된 정교한 도관입니다.\n\n벽이나 다른 건물 아래에 설치할 수 있습니다.,,,
방어망 콘솔,defense grid console,Eccentric_DefenseGridConsole,Eccentric Tech - Defense Grid,aelanna.eccentrictech.defensegrid,방어,1x1,1,통과만,,,"작업칸 (0,0,-1)",networked defenses,"Steel 50, Plasteel 20, ComponentIndustrial 1, ComponentSpacer 1",100,2500,-5,Medium,,연결된 방어망 네트워크를 직접 제어할 수 있는 콘솔입니다. 원격으로 포격 지정을 하려면 콘솔에 사람이 있어야 합니다.,,,
수직 미사일 런처,vertical missile launcher,Eccentric_ArtilleryVerticalMissileLauncher,Eccentric Tech - Defense Grid,aelanna.eccentrictech.defensegrid,방어,2x2,4,통과만,-250 W,,,networked artillery,"Steel 150, Plasteel 50, ComponentIndustrial 4",400,5000,-5,Medium,,"군용 우주선에 사용되는 유닛을 기반으로 한 소형 수직 미사일 런처로, 원격으로 발사할 수 있으며 다양한 네트워크 장치에서 단말기 유도를 받을 수 있습니다. 엔진이 점화되기 전에 미사일을 발사하는 소프트 발사 시스템을 사용하여 발사기의 손상을 최소화하고 신속하게 재장전할 수 있습니다.",,,
숨겨진 방어망 도관,hidden defense grid conduit,Eccentric_DefenseConduitUnderground,Eccentric Tech - Defense Grid,aelanna.eccentrictech.defensegrid,방어,1x1,1,가능,,,,networked defenses,"Plasteel 5, Chemfuel 1, Steel 3",150,300,0,Light,,"군용 쉴드와 무기 시스템을 연결하는 데 사용되는 고 에너지 전력 링크와 냉각수 파이프라인이 포함된 정교한 도관입니다.\n\n이 도관은 지하에 매설되기 때문에 건설에 더 많은 작업과 자재가 필요하지만, 도관이 손상되지 않도록 보호하고 주변을 덜 어수선하게 만듭니다.",,,
쉴드 방열판,shield heatsink,Eccentric_ShieldHeatsink,Eccentric Tech - Defense Grid,aelanna.eccentrictech.defensegrid,방어,2x2,4,통과만,,,,networked shields,"Steel 100, ComponentIndustrial 2",200,2500,-5,Medium,,네트워크로 연결된 쉴드 제너레이터의 열을 방출하는 데 사용되는 대용량 방열판입니다.\n\n열을 받으려면 방어망 도관을 통해 쉴드 제너레이터에 연결해야 합니다.,,,
쉴드 제너레이터,shield generator,Eccentric_ShieldGenerator,Eccentric Tech - Defense Grid,aelanna.eccentrictech.defensegrid,방어,3x3,9,통과만,-800 W,,조명 반경 5,networked shields,"Steel 100, Plasteel 100, ComponentSpacer 2, Eccentric_HighEnergyShieldCore 1",300,5000,-5,Medium,,"연결된 프로젝터와 함께 작동하도록 설계된 군용 중앙 집중식 쉴드 발생 장치입니다.\n\n이 장치는 자체적으로 발사체를 요격할 수 없으며, 방어망 네트워크를 통해 쉴드 프로젝터와 쉴드 커패시터에 연결해야 합니다. 또한 발사체를 요격하면 많은 양의 열이 발생하므로 방열판을 통해 열을 방출해야 합니다.",,,
쉴드 커패시터,shield capacitor,Eccentric_ShieldCapacitor,Eccentric Tech - Defense Grid,aelanna.eccentrictech.defensegrid,방어,2x2,4,통과만,-400 W,,,networked shields,"Steel 100, ComponentIndustrial 2",200,2500,-5,Medium,,"네트워크 쉴드 제너레이터에 전원을 공급하는 데 사용되는 고 에너지 커패시터입니다.\n\n충전하려면 전원에 직접 연결해야 하며, 전원이 공급되지 않으면 빠르게 방전됩니다.",,,
쉴드 프로젝터,shield projector,Eccentric_ShieldProjector,Eccentric Tech - Defense Grid,aelanna.eccentrictech.defensegrid,방어,2x2,4,통과만,,,조명 반경 4,networked shields,"Steel 50, Plasteel 20, Gold 1, ComponentSpacer 1",300,2500,-5,Medium,,"넓은 지역을 보호하기 위해 서로 연결하여 사용할 수 있도록 설계된 쉴드 프로젝터입니다.\n\n쉴드 프로젝터에 직접 전원을 공급할 필요는 없지만, 활성화된 쉴드 제너레이터와 쉴드 커패시터가 있는 방어망 네트워크에 연결해야 작동합니다. 또한 발사체를 차단하면 많은 양의 열이 발생하므로 방열판을 통해 열을 방출해야 합니다.",,,
쉴드 프로젝터 (3x3 광역),shield projector (3x3 wide-area),Eccentric_ShieldProjector3x3Wide,Eccentric Tech - Defense Grid,aelanna.eccentrictech.defensegrid,방어,3x3,9,통과만,,,조명 반경 8,networked shields,"Steel 100, Plasteel 50, Gold 2, ComponentSpacer 2, Eccentric_HighEnergyShieldCore 1",400,5000,-5,Medium,,"넓은 지역을 보호하기 위해 서로 연결하여 사용할 수 있도록 설계된 쉴드 프로젝터입니다.\n\n쉴드 프로젝터에 직접 전원을 공급할 필요는 없지만, 활성화된 쉴드 제너레이터와 쉴드 커패시터가 있는 방어망 네트워크에 연결해야 작동합니다. 또한 발사체를 차단하면 많은 양의 열이 발생하므로 방열판을 통해 열을 방출해야 합니다.\n\n이 프로젝터는 훨씬 더 넓은 영역을 보호할 수 있지만, 자체적인 쉴드",,,
쉴드 프로젝터 (광역),shield projector (wide-area),Eccentric_ShieldProjectorWide,Eccentric Tech - Defense Grid,aelanna.eccentrictech.defensegrid,방어,2x2,4,통과만,,,조명 반경 8,networked shields,"Steel 100, Plasteel 50, Gold 2, ComponentSpacer 2, Eccentric_HighEnergyShieldCore 1",400,5000,-5,Medium,,"넓은 지역을 보호하기 위해 서로 연결하여 사용할 수 있도록 설계된 쉴드 프로젝터입니다.\n\n쉴드 프로젝터에 직접 전원을 공급할 필요는 없지만, 활성화된 쉴드 제너레이터와 쉴드 커패시터가 있는 방어망 네트워크에 연결해야 작동합니다. 또한 발사체를 차단하면 많은 양의 열이 발생하므로 방열판을 통해 열을 방출해야 합니다.\n\n이 프로젝터는 훨씬 더 넓은 영역을 보호할 수 있지만, 자체적인 쉴드",,,
원격 포탑 컨트롤러,remote turret controller,Eccentric_DefenseTurretController,Eccentric Tech - Defense Grid,aelanna.eccentrictech.defensegrid,방어,1x1,1,가능,,,,networked defenses,"Steel 60, ComponentIndustrial 2",100,2500,-5,Medium,,방어망 콘솔을 통해 유인 포탑을 원격으로 제어할 수 있는 인터페이스입니다. 한 명의 정착민이 하나의 콘솔에서 네트워크에 연결된 모든 유인 포탑을 제어할 수 있습니다.,,,
3D 프린터,3D printer,HobbesLink_3DPrinter,Even More Linkables Reupload,hobbes.bamba.evenmorelinkables16,기타,1x1,1,통과만,-435 W,,연결 설비 [WorkTableWorkSpeedFactor 0.50],automated fabrication links,"Steel 120, Plasteel 20, ComponentSpacer 4, ComponentIndustrial 8",150,5000,,Light,예,작업대에 인접해서 배치하면 연결된 작업대의 작업 속도가 50% 증가합니다. 하나의 작업대에 최대 2개까지 연결이 가능합니다.\n\n디지털 모델을 바탕으로 재료를 층층이 쌓아 실제 물체를 만들어 내는 3D 프린터입니다. 제작 속도를 끌어올려 귀중한 시간을 아껴 줍니다.,,,
CNC 머신,CNC machine,HobbesLink_CNCMachine,Even More Linkables Reupload,hobbes.bamba.evenmorelinkables16,기타,2x1,2,통과만,-300 W,,연결 설비 [WorkTableWorkSpeedFactor 0.50],precision machining networks,"Steel 320, ComponentIndustrial 8",400,3600,,Light,예,"작업대에 인접해서 배치하면 연결된 작업대의 작업 속도가 50% 증가합니다. 하나의 작업대에 최대 1개까지 연결이 가능합니다.\n\n최신 기술이 집약된 CNC(컴퓨터 수치 제어) 기계입니다. 컴퓨터의 정밀도로 공구와 부품을 다루어, 작업에 필요한 정교한 부품을 깎아냅니다.",,,
개인용 컴퓨터,personal computer,HobbesLink_PersonalComputer,Even More Linkables Reupload,hobbes.bamba.evenmorelinkables16,기타,1x1,1,통과만,-25 W,,연결 설비 [ResearchSpeedFactor 0.15],lab electronics integration,"Steel 90, ComponentIndustrial 3, ComponentSpacer 1",100,1200,,Light,예,"작업대에 인접해서 배치하면 연구 속도가 15% 증가합니다. 하나의 작업대에 최대 3개까지 연결이 가능합니다.\n\n개인이 쓰도록 설계된 개인용 컴퓨터(PC)로, 정착지에 두루 쓸모가 있습니다. 넉넉한 CPU 성능과 메모리, 저장 공간을 갖춰 개인의 온갖 필요를 채워 주는 필수 도구입니다.",,,
공업 선반,lathe,HobbesLink_Lathe,Even More Linkables Reupload,hobbes.bamba.evenmorelinkables16,기타,2x1,2,통과만,-300 W,,연결 설비 [WorkTableWorkSpeedFactor 0.30] 거리 4,workshop ergonomics,"Steel 220, ComponentIndustrial 5",100,3600,,Light,예,"연결된 작업대의 작업 속도가 30% 증가합니다. 하나의 작업대에 최대 1개까지 연결이 가능합니다.\n\n작업장의 든든한 동반자인 선반입니다. 공작물을 손쉽게 회전시켜 절삭과 단면 가공, 드릴링, 널링, 나사내기를 정밀하게 해냅니다.",,,
교류 발전기,alternator,HobbesLink_Alternator,Even More Linkables Reupload,hobbes.bamba.evenmorelinkables16,기타,1x1,1,통과만,,,연결 설비 [PowerOutputFactor 0.2] 거리 8,grid conditioning,"Steel 140, ComponentIndustrial 3",100,1200,,Light,예,전력 출력이 20% 증가합니다. 하나의 발전기에 최대 2개까지 연결이 가능합니다.\n\n기계 에너지를 설비에 꼭 필요한 교류(AC) 전력으로 매끄럽게 바꿔 주는 발전 장치입니다.,,,
냉각 모듈,cooling module,HobbesLink_CoolingModule,Even More Linkables Reupload,hobbes.bamba.evenmorelinkables16,기타,2x1,2,통과만,,,연결 설비 [PowerOutputFactor 0.4] 거리 8,thermal power management,"Steel 220, ComponentIndustrial 4",100,1200,,Light,예,"전력 출력이 40% 증가합니다. 하나의 발전기에 최대 2개까지 연결이 가능합니다.\n\n발전소용 냉각 모듈입니다. 뜨거운 물이나 증기를 효율적으로 식혀 다시 쓸 수 있는 물로 응축시킵니다. 폐열을 알맞게 다스려 최적 온도를 유지하고, 발전소가 매끄럽게 돌아가게 합니다.",,,
냉각탑,cooling tower,HobbesLink_CoolingTower,Even More Linkables Reupload,hobbes.bamba.evenmorelinkables16,기타,3x3,9,불가,,,연결 설비 [PowerOutputFactor 0.6],thermal power management,"Steel 320, Plasteel 30, ComponentIndustrial 6",100,1200,,Light,예,"발전기에 인접해서 배치하면 전력 출력이 60% 증가합니다. 하나의 발전기에 최대 2개까지 연결이 가능합니다.\n\n발전기 효율을 끌어올리는 데 있어 단연 으뜸인 냉각탑입니다. 온도를 능숙하게 다스려 최적의 성능을 보장하므로, 발전 설비에 없어서는 안 될 부품입니다.",,,
레이저 조각기,laser engraver,HobbesLink_LaserEngraver,Even More Linkables Reupload,hobbes.bamba.evenmorelinkables16,기타,1x1,1,통과만,-50 W,,연결 설비,precision machining networks,"Steel 110, Plasteel 10, ComponentIndustrial 4",100,1200,,Light,예,"작업대에 인접해서 배치하면 연결된 작업대의 생산 품질이 1 증가합니다. 하나의 작업대에 최대 1개까지 연결이 가능합니다.\n\n레이저 빔으로 정교한 도안을 새기거나 잘라내는 기계입니다. 목재와 금속, 유리, 플라스틱까지 온갖 재료를 다룰 수 있어 어떤 제작 작업에나 요긴합니다.",,,
로봇 어시스턴트,robot assistant,HobbesLink_RobotAssistant,Even More Linkables Reupload,hobbes.bamba.evenmorelinkables16,기타,4x4,16,통과만,-850 W,,연결 설비 [WorkTableWorkSpeedFactor 1.0],automated fabrication links,"Steel 420, Plasteel 100, ComponentIndustrial 20, ComponentSpacer 8",750,15000,,Light,예,"작업대에 인접해서 배치하면 연결된 작업대의 작업 속도가 100% 증가합니다. 하나의 작업대에 최대 1개까지 연결이 가능합니다.\n\n조립과 용접, 도장, 포장을 위해 설계된 산업용 로봇으로, 작업에 큰 힘을 보탭니다. 모드를 전환할 수 있어서 ""부스트"" 모드는 일반적인 연결 시설처럼 작동하고, 다른 모드에서는 연결된 작업대 주변 작업의 남은 작업량을 주기적으로 줄여 줍니다.",,,
바이스,vice,HobbesLink_Vice,Even More Linkables Reupload,hobbes.bamba.evenmorelinkables16,기타,1x1,1,통과만,,,연결 설비 [WorkTableWorkSpeedFactor 0.05] 거리 4,workshop ergonomics,"Steel 45, ComponentIndustrial 1",75,2000,,Light,예,"연결된 작업대의 작업 속도가 5% 증가합니다. 하나의 작업대에 최대 2개까지 연결이 가능합니다.\n\n기계식 고정 장치로 만들어진 바이스입니다. 작업하는 동안 물체를 단단히 붙잡아 주어, 그 한결같은 안정감만으로도 작업 속도를 크게 끌어올립니다.",,,
배전반,breaker box,HobbesLink_BreakerBox,Even More Linkables Reupload,hobbes.bamba.evenmorelinkables16,기타,1x1,1,통과만,,,연결 설비 [PowerOutputFactor 0.05],grid conditioning,"Steel 80, ComponentIndustrial 2",100,1200,,Light,예,발전기에 인접해서 배치하면 전력 출력이 5% 증가합니다. 하나의 발전기에 최대 1개까지 연결이 가능합니다.\n\n발전기 가까이에 알맞게 놓으면 그 효율을 크게 높여 주는 배전반입니다. 핵심 요소로서 전력 배분을 최적화해 전기 설비 전체의 성능을 끌어올립니다.,,,
변압기,transformer,HobbesLink_Transformer,Even More Linkables Reupload,hobbes.bamba.evenmorelinkables16,기타,3x1,3,통과만,,,연결 설비 [PowerOutputFactor 0.2] 거리 8,grid conditioning,"Steel 180, ComponentIndustrial 4",100,1200,,Light,예,"전력 출력이 20% 증가합니다. 하나의 발전기에 최대 2개까지 연결이 가능합니다.\n\n전자기 유도로 회로 사이에 에너지를 매끄럽게 옮겨 주는 변압기입니다. 전압을 능숙하게 조절해 먼 거리까지 전력을 효율적으로 보내고 나눠 주는, 에너지 관리의 주춧돌입니다.",,,
산업용 오븐,industrial oven,HobbesLink_IndustrialOven,Even More Linkables Reupload,hobbes.bamba.evenmorelinkables16,기타,1x1,1,통과만,-75 W,,연결 설비 [WorkTableWorkSpeedFactor 0.10],workshop ergonomics,"Steel 70, ComponentIndustrial 3",100,1500,,Light,예,"작업대에 인접해서 배치하면 연결된 작업대의 작업 속도가 10% 증가합니다. 하나의 작업대에 최대 1개까지 연결이 가능합니다.\n\n생산성을 높이기 위해 만든 오븐입니다. 여러 가공 설비와 매끄럽게 연결되며, 공정의 어느 단계에나 두루 어울려 효율을 높여 줍니다.",,,
서버 랙,server rack,HobbesLink_ServerRack,Even More Linkables Reupload,hobbes.bamba.evenmorelinkables16,기타,1x1,1,통과만,-50 W,,연결 설비 [ResearchSpeedFactor 0.15] 거리 6,lab electronics integration,"Steel 220, Plasteel 30, ComponentIndustrial 4, ComponentSpacer 3",100,1800,,Light,예,"연결된 작업대의 연구 속도가 15% 증가합니다. 하나의 작업대에 최대 3개까지 연결이 가능합니다.\n\n연결된 연구 설비와 매끄럽게 어우러지도록 맞춘 서버 랙입니다. 데이터를 효율적으로 다루는 것은 물론 연구 속도도 크게 높여, 연구 전반을 한결 수월하게 만들어 줍니다.",,,
소각로,incinerator,HobbesLink_Incinerator,Even More Linkables Reupload,hobbes.bamba.evenmorelinkables16,기타,2x2,4,통과만,-25 W,,"연결 설비 [ResearchSpeedFactor 0.05, WorkTableWorkSpeedFactor 0.15] 거리 6",precision machining networks,"Steel 140, ComponentIndustrial 4",100,1200,,Light,예,"연결된 작업대의 작업 속도가 15%, 연구 속도가 5% 증가합니다. 하나의 작업대에 최대 1개까지 연결이 가능합니다.\n\n폐기물을 고온에서 태워 없애는 장치입니다. 고형 폐기물의 부피를 줄여 재와 배기가스, 열로 바꿉니다. 더불어 주변을 깨끗하고 위생적으로 유지해 실내 청결도도 높여 줍니다.",,,
송전탑,power pylon,HobbesLink_Pylon,Even More Linkables Reupload,hobbes.bamba.evenmorelinkables16,기타,1x1,1,통과만,,,연결 설비 [PowerOutputFactor 0.05] 거리 4,grid conditioning,"Steel 90, ComponentIndustrial 2",100,1200,,Light,예,전력 출력이 5% 증가합니다. 하나의 발전기에 최대 12개까지 연결이 가능합니다.\n\n연결된 발전 시설의 효율을 높여 주는 요긴한 연결점입니다. 에너지 흐름을 최적화해 전반적인 성능을 끌어올립니다.,,,
식물 배양실,botanical enclosure,HobbesLink_BotanicalEnclosure,Even More Linkables Reupload,hobbes.bamba.evenmorelinkables16,기타,5x1,5,통과만,-150 W,,연결 설비 [ResearchSpeedFactor 0.25] 거리 4,advanced research facilities,"Steel 220, Plasteel 80, ComponentIndustrial 5, ComponentSpacer 2",100,,,Light,예,"작업대에 인접해서 배치하면 연구 속도가 25% 증가합니다. 하나의 작업대에 최대 1개까지 연결이 가능합니다.\n\n식물을 정밀하게 기르기 위해 만든 특수 실험 설비입니다. 환경을 통제할 수 있어 식물 연구를 돕는 것은 물론, 연구 속도도 크게 끌어올립니다.",,,
오토클레이브,autoclave,HobbesLink_Autoclave,Even More Linkables Reupload,hobbes.bamba.evenmorelinkables16,기타,1x1,1,통과만,-37 W,,연결 설비 [ResearchSpeedFactor 0.10] 거리 16,precision machining networks,"Steel 80, ComponentIndustrial 3",100,1200,,Light,예,"연결된 작업대의 연구 속도가 10% 증가합니다. 하나의 작업대에 최대 2개까지 연결이 가능합니다.\n\n강력한 증기압으로 멸균하는 오토클레이브입니다. 세균과 바이러스, 미생물을 없애 위생적인 환경을 갖춰 주고, 그만큼 과학 연구의 진척도 빨라집니다.",,,
우주 시대 냉각수 펌프,spacer coolant pump,HobbesLink_Spacer_CoolantPump,Even More Linkables Reupload,hobbes.bamba.evenmorelinkables16,기타,3x3,9,통과만,,,연결 설비 [PowerOutputFactor 0.5],spacer power coupling,"Plasteel 220, ComponentIndustrial 4, ComponentSpacer 6",100,10000,,Light,예,"발전기에 인접해서 배치하면 전력 출력이 50% 증가합니다. 하나의 발전기에 최대 2개까지 연결이 가능합니다.\n\n발전기의 판도를 바꾸는 우주 시대 냉각수 펌프입니다. 온도를 효율적으로 다스려 발전기의 성능을 끌어올립니다. 고도의 설비에 꼭 필요한 부품으로, 최적의 성능과 긴 수명을 보장합니다.",,,
우주 시대 변압기,spacer transformer,HobbesLink_Spacer_Transformer,Even More Linkables Reupload,hobbes.bamba.evenmorelinkables16,기타,5x5,25,통과만,,,연결 설비 [PowerOutputFactor 1],spacer power coupling,"Plasteel 420, ComponentIndustrial 6, ComponentSpacer 8",100,36000,,Light,예,"발전기에 인접해서 배치하면 전력 출력이 100% 증가합니다. 하나의 발전기에 최대 1개까지 연결이 가능합니다.\n\n전자양자 유도로 양자 회로 사이에 에너지를 매끄럽게 옮겨 주는 우주 시대 변압기입니다. 전압을 실시간으로 조절해 먼 거리까지 전력을 효율적으로 보내고 나눠 주며, 고도의 설비에서 에너지 관리의 판도를 바꿔 놓습니다.",,,
우주 시대 선반,spacer lathe,HobbesLink_Spacer_Lathe,Even More Linkables Reupload,hobbes.bamba.evenmorelinkables16,기타,3x1,3,통과만,-600 W,,연결 설비 [WorkTableWorkSpeedFactor 0.60] 거리 4,automated fabrication links,"Plasteel 180, ComponentIndustrial 4, ComponentSpacer 3",100,7200,,Light,예,"연결된 작업대의 작업 속도가 60% 증가합니다. 하나의 작업대에 최대 1개까지 연결이 가능합니다.\n\n최첨단 우주 시대 기술을 접목한 선반입니다. 정밀도와 효율을 한 단계 끌어올리며, 다양한 작업대와 매끄럽게 연결되어 전체 생산성을 눈에 띄게 높입니다.",,,
우주 시대 액체 출력 증폭기,spacer liquid power booster,HobbesLink_Spacer_LiquidPower,Even More Linkables Reupload,hobbes.bamba.evenmorelinkables16,기타,5x5,25,통과만,,,연결 설비 [PowerOutputFactor 0.5],spacer power coupling,"Plasteel 320, ComponentIndustrial 8, ComponentSpacer 6",100,50000,,Light,예,"발전기에 인접해서 배치하면 전력 출력이 50% 증가합니다. 하나의 발전기에 최대 2개까지 연결이 가능합니다.\n\n음전하를 띤 액체를 이용해 발전기의 성능을 끌어올리는 우주 시대 증폭기입니다. 최첨단 장치답게 전력 출력을 최적화하여, 발전 능력을 힘차게 밀어 올립니다.",,,
우주 시대 전력 콘솔,spacer power console,HobbesLink_Spacer_Console,Even More Linkables Reupload,hobbes.bamba.evenmorelinkables16,기타,1x1,1,통과만,,,연결 설비 [PowerOutputFactor 0.25],spacer power coupling,"Plasteel 120, ComponentIndustrial 4, ComponentSpacer 8",100,25000,,Light,예,"발전기에 인접해서 배치하면 전력 출력이 25% 증가합니다. 하나의 발전기에 최대 1개까지 연결이 가능합니다.\n\n발전기와 촘촘히 연결되는 우주 시대 발전 제어 콘솔입니다. 고도의 프로그래밍으로 발전기의 효율을 최적화합니다. 정밀한 제어를 가능케 하는 기술의 결정체로, 발전 설비의 성능을 한계까지 끌어냅니다.",,,
우주 시대 축전기,spacer condensator,HobbesLink_Spacer_Condensator,Even More Linkables Reupload,hobbes.bamba.evenmorelinkables16,기타,1x1,1,통과만,,,연결 설비 [PowerOutputFactor 0.10] 거리 8,spacer power coupling,"Plasteel 70, ComponentIndustrial 2, ComponentSpacer 3",100,5000,,Light,예,"전력 출력이 10% 증가합니다. 하나의 발전기에 최대 3개까지 연결이 가능합니다.\n\n발전기의 정전 반복 현상을 활용하는 우주 시대 지능형 축전기 모듈입니다. 영리한 설계로 발전 효율을 크게 높여 주며, 고도의 기술 환경에서 성능을 끌어올리는 핵심 부품 노릇을 합니다.",,,
원심분리기,centrifuge,HobbesLink_Centrifuge,Even More Linkables Reupload,hobbes.bamba.evenmorelinkables16,기타,1x1,1,통과만,-25 W,,"연결 설비 [ResearchSpeedFactor 0.15, WorkTableWorkSpeedFactor 0.05] 거리 4",precision machining networks,"Steel 70, Plasteel 15, ComponentIndustrial 3",100,1200,,Light,예,"연결된 작업대의 연구 속도가 15%, 작업 속도가 5% 증가합니다. 하나의 작업대에 최대 1개까지 연결이 가능합니다.\n\n원심력으로 입자와 액체를 정밀하게 분리하는 장비입니다. 작업 흐름을 간결하게 만들어, 여러 공정에 자연스럽게 녹아들며 효율을 끌어올립니다.",,,
증류기,still,HobbesLink_Still,Even More Linkables Reupload,hobbes.bamba.evenmorelinkables16,기타,1x1,1,통과만,-25 W,,"연결 설비 [ResearchSpeedFactor 0.05, WorkTableWorkSpeedFactor 0.05] 거리 8",laboratory utilities,"Steel 80, ComponentIndustrial 3",100,1200,,Light,예,"연결된 작업대의 연구 속도가 5%, 작업 속도가 5% 증가합니다. 하나의 작업대에 최대 1개까지 연결이 가능합니다.\n\n용매를 능숙하게 분리해 내는, 실험실에 꼭 필요한 증류기입니다. 조심스레 가열해 증기를 응축으로 붙잡고, 깨끗한 용매를 지정한 용기에 담아 실험의 정밀함을 지켜 줍니다.",,,
컨베이어 벨트,conveyor belt,HobbesLink_ConveyorBelt,Even More Linkables Reupload,hobbes.bamba.evenmorelinkables16,기타,1x3,3,통과만,-25 W,,연결 설비 [WorkTableWorkSpeedFactor 0.15],workshop ergonomics,"Steel 90, ComponentIndustrial 3",100,1500,,Light,예,"작업대에 인접해서 배치하면 연결된 작업대의 작업 속도가 15% 증가합니다. 하나의 작업대에 최대 1개까지 연결이 가능합니다.\n\n효율적인 생산을 위해 맞춘 컨베이어입니다. 여러 가공 작업대와 매끄럽게 이어져 작업 속도를 높이고, 활기찬 작업 흐름을 만들어 냅니다.",,,
탁상용 가열판,tabletop stove,HobbesLink_TabletopStove,Even More Linkables Reupload,hobbes.bamba.evenmorelinkables16,기타,1x1,1,통과만,-25 W,,"연결 설비 [ResearchSpeedFactor 0.05, WorkTableWorkSpeedFactor 0.05] 거리 8",laboratory utilities,"Steel 70, ComponentIndustrial 2, ComponentSpacer 1",100,1200,,Light,예,"연결된 작업대의 연구 속도가 5%, 작업 속도가 5% 증가합니다. 하나의 작업대에 최대 1개까지 연결이 가능합니다.\n\n언제든 실험에 쓸 수 있는 연구용 탁상 가열판으로, 연구의 효율을 높여 줍니다. 연구 환경에 맞춰 만들어져 처리 효율을 크게 끌어올리고, 과학 연구의 정밀함과 성과에 보탬이 됩니다.",,,
탁상용 시험관 거치대,tabletop lab tube rack,HobbesLink_TabletopLabTubeRack,Even More Linkables Reupload,hobbes.bamba.evenmorelinkables16,기타,1x1,1,통과만,-25 W,,"연결 설비 [ResearchSpeedFactor 0.05, WorkTableWorkSpeedFactor 0.05] 거리 8",laboratory utilities,"Steel 60, ComponentIndustrial 2",100,1200,,Light,예,"연결된 작업대의 연구 속도가 5%, 작업 속도가 5% 증가합니다. 하나의 작업대에 최대 1개까지 연결이 가능합니다.\n\n실험을 매끄럽게 이어 주는, 정리에 없어서는 안 될 탁상 시험관 거치대입니다. 알뜰한 보관과 다듬어진 작업 흐름으로 실험실의 주춧돌 노릇을 하며 전체 효율을 높여 줍니다.",,,
탁상용 실험 기기,tabletop lab machine,HobbesLink_TabletopLabMachine,Even More Linkables Reupload,hobbes.bamba.evenmorelinkables16,기타,1x1,1,통과만,-25 W,,연결 설비 [ResearchSpeedFactor 0.05] 거리 8,lab electronics integration,"Steel 75, ComponentIndustrial 3, ComponentSpacer 1",100,1200,,Light,예,"연결된 작업대의 연구 속도가 5% 증가합니다. 하나의 작업대에 최대 1개까지 연결이 가능합니다.\n\n여러 연구 수요를 두루 감당하는 만능 탁상 실험 기기입니다. 서로 다른 설비와도 연결할 수 있어, 실험을 한결 간결하게 풀어 나갈 수 있습니다.",,,
탁상용 실험 스캐너,tabletop lab scanner,HobbesLink_TabletopLabScanner,Even More Linkables Reupload,hobbes.bamba.evenmorelinkables16,기타,1x1,1,통과만,-25 W,,연결 설비 [ResearchSpeedFactor 0.05] 거리 8,lab electronics integration,"Steel 80, ComponentIndustrial 3, ComponentSpacer 1",100,1200,,Light,예,"연결된 작업대의 연구 속도가 5% 증가합니다. 하나의 작업대에 최대 1개까지 연결이 가능합니다.\n\n온갖 분석에 두루 쓰이는 탁상 실험 스캐너입니다. 연구 속도를 크게 높여 주어, 실험의 속도와 효율을 끌어올리는 요긴한 자산이 됩니다.",,,
탁상용 실험 현미경,tabletop lab microscope,HobbesLink_TabletopLabMicroscope,Even More Linkables Reupload,hobbes.bamba.evenmorelinkables16,기타,1x1,1,통과만,-25 W,,연결 설비 [ResearchSpeedFactor 0.15] 거리 8,advanced research facilities,"Steel 110, ComponentIndustrial 3, ComponentSpacer 2",100,1200,,Light,예,"연결된 작업대의 연구 속도가 15% 증가합니다. 하나의 작업대에 최대 1개까지 연결이 가능합니다.\n\n꼼꼼한 분석에 꼭 필요한 탁상 실험 현미경으로, 연구에 맞춰 만들어졌습니다. 연구 속도를 눈에 띄게 높여 주어, 과학 탐구를 빠르고 세밀하게 파고들 수 있게 합니다.",,,
탁상용 오실로스코프,tabletop oscilloscope,HobbesLink_TabletopOscilloscope,Even More Linkables Reupload,hobbes.bamba.evenmorelinkables16,기타,1x1,1,통과만,-25 W,,연결 설비 [ResearchSpeedFactor 0.05] 거리 8,lab electronics integration,"Steel 75, ComponentIndustrial 3, ComponentSpacer 1",100,1200,,Light,예,"연결된 작업대의 연구 속도가 5% 증가합니다. 하나의 작업대에 최대 1개까지 연결이 가능합니다.\n\n전자 계측에 뛰어난, 실험실의 만능 동반자 탁상 오실로스코프입니다. 다양한 시험 환경에 맞춰져 효율은 물론 실험의 정밀도까지 끌어올려 주는, 연구에 없어서는 안 될 자산입니다.",,,
탁상용 원심분리기,tabletop centrifuge,HobbesLink_TabletopCentrifuge,Even More Linkables Reupload,hobbes.bamba.evenmorelinkables16,기타,1x1,1,통과만,-25 W,,"연결 설비 [ResearchSpeedFactor 0.05, WorkTableWorkSpeedFactor 0.05] 거리 8",laboratory utilities,"Steel 70, ComponentIndustrial 2, ComponentSpacer 1",100,1200,,Light,예,"연결된 작업대의 연구 속도가 5%, 작업 속도가 5% 증가합니다. 하나의 작업대에 최대 1개까지 연결이 가능합니다.\n\n처리량을 늘리기 위해 만든 탁상용 원심분리기입니다. 군더더기 없는 설계로 작업 생산성을 눈에 띄게 높여, 일이 매끄럽고 빠르게 굴러가도록 돕습니다.",,,
회전 증발기,rotary evaporator,HobbesLink_Rotovape,Even More Linkables Reupload,hobbes.bamba.evenmorelinkables16,기타,2x2,4,통과만,-75 W,,"연결 설비 [ResearchSpeedFactor 0.20, WorkTableWorkSpeedFactor 0.10] 거리 8",advanced research facilities,"Steel 140, Plasteel 20, ComponentIndustrial 4, ComponentSpacer 2",100,1200,,Light,예,"연결된 작업대의 연구 속도가 20%, 작업 속도가 10% 증가합니다. 하나의 작업대에 최대 1개까지 연결이 가능합니다.\n\n액체를 정제해 내는, 실험실의 말없는 연금술사 같은 회전 증발기입니다. 가열과 회전을 절묘하게 엮어 플라스크 안의 내용물을 증발시키고, 순수한 증기를 별도의 회수 플라스크에 응축시켜 정교한 실험을 돕습니다.",,,
소화 드론,extinguisher drone,ExtinguisherHunterDrone,Extinguisher Drone,rabiosus.extinguisherdrone,기타,1x1,1,가능,,,,"firefoam, hunter drone","Steel 40, ComponentIndustrial 3",50,3600,-5,Light,예,A security trap that deploys an extinguisher drone when fire is detected nearby. Useful for protecting sensitive areas from flames.,,,
대형 바닥 수족관,Large Floor-Mounted Aquarium,FMAquariumL,Floor-Mounted Aquarium,floor.mounted.aquarium,생산,3x3,9,가능,-500 W,,,"fabrication, fishing","Steel 800, ComponentIndustrial 8, ComponentSpacer 2",500,36000,8,Light,,"아름다운 푸른빛을 내뿜는 대형 바닥 설치형 수족관으로, 그 위에 다른 가구를 배치할 수도 있습니다. 이 수족관은 자동 급식 시스템과 다양한 자동 조정 시스템이 갖추어져 있습니다. 주기적으로 많은 양의 먹이를 보충해주기만 하면 수확을 기다릴 수 있습니다.",,,
소형 바닥 수족관,Small Floor-Mounted Aquarium,FMAquariumSm,Floor-Mounted Aquarium,floor.mounted.aquarium,생산,2x2,4,가능,-250 W,,,"fabrication, fishing","Steel 400, ComponentIndustrial 4, ComponentSpacer 1",250,18000,4,Light,,"아름다운 푸른빛을 내뿜는 소형 바닥 설치형 수족관으로, 그 위에 다른 가구를 배치할 수도 있습니다. 이 수족관은 자동 급식 시스템과 다양한 자동 조정 시스템이 갖추어져 있습니다. 주기적으로 많은 양의 먹이를 보충해주기만 하면 수확을 기다릴 수 있습니다.",,,
초소형 바닥 수족관,Tiny Floor-Mounted Aquarium,FMAquariumT,Floor-Mounted Aquarium,floor.mounted.aquarium,생산,1x1,1,가능,-65 W,,,"fabrication, fishing","Steel 100, ComponentIndustrial 3, Plasteel 3",100,6000,1,Light,,"아름다운 푸른빛을 내뿜는 초소형 바닥 설치형 수족관으로, 그 위에 다른 가구를 배치할 수도 있습니다. 이 수족관은 자동 급식 시스템과 다양한 자동 조정 시스템이 갖추어져 있습니다. 주기적으로 많은 양의 먹이를 보충해주기만 하면 수확을 기다릴 수 있습니다.",,,
대형 매립형 화학연료 탱크,large floor-mounted chemfuel tank,UFST_ChemfuelTankLarge,Floor-Mounted Fuel Tanks,quartz.floorstoragetanks,중력부양선,3x3,9,가능,,중력선 부품[FuelStorage] 연료 공급 엔진 거리≤500 최대 9999개,연료 Chemfuel 750,standard gravtech,Steel 200,300,3000,-5,Heavy,,바닥 아래에 깔끔하게 들어가는 대형 화학연료 저장 탱크입니다. 탱크 위에는 가구를 두거나 자유롭게 이동할 수 있습니다.,,,
매립형 화학연료 탱크,floor-mounted chemfuel tank,UFST_ChemfuelTank,Floor-Mounted Fuel Tanks,quartz.floorstoragetanks,중력부양선,2x2,4,가능,,중력선 부품[FuelStorage] 연료 공급 엔진 거리≤500 최대 9999개,연료 Chemfuel 250,basic gravtech,Steel 120,200,2000,-5,Heavy,,바닥 아래에 깔끔하게 들어가는 화학연료 표준 저장 탱크입니다. 탱크 위에는 가구를 두거나 자유롭게 이동할 수 있습니다.,,,
어두운 테두리,dark border,KS_StoneBorderDark,Flooring Floors,ks.flooringfloors,바닥,1x1,1,가능,,,,stonecutting,재질(Stony) 2,,50,1,Light,,직조 타일에 모서리와 다양한 형태를 만들 수 있게 해주는 바닥 테두리입니다.,,,
체크무늬,checkered pattern,KS_CheqPattern,Flooring Floors,ks.flooringfloors,바닥,1x1,1,가능,,,,stonecutting,재질(Stony) 4,,500,1,Heavy,,고급스러운 바닥에 체크무늬를 더해주는 패턴입니다.,,,
길드 게시판,guild board,GuildFaction_GuildBoard,GUILD FACTION ADD-ON - Isekai RPG Leveling,poupun.guildfactionaddon,가구,2x1,2,통과만,,,,complex furniture,WoodLog 80,120,2500,4,Light,예,A wooden notice board sanctioned by the Adventurers' Guild. Colonists can browse and accept the Guild's daily contracts here without traveling to the Guild Hall. Listings refresh once per day.,,,
고중력 파일런,gravity increase pylon,GravIncreasePylon_GT,GravTech,als.gravtech,기타,1x1,1,통과만,-400 W,,조명 반경 2,"standard gravtech, multi-analyzer","Gravcore 1, GravlitePanel 40, Plasteel 30, ComponentIndustrial 6",300,4800,10,Medium,예,반경 7m의 고중력장을 생성하는 중력 코어가 장착된 파일런입니다. 이 범위 안에서는 이동 속도가 40%로 느려지고 끊임없이 고통에 시달립니다.,,,[GravTech] 범위 30
저중력 파일런,gravity decrease pylon,GravDecreasePylon_GT,GravTech,als.gravtech,기타,1x1,1,통과만,-400 W,,조명 반경 2,"standard gravtech, multi-analyzer","Gravcore 1, GravlitePanel 40, Plasteel 30, ComponentIndustrial 6",300,4800,10,Medium,예,반경 14m의 저중력장을 생성하는 중력 코어가 장착된 파일런입니다. 이 범위 안에서는 이동 속도가 40% 빨라지고 한 번에 더 많은 물건을 나를 수 있습니다.,,,[GravTech] 범위 40
중력 화학반응로,grav chemreactor,GravChemreactor_GT,GravTech,als.gravtech,기타,2x2,4,불가,-2000 W,,조명 반경 3,precise grav tuning,"Gravcore 1, Plasteel 120, Graweave 70, ComponentSpacer 8",400,15000,,Medium,예,중력 코어로 강화된 무한 화학반응로입니다.\n일반 버전보다 6배 더 빠릅니다.,,,[GravTech] 연료 500
보호막 파일런,shield pylon,ShieldPylon_GT,GravTech,als.gravtech,방어,1x1,1,통과만,,,조명 반경 2 / 보호막 반경 5.5,"shields, advanced gravtech","Gravcore 1, BroadshieldCore 1, GravlitePanel 10, Plasteel 10, ComponentSpacer 1",300,4800,,Light,예,반경 5m 내에 보호장을 생성하는 중력 코어가 장착된 파일런입니다.\n\n전기가 필요하지 않습니다.\n매우 빠르게 재충전됩니다.,,,"[GravTech] 반경 20, 내구 2000"
빔 리피터 포탑,beam repeater turret,Turret_BeamRepeater,GravTech,als.gravtech,방어,1x1,1,통과만,-200 W,,조명 반경 1.5,"beam weapons, gun turrets","Gun_BeamRepeater 1, GravlitePanel 10, Plasteel 60, ComponentSpacer 1",200,7200,-10,Light,예,빔 리피터가 장착된 중출력 포탑입니다. 재장전이 필요하지 않습니다.,,,
중력 블래스터 포탑,grav blaster turret,Turret_GravBlaster,GravTech,als.gravtech,방어,2x2,4,통과만,-300 W,,연료 GravlitePanel 200 / 조명 반경 3,"grav weapon, autocannon turret","Gravcore 1, GravlitePanel 80, Plasteel 170, ComponentSpacer 4",600,18000,-10,Heavy,,중력 블래스터가 장착된 고출력 포탑입니다. 근거리에서는 목표를 감지할 수 없습니다. 중력 감응판으로 재장전합니다.,,,
중력 코어 지뢰,IED gravcore trap,TrapIED_Gravcore,GravTech,als.gravtech,방어,1x1,1,가능,,,,"IEDs, standard gravtech","Gravcore 1, Shell_EMP 4, ComponentIndustrial 2",40,1400,-4,Light,예,"EMP 포탄이 장전된 중력 코어로, 접촉이나 총알 충격 시 기폭되는 격발기와 연결되어 있습니다. 활성화되면 넓은 지역에 중력파가 방출됩니다. 주변 지형에 숨겨져 있기 때문에 다른 함정과 인접하여 배치할 수 없습니다. 동물들은 진정된 상태일 때 이를 감지할 수 있습니다.\n\n폭발 후에도 중력 코어는 보존됩니다.",,,
중력 단조대,grav forge,GravForge,GravTech,als.gravtech,생산,3x2,6,통과만,-1400 W,중력선 부품 엔진 거리≤3.9 최대 3개,"조명 반경 5 / 연결 가능 설비 2종 / 작업칸 (0,0,-1)",grav forge,"Gravcore 2, GravlitePanel 150, Plasteel 200, ComponentSpacer 10",800,60000,,Substructure,,강력한 중력파를 사용하여 중력 감응판을 압축함으로써 중력 코어를 조립하도록 설계된 첨단 단조대입니다.\n\n중력 구동기 옆에 건설하면 작업 속도가 140% 증가합니다.,19,"플라스틸, 부품, 고급 부품, 중력감응판, 중력 코어, 인공자아 핵, 빈 인공자아 핵, 중력합금, 중력조직, 중력 보호막 벨트, 중력 등짐, 중력 척추, 중력 갑옷 피부, 중력 코어 위장, 중력 손, 중력 블래스터, 중력 광선 캐논, 중력 소총, 중력 망치","[GravTech] 작업 속도 400, 전력 5000 W"
냉각 파일런,cooler pylon,CoolerPylon_GT,GravTech,als.gravtech,온도,1x1,1,통과만,+30 W 발전,,조명 반경 2 / 온도조절 -150,"standard gravtech, air conditioning","Gravcore 1, GravlitePanel 20, Plasteel 40, ComponentIndustrial 3",300,4800,10,Medium,예,열 방출 없이 빠른 냉각을 위해 설계된 중력 코어가 장착된 파일런입니다.\n\n전기가 필요하지 않습니다.\n유휴 상태일 때 300W를 발전합니다.,,,
전열 파일런,heater pylon,HeaterPylon_GT,GravTech,als.gravtech,온도,1x1,1,통과만,+30 W 발전,,조명 반경 2 / 온도조절 250 / 설치조건: Heater,"standard gravtech, air conditioning","Gravcore 1, GravlitePanel 20, Plasteel 40, ComponentIndustrial 3",300,4800,10,Medium,예,주변 환경의 급속 가열을 위해 설계된 중력 코어가 장착된 파일런입니다.\n\n전기가 필요하지 않습니다.\n유휴 상태일 때 300W를 발전합니다.,,,
중력 코어 배터리,gravcore battery,GravBattery,GravTech,als.gravtech,전력,5x2,10,통과만,+200 W 발전,,축전 20000 Wd / 조명 반경 5,"battery, advanced gravtech","Gravcore 1, Plasteel 70, GravlitePanel 100, ComponentIndustrial 5, ComponentSpacer 1",800,9000,,Substructure,,막대한 용량을 가진 대형 전기 배터리입니다. 중력 코어의 도움으로 중력 감응판 사이의 중력 변동 형태로 에너지를 저장합니다.\n지속적으로 200W를 발전합니다.,,,[GravTech] 축전 100000 Wd
특이점 반응로,The Singularity Reactor,AdvShip_GravReactor,GravTech,als.gravtech,전력,5x5,25,통과만,+150000 W 발전,하부구조 반경 39.9 / 중력선 부품 SubstructureSupport 1000 엔진 거리≤29.9 최대 1개,조명 반경 9 / 열 5/초 / 설치조건: InRangeOfGravEngine,taming a Black Hole,"Gravcore 10, GravlitePanel 200, Plasteel 400, Gravitonium 450, AIPersonaCore 2",4000,150000,,Substructure,,중력부양선을 위한 특수 반응로입니다. 8개의 중력 코어가 상호작용하여 특이점을 생성하고 그로부터 막대한 에너지를 추출합니다. \n또한 중력부양선의 면적을 증가시킵니다. \n\n경고: 심각한 피해를 입을 경우 폭발할 수 있습니다.,,,"[GravTech] 발전 500000 W, 1개당 지지 5000칸, 최대 20개, 반경 100"
고급 보호막 생성기,advanced shield generator,AdvShip_ShieldGenerator,GravTech,als.gravtech,중력부양선,3x3,9,통과만,-1100 W,중력선 부품 엔진 거리≤300 최대 3개,조명 반경 3 / 보호막 반경 44.9,"grav weapon, grav engine technologies","Gravcore 1, BroadshieldCore 1, Plasteel 250, GravlitePanel 100, ComponentSpacer 6",400,60000,-10,Substructure,예,중력 코어를 사용하여 중력부양선을 보호할 수 있는 고급 보호막 장치입니다. 중력장을 변조하여 투사체를 차단하는 관성 반발 표면을 단시간 동안 생성합니다. 일반 사격과 박격포 모두에 효과적입니다. 내부에서는 외부로 자유롭게 사격할 수 있습니다.\n\n사용하기 전에 충전해야 합니다. 하나의 중력부양선은 최대 세 개의 고급 실드 생성기를 지원할 수 있습니다.,,,"[GravTech] 반경 80, 내구 10000, 최대 20개"
고급 중력부양선 추진기,advanced gravship thruster,AdvShip_GravThruster,GravTech,als.gravtech,중력부양선,3x3,9,불가,,"추진기 GravshipRange 38, 뒤 금지구역 (3, 0, 10)",설치조건: GravshipThruster,"Johnson-Tanaka drive, grav engine technologies","Gravcore 1, Plasteel 170, GravlitePanel 150, ComponentSpacer 6",800,50000,,Substructure,,존슨-다나카 드라이브를 기반으로 한 고급 중력부양선 추진기입니다. 대형 추진기보다 두 배 이상 강력합니다.\n\n중력부양선당 최대 세 개의 추진기를 지원할 수 있습니다.,,,"[GravTech] 항속 100, 최대 20개"
고급 중력부양선 컴퓨터 코어,advanced gravship computer core,AdvShip_ComputerCore,GravTech,als.gravtech,중력부양선,3x3,9,불가,-1500 W,중력선 부품 엔진 거리≤26.9 최대 1개,조명 반경 5,advanced ship parts,"GravlitePanel 150, ComponentSpacer 12, AIPersonaCore 4, Apparel_CerebrexNode 1",1000,90000,-10,Substructure,,세레브렉스 중력부양선 파일럿 컴퓨터 코어입니다. 중력부양선의 비행 품질을 30% 향상시킵니다.\n\n특정 메카나이터와 조율하면 그 능력을 향상시킬 수 있습니다.\n 대역폭 +20 \n 제어 집단 +3 \n 메카노이드 작업 속도 +30% \n 배양 속도 +100% \n 세레브렉스 노드 능력,,,
대형 진공 장벽,big vac barrier,BigVacBarrier,GravTech,als.gravtech,중력부양선,2x1,2,가능,-100 W,,,orbital tech,"Plasteel 50, ComponentIndustrial 3, GravlitePanel 4",350,6000,,Heavy,,커다란 함선에는 커다란 진공 장벽이 필요합니다. 이 장벽은 임계값 근처의 공기 분자를 압축하여 기체가 빠져나가는 것을 막는 동시에 사람들이 자유롭게 통과할 수 있도록 합니다. 진공 장벽은 침입자를 막는 데 아무런 도움도 주지 않습니다.\n\n압력 저하를 방지하려면 전력이 공급되어야 합니다.,,,
소행성 수집기,asteroid collector,AsteroidCollector,GravTech,als.gravtech,중력부양선,3x3,9,불가,-700 W,,"설치조건: NotUnderRoof,InvalidOverSubstructure",advanced gravtech,"Gravcore 1, Steel 300, GravlitePanel 40, ComponentIndustrial 10, ComponentSpacer 1",600,42000,-5,Space,예,우주에서 작은 소행성들을 수집하고 그로부터 진공암 석재를 생성하는 장치입니다. 우주 공간에 건설해야 합니다.,,,[GravTech] 수집량 150
시간 가속 포드,time acceleration pod,AdvShip_TimeFasterPod,GravTech,als.gravtech,중력부양선,1x2,2,통과만,,,연결 가능 설비 4종 / 침대,"hospital bed, vacuum cryptosleep casket, precise grav tuning","Gravcore 1, GravlitePanel 30, Plasteel 70, Graweave 80, ComponentSpacer 5",400,36000,30,Substructure,예,내부의 시간을 몇 배로 가속하는 수면 캡슐입니다. 의료 메커니즘도 갖추고 있습니다. \n중력부양선 위에서만 작동할 수 있습니다.,,,
중력 화학연료 탱크,grav chemfuel tank,AdvShip_GravChemfuelTank,GravTech,als.gravtech,중력부양선,4x4,16,통과만,,중력선 부품[FuelStorage] 연료 공급 엔진 거리≤300 최대 2개,연료 Chemfuel 2500 / 조명 반경 3,precise grav tuning,"Gravcore 1, Gravitonium 100, Plasteel 100, GravlitePanel 40, ComponentSpacer 6",1500,30000,-10,Substructure,,중력부양선의 추진기에 연료를 공급하는 고급 화학연료 저장 탱크입니다. 중력 코어를 사용하여 연료를 압축하고 효율을 증가시킵니다.\n\n중력부양선당 최대 두 개의 중력 화학연료 탱크를 지원할 수 있습니다.,,,[GravTech] 연료 20000
중력장 파일런,grav field pylon,GravFieldPylon,GravTech,als.gravtech,중력부양선,1x1,1,통과만,,하부구조 반경 18.9 / 중력선 부품 SubstructureSupport 500 엔진 거리≤20.9 최대 3개,조명 반경 3 / 설치조건: InRangeOfGravEngine,standard gravtech,"Gravcore 2, GravlitePanel 60, Plasteel 80, ComponentIndustrial 8",500,4500,10,Substructure,예,중력부양선의 크기를 늘리는 데 사용되는 초고기술 장치입니다. 하부 구조를 건설할 수 있는 영역을 확장하고 중력부양선이 지원할 수 있는 하부 구조의 양을 늘립니다. 중력구동기 근처에 건설해야 합니다.\n\n중력부양선당 최대 3개의 중력장 파일런을 지원할 수 있습니다.,,,"[GravTech] 1개당 지지 2000칸, 최대 20개, 반경 100, 엔진 거리 500"
진공 벽,vac wall,VacBarrierEmbrasure,Gravship Embrasure,harunasion.gravshipembrasure,구조물,1x1,1,불가,-50 W,,,orbital tech,"재질(Metallic/Woody/Stony) 5, Steel 20, ComponentIndustrial 2, GravlitePanel 2",300,1200,,Heavy,,A strong wall with a vac barrier to allow shooting but the vac barrier is too large in volume to serve as cover.,,,
중력선 진공 벽,gravship vac wall,GravshipVacBarrierEmbrasure,Gravship Embrasure,harunasion.gravshipembrasure,중력부양선,1x1,1,불가,-50 W,,,orbital tech,"재질(Metallic) 7, Steel 20, ComponentIndustrial 2, GravlitePanel 2",420,1200,,Substructure,,A strong airtight wall with a vac barrier to allow shooting but the vac barrier is too large in volume to serve as cover.,,,
중력선 총안,gravship embrasure,GravshipEmbrasure,Gravship Embrasure,harunasion.gravshipembrasure,중력부양선,1x1,1,불가,,,,basic gravtech,재질(Metallic) 7,420,300,,Substructure,,A strong airtight wall with a firing port to allow shooting from relative safety but can not prevents oxygen leaks in the vacuum of space.,,,
부검 테이블,autopsy table,TableAutopsy,Harvest Organs Post Mortem Continued,smuffle.harvestorganspostmortem,생산,1x2,2,통과만,,,"작업칸 (0,0,-1)",Basic Autopsy,"재질(Metallic) 40, Steel 80",150,2850,,Medium,예,"죽은 사람들을 위해 특별히 고안된 테이블로, 장기를 수술로 떼어낼 수 있습니다.",4,"장기 적출 부검, 의학적 장기 적출, 번화계 부검, 동물 사체에서 생체공학 부위 적출",
길드 투하 지점,guild drop zone,Isekai_GuildDropZone,ISEKAI RPG LEVELING,jellycreative.isekaileveling,기타,1x1,1,가능,,,,,"WoodLog 25, Silver 150",80,1200,2,Light,,"A tile marked out with the Guild's colours, kept clear for courier deliveries. While a drop zone stands in your colony, the Guild delivers quest rewards straight to it by pod instead of leaving them where the contract wa",,,
룬 작업대,runic station,Isekai_RunicStation,ISEKAI RPG LEVELING,jellycreative.isekaileveling,생산,1x1,1,통과만,,,"작업칸 (0,0,-1)",smithing,"Steel 150, Silver 100, Gold 50",180,5000,,Medium,예,"고대의 룬 문자가 새겨진 아케인 공작 작업대입니다. 마나 정수로부터 마법 룬을 다루는 데에 쓰이며, 무기나 방어구에 깃들여 막강한 마법 기반의 강화 능력을 부여합니다. 무기에는 2개의 룬을 깃들일 수 있으며, 방어구는 최대 3개입니다. 장착한 룬을 해제할 시 룬은 파괴됩니다.",85,"분노의 룬 I, 분노의 룬 II, 분노의 룬 III, 분노의 룬 IV, 분노의 룬 V, 정밀의 룬 I, 정밀의 룬 II, 정밀의 룬 III, 정밀의 룬 IV, 정밀의 룬 V, 흡혈의 룬 I, 흡혈의 룬 II, 흡혈의 룬 III, 흡혈의 룬 IV, 흡혈의 룬 V, 천둥의 룬 I, 천둥의 룬 II, 천둥의 룬 III, 천둥의 룬 IV, 천둥의 룬 V, 불꽃의 룬 I, 불꽃의 룬 II, 불꽃의 룬 III, 불꽃의 룬 IV, 불꽃의 룬 V, 서리의 룬 I, 서리의 룬 II, 서리의 룬 III, 서리의 룬 IV, 서리의 룬 V, 관통의 룬 ",
제련 작업대,refinement forge,Isekai_Forge,ISEKAI RPG LEVELING,jellycreative.isekaileveling,생산,3x1,3,통과만,,,"작업칸 (0,0,-1)",smithing,"Steel 200, ComponentIndustrial 5",200,6000,,Medium,예,"초자연적인 에너지가 깃든 신비로운 단조 작업대입니다. 무기와 방어구를 비상한 수준의 위력으로 제련하는 데에 쓰이며, 마나 코어를 순수한 마나 정수로 증류하는 작업에도 사용됩니다. 제련은 장비를 +1부터 +10까지 강화시키며, 고레벨로 갈수록 위험도가 증가합니다. +5 이상의 장비는 희귀한 강화 코어가 필요하며, 높은 위험도로 인해 실패 시 장비가 파괴될 수 있습니다.",5,"소형 마나 코어, 대형 마나 코어, 일반 마나 코어, 초대형 마나 코어, 마나 정수",
딱딱한 더블 침대,slab double bed,SlabDoubleBed,Ideology DLC,ludeon.rimworld.ideology,가구,2x2,4,통과만,,,연결 가능 설비 3종 / 침대,complex furniture,재질(Metallic/Woody/Stony) 85,200,750,,Light,예,"단단한 재질로 만들어진 침대입니다. 불편하지만, 자신의 믿음을 증명하고 싶은 이들이 사용합니다. 두 명이 누울 수 있을 만큼 충분히 넓습니다.",,,
딱딱한 침대,slab bed,SlabBed,Ideology DLC,ludeon.rimworld.ideology,가구,1x2,2,통과만,,,연결 가능 설비 3종 / 침대,complex furniture,재질(Metallic/Woody/Stony) 30,140,400,,Light,예,"단단한 재질로 만들어진 침대입니다. 불편하지만, 자신의 믿음을 증명하고 싶은 이들이 사용합니다.",,,
분재 화분,bonsai pot,PlantPot_Bonsai,Ideology DLC,ludeon.rimworld.ideology,가구,1x1,1,통과만,,,,tree sowing,재질(Metallic/Woody/Stony) 24,80,275,,Light,예,분재목을 심기에 적절한 화분입니다. 주변 사람들의 기분을 환기해주고 일부 사상의 요구 조건을 충족시킵니다.,,,
희미한 버섯 횃불,fungus darktorch,DarktorchFungus,Ideology DLC,ludeon.rimworld.ideology,가구,1x1,1,통과만,,,조명 반경 7 / 연료 RawFungus 20.0 / 열 3.5/초 / 설치조건: Heater,,RawFungus 20,75,100,,Light,,넓은 면적에 희미한 빛을 발산하는 특수 처리된 버섯 횃불입니다. 어두운 곳을 선호하는 사람들은 이 정도 광원으로도 만족합니다. 버섯으로 연료를 보급할 수 있습니다. 소량의 열이 발생합니다.,,,
희미한 횃불,darktorch,Darktorch,Ideology DLC,ludeon.rimworld.ideology,가구,1x1,1,통과만,,,조명 반경 7 / 연료 WoodLog 20.0 / 열 3.5/초 / 설치조건: Heater,,WoodLog 20,75,100,,Light,,넓은 면적에 희미한 빛을 발산하는 특수 처리된 나무 횃불입니다. 어두운 곳을 선호하는 사람들은 이 정도 광원으로도 만족합니다. 나무로 연료를 보급할 수 있습니다. 소량의 열이 발생합니다.,,,
동물주의 목판 (대형),animalist slab (broad),AnimalistSlab_Broad,Ideology DLC,ludeon.rimworld.ideology,바닥,4x4,16,가능,,,,,재질(Woody) 150,,2000,30,Medium,예,바닥을 장식하기 위한 동물주의 양식의 목재 부조입니다.,,,
동물주의 목판 (중형),animalist slab (medium),AnimalistSlab_Medium,Ideology DLC,ludeon.rimworld.ideology,바닥,3x3,9,가능,,,,,재질(Woody) 100,,1000,15,Medium,예,바닥을 장식하기 위한 동물주의 양식의 목재 부조입니다.,,,
섬뜩한 석판 (대형),morbid slab (broad),MorbidSlab_Broad,Ideology DLC,ludeon.rimworld.ideology,바닥,4x4,16,가능,,,,stonecutting,재질(Stony) 150,,2000,30,Heavy,예,바닥을 장식하기 위한 섬뜩한 양식의 석재 부조입니다.,,,
섬뜩한 석판 (중형),morbid slab (medium),MorbidSlab_Medium,Ideology DLC,ludeon.rimworld.ideology,바닥,3x3,9,가능,,,,stonecutting,재질(Stony) 100,,1000,15,Heavy,예,바닥을 장식하기 위한 섬뜩한 양식의 석재 부조입니다.,,,
소박한 러그 (대형),rustic rug (broad),RusticRug_Broad,Ideology DLC,ludeon.rimworld.ideology,바닥,4x4,16,가능,,,,,Cloth 150,,2000,30,Light,예,마치 집에 온 듯이 소박한 무늬가 새겨진 러그입니다. 바닥을 장식하는 데 쓰입니다.,,,
소박한 러그 (중형),rustic rug (medium),RusticRug_Medium,Ideology DLC,ludeon.rimworld.ideology,바닥,3x3,9,가능,,,,,Cloth 100,,1000,15,Light,예,마치 집에 온 듯이 소박한 무늬가 새겨진 러그입니다. 바닥을 장식하는 데 쓰입니다.,,,
스파이크코어 스타 (대형),spikecore floor-star (broad),SpikecoreFloorStar_Broad,Ideology DLC,ludeon.rimworld.ideology,바닥,4x4,16,가능,,,,,Steel 150,,2000,30,Heavy,예,바닥을 장식하기 위한 스파이크코어 양식의 금속 조각입니다.,,,
스파이크코어 스타 (중형),spikecore floor-star (medium),SpikecoreFloorStar_Medium,Ideology DLC,ludeon.rimworld.ideology,바닥,3x3,9,가능,,,,,Steel 100,,1000,15,Heavy,예,바닥을 장식하기 위한 스파이크코어 양식의 금속 조각입니다.,,,
토템 목판 (대형),totemic slab (broad),TotemicSlab_Broad,Ideology DLC,ludeon.rimworld.ideology,바닥,4x4,16,가능,,,,,재질(Woody) 150,,2000,30,Medium,예,바닥을 장식하기 위한 토템 신앙 양식의 목재 부조입니다.,,,
토템 목판 (중형),totemic slab (medium),TotemicSlab_Medium,Ideology DLC,ludeon.rimworld.ideology,바닥,3x3,9,가능,,,,,재질(Woody) 100,,1000,15,Medium,예,바닥을 장식하기 위한 토템 신앙 양식의 목재 부조입니다.,,,
단상,lectern,Lectern,Ideology DLC,ludeon.rimworld.ideology,사상,1x1,1,가능,,,"작업칸 (0,0,-1)",,재질(Metallic/Woody/Stony) 50,100,5000,10,Light,예,연설문을 놓을 기울어진 단상입니다. 의식이나 행사가 진행되는 곳의 중심에 배치하여 긍정적 효과의 지속시간을 늘릴 수 있습니다.,,,
대형 스피커,loudspeaker,Loudspeaker,Ideology DLC,ludeon.rimworld.ideology,사상,1x1,1,통과만,-150 W,,조명 반경 3,electricity,"Steel 80, ComponentIndustrial 2",100,1000,,Light,예,"음악을 크게 재생하기 위한 장치입니다. 댄스 파티를 개최하기 위해서 최소 하나가 필요하며, 많을수록 효과가 커집니다.",,,
대형 제단,large altar,Altar_Large,Ideology DLC,ludeon.rimworld.ideology,사상,3x2,6,통과만,,,"작업칸 (0,0, -1)",,재질(Metallic/Woody/Stony) 200,250,20000,20,Medium,,종교적 의식에 사용하는 대형 지지대입니다.,,,
무릎 방석,kneel sheet,KneelSheet,Ideology DLC,ludeon.rimworld.ideology,사상,2x2,4,가능,,,,,재질(Fabric/Leathery) 80,40,2400,10,Light,예,신자들이 기도할 때나 대화할 때 무릎을 편히 받쳐줍니다.,,,
미러볼,lightball,LightBall,Ideology DLC,ludeon.rimworld.ideology,사상,1x1,1,통과만,-60 W,,조명 반경 7,electricity,"Steel 30, ComponentIndustrial 1",100,1000,,Light,예,회전하면서 색이 바뀌는 장식용 전등입니다. 댄스 파티를 달아오르게 하기 위해 사용됩니다.,,,
방석,kneel pillow,KneelPillow,Ideology DLC,ludeon.rimworld.ideology,사상,1x1,1,가능,,,,,재질(Fabric/Leathery) 25,20,2400,10,Light,예,신자들이 기도할 때나 대화할 때 무릎을 편히 받쳐줍니다.,,,
번봉,burnbong,Burnbong,Ideology DLC,ludeon.rimworld.ideology,사상,1x1,1,통과만,,,,,"WoodLog 30, SmokeleafLeaves 150",50,10000,,Light,예,연초로 가득 찬 나무 구조물입니다. 의식에 사용될 수 있으며 몇 시간 동안 상당량의 연초 연기를 뿜어냅니다. 이후에는 파괴됩니다.,,,
벤치,pew,Pew,Ideology DLC,ludeon.rimworld.ideology,사상,3x1,3,가능,,,,,재질(Metallic/Woody/Stony) 100,100,2400,10,Light,예,의식 참여자들이 앉을 수 있는 긴 벤치입니다. 긍정적 효과를 얻기 위해서는 의식이 진행되는 곳 또는 주최자를 바라보도록 설치해야 합니다.,,,
북,drum,Drum,Ideology DLC,ludeon.rimworld.ideology,사상,1x1,1,통과만,,,"작업칸 (0,0,-1)",,"재질(Leathery/Fabric) 30, WoodLog 50",100,800,,Light,예,부족의 의식이나 파티의 음악을 담당하기 위해 사용하는 커다란 나무 북입니다.,,,
상징문양,ideogram,Ideogram,Ideology DLC,ludeon.rimworld.ideology,사상,3x3,9,가능,,,"작업칸 (0,0,-1)",,Steel 50,50,25000,10,Light,,땅에 그린 뒤 금속으로 테두리를 보강한 큰 문양입니다. 의식에 참여한 이들을 집중시키기 위해 사용됩니다.,,,
생체 재구축기,biosculpter pod,BiosculpterPod,Ideology DLC,ludeon.rimworld.ideology,사상,3x2,6,통과만,-200 W,,"저장 / 작업칸 (0,0,2)",biosculpting,"Steel 120, ComponentIndustrial 4",250,28000,-5,Light,예,"생체 활성 젤로 가득 찬 생체 재구축기입니다. 노화 역전과 즐거움을 주는 것을 포함하여 다양한 생물학적 변화를 수행할 수 있습니다.\n\n생체 재구축기는 주기가 끝날 때 사용자에 맞춰 조정되며, 조정된 동안에는 다른 사람이 사용할 수 없지만 작업 주기가 25% 더 빨리 완료됩니다. 재구축기를 80일 동안 사용하지 않으면 생체 조정이 재설정됩니다.\n\n재구축기는 작동 중에는 200W의 전력을",,,
성물함,reliquary,Reliquary,Ideology DLC,ludeon.rimworld.ideology,사상,3x2,6,통과만,,,"작업칸 (0,0,2)",complex furniture,"재질(Metallic/Stony) 300, Gold 75",350,40000,,Light,,성스러운 유물을 전시하고 보호하는 의식 건축물입니다. 유물은 많은 사람들과 문화 그리고 신앙에서 숭배하는 고대의 물품입니다.,,,
성탄 나무,christmas tree,ChristmasTree,Ideology DLC,ludeon.rimworld.ideology,사상,1x1,1,통과만,,,조명 반경 8,,"WoodLog 70, Steel 20",50,10000,10,Light,예,"전통적인 성탄절 기념 행사의 일부로서 만들어진, 장식품과 전구들로 꾸민 기념물입니다.",,,
소형 제단,small altar,Altar_Small,Ideology DLC,ludeon.rimworld.ideology,사상,1x1,1,통과만,,,"작업칸 (0,0, -1)",,재질(Metallic/Woody/Stony) 50,50,5000,10,Light,,종교적 의식에 사용하는 작은 지지대입니다.,,,
수면 가속기,sleep accelerator,SleepAccelerator,Ideology DLC,ludeon.rimworld.ideology,사상,1x1,1,통과만,-50 W,,"연결 설비 [BedRestEffectiveness 0.35, BedHungerRateFactor 0.20]",microelectronics,"Steel 50, ComponentIndustrial 5",100,6000,,Light,예,"생체 리듬을 가속하는 수면 보조 장치입니다. 정착민의 수면시간을 줄여주지만, 대량의 전기를 소모하며 허기를 느끼게 합니다. 반드시 머리맡에 배치되어야 합니다. 한 침대에 두 개 이상의 가속기를 두어도 추가효과는 없습니다.",,,
시체 우리,gibbet cage,GibbetCage,Ideology DLC,ludeon.rimworld.ideology,사상,1x1,1,통과만,,,저장,,재질(Metallic) 60,150,1600,,Medium,예,시체를 넣어두거나 전시하기 위해 만든 금속 우리입니다. 이 끔찍한 물건은 보는 이들로 하여금 공포와 혐오감을 불러일으킵니다. 노예들에게 공포를 심어주기에 특히 강력하고 효과적입니다.,,,
신경 과충전기,neural supercharger,NeuralSupercharger,Ideology DLC,ludeon.rimworld.ideology,사상,1x3,3,통과만,-400 W,,"작업칸 (0, 0, 2)",neural supercharger,"Steel 50, ComponentIndustrial 4",100,6000,,Light,예,"하루 한 번 신경 과충전을 가할 수 있는 신경 자극 장치입니다. 이 효과를 받은 정착민은 더욱 빨리 생각하고 학습하지만, 더 많은 음식을 소비할 것입니다. 효과는 하루 후 사라집니다. 신경 과충전기는 많은 전기를 소비합니다.",,,
연통 기계,autobong,Autobong,Ideology DLC,ludeon.rimworld.ideology,사상,2x2,4,통과만,-150 W,,연료 SmokeleafLeaves 25.0 / 조명 반경 10,microelectronics,"재질(Metallic/Woody) 100, SmokeleafLeaves 25, ComponentIndustrial 3",80,800,,Light,,주위에 증기 구름을 생성하는 자동 연초 연소 기계입니다. 연초의 구름 속에서 사람들은 서서히 취해 갈 것입니다.,,,
웅장한 제단,grand altar,Altar_Grand,Ideology DLC,ludeon.rimworld.ideology,사상,3x3,9,통과만,,,"작업칸 (0,0, -2)",,재질(Metallic/Woody/Stony) 300,350,30000,30,Medium,,종교적 의식에 사용하는 웅장한 지지대입니다.,,,
인육 더미,cannibal platter,CannibalPlatter,Ideology DLC,ludeon.rimworld.ideology,사상,2x3,6,통과만,,,,,Meat_Human 120,50,10000,,Light,예,식인 잔치를 위해 사람 고기를 잔뜩 쌓아둔 공간입니다.,,,
장작 더미,pyre,Pyre,Ideology DLC,ludeon.rimworld.ideology,사상,2x2,4,통과만,,,조명 반경 18,,WoodLog 100,100,5000,,Light,예,번제를 위해 쌓아둔 나무 탑입니다.,,,
저주 인형,effigy,Effigy,Ideology DLC,ludeon.rimworld.ideology,사상,1x1,1,통과만,,,조명 반경 10,,WoodLog 80,50,3000,,Light,예,사람 형태로 대강 만들어진 목상입니다. 의식에서 불태워지게 됩니다.,,,
중형 제단,medium altar,Altar_Medium,Ideology DLC,ludeon.rimworld.ideology,사상,3x1,3,통과만,,,"작업칸 (0,0, -1)",,재질(Metallic/Woody/Stony) 100,150,15000,15,Medium,,종교적 의식에 사용하는 중형 지지대입니다.,,,
행사 장소,ritual spot,RitualSpot,Ideology DLC,ludeon.rimworld.ideology,사상,1x1,1,가능,,,,,,,0,,Light,,행사나 의식을 행하는데 사용될 장소입니다.,,,
향로 제단,incense shrine,IncenseShrine,Ideology DLC,ludeon.rimworld.ideology,사상,2x2,4,통과만,,,,,WoodLog 100,80,12000,,Light,예,대량의 향료 상자를 모아둔 것입니다. 이것을 불태워 의식에 사용하는 강력한 향을 자아냅니다. 타고 나면 파괴됩니다.,,,
화장대,styling station,StylingStation,Ideology DLC,ludeon.rimworld.ideology,사상,3x1,3,통과만,,,"작업칸 (0,0,-1)",complex furniture,"재질(Metallic/Woody) 80, Steel 30",120,2000,,Medium,예,거울과 여러 치장용 도구가 있는 탁자입니다. 여기서 정착민의 외관을 변경할 수 있습니다.,,,
효수대,skullspike,Skullspike,Ideology DLC,ludeon.rimworld.ideology,사상,1x1,1,통과만,,,,,"재질(Woody/Metallic) 25, Skull 1",150,1600,0,Medium,예,"사람의 두개골을 꿰뚫어 높이 치켜 든 장대입니다. 어떤 이들에게는 힘의 상징이지만, 다른 이들에겐 야만적인 장식물로 보일 것입니다. 노예들에게 공포를 심어주는 대에는 탁월한 효과를 발휘합니다.",,,
희생제 깃발,sacrificial flag,SacrificialFlag,Ideology DLC,ludeon.rimworld.ideology,사상,1x1,1,통과만,,,조명 반경 10,,"Cloth 40, WoodLog 40",20,3000,,Light,예,적을 상징하는 깃발입니다. 의식의 행위로서 불태워질 준비가 끝났습니다.,,,
NCL 통신소,NCL Comms Console,NCLCommsConsole,Mechanoids: Total Warfare,nyar.nclvstw,기타,3x2,6,통과만,-200 W,,"작업칸 (0,0,2)",Ashes to Signal,"Steel 120, ComponentIndustrial 4",250,2200,,Medium,,매우 고전적인 외관을 가진 이 통신 장비는 내장된 디코더를 통해 3단계 암호화 통신 네트워크에 접속할 수 있습니다.,,,
"""아이언 레인"" 수직 발사 요격 시스템","Iron Rain"" Vertical Launch Interception System",NCL_Building_MissileSilo,Mechanoids: Total Warfare,nyar.nclvstw,방어,6x6,36,통과만,-2000 W,,,Vertical Launch Interception System,"Steel 1750, Plasteel 300, ComponentIndustrial 24, ComponentSpacer 8",5000,8000,,Light,예,NCL이 자체 개발한 '철의 비' 수직 발사 요격 시스템은 전 영역 미사일 방어 장비입니다. 전용 미사일 격납고를 탑재하고 중형 대미사일을 고밀도로 발사하는 것이 핵심 기능입니다. 이 시스템은 적 미사일을 원격으로 자동 추적하여 적 목표물을 파괴함으로써 전면 방어를 실현합니다. 미사일 격납고에는 중형 대미사일을 자율적으로 생산할 수 있는 소형 미사일 생산 시설이 탑재되어 있습니다. 미사일 한,,,
대스텔스 레이더,Spectre Detection Array,NCL_Overwatch_Nexus,Mechanoids: Total Warfare,nyar.nclvstw,방어,5x5,25,통과만,-2000 W,,,SpectreNet Array,"Steel 750, Plasteel 250, ComponentIndustrial 20, ComponentSpacer 8",1000,8000,,Light,예,"스텔스 기술에 대응하기 위해 특별히 설계된 전략 시설입니다. 고주파 펄스 방출을 통해 적 차량의 전자기 스텔스막을 강제로 제거하는 동시에, 주변에 전술 데이터 링크 네트워크를 구축하여 아군 기계화 부대에 실시간 전장 상황 정보를 제공합니다.",,,
레이저 포인트 방어 포탑,Laser Point Defense Turret,NCL_LaserDefenceTurret,Mechanoids: Total Warfare,nyar.nclvstw,방어,2x2,4,통과만,-150 W,,,Helios PD Turret,"Steel 225, Plasteel 75, ComponentIndustrial 3, ComponentSpacer 1",500,8000,,Light,,"식민지 최전선에 배치된 자동 요격 플랫폼은 지속적인 전력 공급을 통해 고주파 레이저 빔을 생성하여 박격포나 소이탄과 같은 저속 고각 발사체를 효과적으로 파괴할 수 있습니다. 높은 명중률에도 불구하고, 고속 항공기나 다수의 목표물로부터 집중 공격을 받을 경우 단일 지점 요격 능력은 심각한 한계에 직면하게 되므로, 지역 방공망을 유지하기 위해서는 여러 타워의 협조가 필수적입니다.",,,
이글 포격 건물,NCL_Eagle_Artillery_Building,NCL_Eagle_Artillery_Building,Mechanoids: Total Warfare,nyar.nclvstw,방어,7x7,49,통과만,-2000 W,,,Doom Calculation,"Steel 1750, Plasteel 800, ComponentIndustrial 50, ComponentSpacer 24, TW_ArmorBlitzWarfare 1, Shell_HighExplosive 100",5000,8000,,Light,예,NCL_Eagle_Artillery_Building,,,
테슬라 비콘,Tesla Beacon,NCL_Building_Lightingstrike,Mechanoids: Total Warfare,nyar.nclvstw,방어,6x6,36,통과만,-2000 W,,,Tesla Beacon,"Steel 750, Plasteel 250, ComponentIndustrial 20, ComponentSpacer 8",1000,8000,,Light,예,"테슬라 비콘은 NCL에서 개발한 전략급 전기 무기 시스템입니다. 전력망에 에너지를 저장하여 지속적으로 광역 낙뢰를 발생시켜 적 부대를 공격하며, 결정적인 순간에는 광범위한 EMP 충격을 방출하여 적의 전자 장비를 마비시킬 수 있어, 축적된 에너지를 직접적인 전장 제압 수단으로 전환할 수 있습니다.",,,
사이보노스 모수,Cybernethic Arbo,Cybernethic_Arbo,Mechanoids: Total Warfare,nyar.nclvstw,생명공학,5x5,25,통과만,-1000 W,,연료 NCL_AdvancedPowerCell 100.0 / 조명 반경 15 / 열 30/초,Cybernethetic Arbo,"Steel 800, Plasteel 800, ComponentIndustrial 20",3000,50000,2000,Medium,,"사이버노스 마더 트리는 NCL 정비사들이 개발한 전략적 수준의 기계 개조 시설입니다. 연료를 소모하여 범위 내 모든 아군 기계 유닛을 영구적으로 강화할 수 있으며, 기계 군단이 전장에서 진화할 수 있도록 지원하는 핵심 허브 역할을 합니다.",,,
쉘포트 신호기,Bastion Beacon,Omen_of_Shellfort,Mechanoids: Total Warfare,nyar.nclvstw,생명공학,3x3,9,통과만,,,,"ultra mechtech, Doom Calculation","Steel 750, Plasteel 250, ComponentSpacer 8",3000,24000,,Light,,"타이탄급 유닛의 하강을 유도하는 고강도 신호 장치인 ""쉘캐스터 컨스트럭트""입니다. 활성화되면 특정 명령을 궤도로 전송하여 셸캐스터 컨스트럭트를 전장에 공중 투하하고 주력 메크 부대와 함께 합동 공격을 개시합니다. 쉘캐스터 컨스트럭트가 충돌하면 해당 지역의 지형이 파괴되고 맵 전체에 미사일 공격이 억제됩니다. 이 장치는 활성화 후 자폭하며 한 번만 사용할 수 있습니다. 쉘캐스터 컨스트럭트를 파",,,
웨이브 링크 릴레이,Chainwave Relay,NCL_MechNode,Mechanoids: Total Warfare,nyar.nclvstw,생명공학,4x4,16,통과만,-6000 W,,,Chainwave Relay,"Steel 450, Plasteel 350, ComponentIndustrial 16, ComponentSpacer 8",550,8000,,Light,,"체인웨이브 중계소는 NCL 엔지니어와 정비사가 공동 개발한 양자 통신 노드입니다. 초기에는 20개의 기본 대역폭 포인트를 제공하며, 추가 전력을 소모하여 신호 강도를 향상시킬 수 있습니다. 안정적인 작동을 위해서는 지정된 정비사와 서비스 단말기로 연결되어야 합니다.",,,
재건축된 세레브렉스 코어,Cerebrex Core,TW_CerebrexCore_Rebuild,Mechanoids: Total Warfare,nyar.nclvstw,생명공학,7x7,49,불가,,,,Cerebrex Core Reactivation,"AIPersonaCore 1, Steel 1500, Uranium 1000, Plasteel 800, ComponentIndustrial 72, ComponentSpacer 36",7200,88000,500,Heavy,예,"이 고대 기계 문명의 신경 중심부는 맥동하는 양자 회로망으로 덮여 있습니다. 그 중심에는 반중력장을 통해 받침대 위에서 천천히 회전하는, 마치 뇌와 같은 신경 시냅스 구조물이 떠 있습니다. 메인프레임에 내장된 심우주 신호 배열은 은하계 전역에 좌표를 송출하여 잠들어 있는 기계 군단을 깨울 수 있습니다. 경고: 메인프레임을 활성화하면 식민지가 기계 제국의 공격에 노출됩니다. 재부팅 후에는 기계",,,
종말의 신호기,Omen of Doomsday,Omen_of_Doomsday,Mechanoids: Total Warfare,nyar.nclvstw,생명공학,3x3,9,통과만,,,,"ultra mechtech, Ignition of the Crucible","Steel 500, Plasteel 125, ComponentSpacer 4",1500,16000,,Light,,"기존의 기계식 신호 안테나보다 훨씬 뛰어난 고성능 메카닉 신호 송신기입니다. 작동 시, 매우 강력한 펄스 신호를 방출하여 타이탄급 메카닉 Doxa-0과 호위 부대를 전투 위치로 유도합니다. 만약 격파될 경우, 잔해에서 희귀한 기술 부품을 추출할 수 있습니다. 신호 펄스가 송신기를 파괴하기 때문에, 이 전투 신호기는 한 번만 사용할 수 있습니다.",,,
경수로 발전소,Light Water Reactor,NCL_LightWaterReactor,Mechanoids: Total Warfare,nyar.nclvstw,전력,7x7,49,통과만,CompPowerAdjustable,,연료 Uranium 5000 / 조명 반경 8,Advanced Nuclear Power,"Steel 1000, Plasteel 800, ComponentIndustrial 54, ComponentSpacer 24",4000,120000,-40,Heavy,,"경수로(Light Water Reactor)는 NCL에서 개발한 모듈형 원자력 발전소입니다. 우라늄 연료를 사용하며 최대 28만 와트의 전력을 유연하게 생산할 수 있지만, 원자로 노심 온도를 120°C 이하로 유지하기 위해 외부 냉각 시스템이 필요합니다. 냉각 시스템이 고장 나면 ""공극 계수""로 인해 출력이 급격히 증가하여 연료봉이 녹아내리게 되며, 폭발력은 남은 연료의 양에 따라 달라집니다",,,
고급 축전지,Advanced Battery,NCL_Battery,Mechanoids: Total Warfare,nyar.nclvstw,전력,1x2,2,통과만,,,축전 2000 Wd,Advanced Battery Systems,"Steel 100, Plasteel 40, ComponentIndustrial 1",200,800,4,Medium,예,"이 고급 축전지는 NCL 엔지니어들이 개발한 중형 에너지 저장 장치입니다. 양자 커패시터 기술을 적용하여 2000W의 전력을 안정적으로 저장할 수 있으며, 극한 환경에서도 높은 효율의 충방전 성능을 유지합니다.",,,
대형 축전지,Heavy Battery Array,NCL_Large_Battery,Mechanoids: Total Warfare,nyar.nclvstw,전력,2x4,8,통과만,,,축전 12000 Wd,"Advanced Battery Systems, Research of Megastructures","Steel 300, Plasteel 175, ComponentSpacer 1",4000,800,16,Medium,예,"이 대형 축전지는 NCL이 군용 전력 수요를 충족하기 위해 특별히 설계한 고용량 에너지 저장 장치입니다. 향상된 양자 커패시터 어레이 기술을 채택하여 최대 12,000W의 전력을 안정적으로 저장함으로써 최전선 기지와 중장비의 에너지 수요를 충족할 수 있습니다.",,,
대형 벳포드,VetPod Large,MedPodAnimalMedium,MedPod,sumghai.medpod,가구,3x3,9,통과만,-500 W,,침대,Accelerated Cellular Regeneration,"ComponentIndustrial 14, ComponentSpacer 10, IsolinearProcessor 1, Plasteel 450, Steel 180",600,48000,10,Medium,예,"세포 재생 가속화 기술을 이용해 거의 모든 종류의 부상과 질병을 치료할 수 있고, 손상된 장기와 팔다리 재생도 가능한 첨단 회복 침대입니다.\n\n이 파생형은 대형 동물용으로 설계되었지만, 더 작은 동물도 치료할 수 있습니다.",,,
메드포드,MedPod,MedPodStandard,MedPod,sumghai.medpod,가구,3x3,9,통과만,-500 W,,침대,Accelerated Cellular Regeneration,"ComponentIndustrial 12, ComponentSpacer 8, IsolinearProcessor 1, Plasteel 200, Steel 80",250,30000,20,Medium,예,"세포 재생 가속화 기술을 이용해 거의 모든 종류의 부상과 질병을 치료할 수 있고, 손상된 장기와 팔다리 재생도 가능한 첨담 회복 침대입니다.\n\n이 표준형은 번화계 무료 공중 보건 진료소에서 흔히 볼 수 있습니다.",,,
메드포드 Lux,MedPod Lux,MedPodLux,MedPod,sumghai.medpod,가구,3x3,9,통과만,-500 W,,침대,Accelerated Cellular Regeneration,"재질(Metallic/Woody/Stony) 120, ComponentIndustrial 12, ComponentSpacer 10, Gold 50, IsolinearProcessor 1, Plasteel 150, Steel 80",250,50000,60,Medium,예,"세포 재생 가속화 기술을 이용해 거의 모든 종류의 부상과 질병을 치료할 수 있고, 손상된 장기와 팔다리 재생도 가능한 첨단 회복 침대입니다.\n\n금세공과 젤 주입형 메모리폼 매트리스가 장착된 고급형입니다. 더 빠른 진단과 치료를 할 수 있지만, 더 높은 전력 소비량이 필요합니다.",,,
벳포드,VetPod,MedPodAnimal,MedPod,sumghai.medpod,가구,3x3,9,통과만,-500 W,,침대,Accelerated Cellular Regeneration,"ComponentIndustrial 12, ComponentSpacer 8, IsolinearProcessor 1, Plasteel 300, Steel 160",450,36000,10,Medium,예,"세포 재생 가속화 기술을 이용해 거의 모든 종류의 부상과 질병을 치료할 수 있고, 손상된 장기와 팔다리 재생도 가능한 첨단 회복 침대입니다.\n\n이 파생형은 애완동물과 작은 가축용으로 설계되었습니다.",,,
초대형 벳포드,VetPod Mega,MedPodAnimalBig,MedPod,sumghai.medpod,가구,5x5,25,통과만,-500 W,,침대,Accelerated Cellular Regeneration,"ComponentIndustrial 18, ComponentSpacer 14, IsolinearProcessor 1, Plasteel 800, Steel 400",2000,150000,5,Heavy,예,"세포 재생 가속화 기술을 이용해 거의 모든 종류의 부상과 질병을 치료할 수 있고, 손상된 장기와 팔다리 재생도 가능한 첨단 회복 침대입니다.\n\n이 파생형은 초대형 동물용으로 설계되었지만, 더 작은 동물도 치료할 수 있습니다.",,,
가상 생산 인터페이스,virtual production interface,MEXY_VirtualProductionInterface,Milira Expanded - Future Technology,xiyueym.miliraexpandedxy,미래 기술,1x1,1,불가,-300 W,,,Basic Force Manipulation,"Milira_SplendidSteel 200, Milira_SolarCrystal 1",500,3500,1,Light,,"A compact processor for worktables without a built-in network connection. It occupies a building's interaction cell, reads that building's supported recipes, and executes compatible virtual-network production orders with",,,
물질 분해기,matter decomposer,MiliraExpandedXY_MatterDecomposer,Milira Expanded - Future Technology,xiyueym.miliraexpandedxy,미래 기술,3x2,6,가능,-750 W,,"작업칸 (0,0,-1)",Mass Weaving,"Milira_SplendidSteel 160, Milira_SolarCrystal 6, MEXY_GravilatticeAlloy 40",1800,26000,2,Light,,A fully automated stationary decomposition platform with filtered internal storage and a built-in connection to the global virtual network; it needs no production interface. It requires no colonist operator. Stored items,,,
물질 재조합기,matter recomposer,MiliraExpandedXY_MatterRecomposer,Milira Expanded - Future Technology,xiyueym.miliraexpandedxy,미래 기술,3x2,6,가능,-900 W,,"작업칸 (0,0,-1)",Mass Weaving,"Milira_SplendidSteel 180, Milira_SolarCrystal 8, MEXY_GravilatticeAlloy 50, MEXY_StandardMatterUnit 40",1800,28000,2,Medium,예,A fully automated stationary reconfiguration platform with a built-in connection to the global virtual network; it needs no production interface. Player-created manual bills and network orders are both executed by the de,,,
배치된 접힌 공간 배열,deployed folded-space array,MEXY_SmartMolecularShaper,Milira Expanded - Future Technology,xiyueym.miliraexpandedxy,미래 기술,3x2,6,가능,,,저장,Basic Force Manipulation,"Milira_SunPlateSteel 30, Milira_SolarCrystal 4, MEXY_GravilatticeAlloy 15, MEXY_StandardMatterUnit 30",900,12000,2,Light,,A deployed capacity anchor for the global folded-space storage network. Each completed player-owned array adds 32 virtual material types and 90 preserved entity stacks to the network across all maps. Its capacity remains,,,
생명 정수 추출기,life essence extractor,MiliraExpandedXY_LifeEssenceExtractor,Milira Expanded - Future Technology,xiyueym.miliraexpandedxy,미래 기술,3x2,6,통과만,-600 W,,"작업칸 (0,0,-1)",God Equation,"Milira_SplendidSteel 120, Milira_FeatherThread 60, Milira_SolarCrystal 8, Milira_SunPlateSteel 50",1800,26000,2,Light,,A fully automated bio-extraction platform with a built-in connection to the global virtual network; it needs no production interface. Stored organic inputs are processed first and eject physical life essence first; when ,,,
생체 배양 모듈,bio cultivation module,MEXY_BioCultivationModule,Milira Expanded - Future Technology,xiyueym.miliraexpandedxy,미래 기술,2x2,4,가능,-600 W,,"작업칸 (0,0,-1)",Controlled Cultivation,"Milira_SplendidSteel 120, Milira_FeatherThread 80, Milira_SolarCrystal 4, MEXY_LifeEssenceUnit 30",1200,18000,1,Light,,"A compact network-linked biocultivation module. It draws all life essence directly from virtual storage, grows Codex-recorded animals internally, then routes slaughter products or regular animal byproducts either back in",,,
스마트 간호 병상,smart care hospital bed,MiliraExpandedXY_SmartHospitalBed,Milira Expanded - Future Technology,xiyueym.miliraexpandedxy,미래 기술,1x2,2,통과만,,,연결 가능 설비 4종 / 연료 MEXY_LifeEssenceUnit 20 / 침대,"hospital bed, multi-analyzer, Universalized Care","Milira_SunPlateSteel 25, Milira_SplendidSteel 140, Milira_FeatherThread 90, Milira_SolarCrystal 8, MEXY_LifeEssenceUnit 25",260,5200,,Light,예,"An advanced intelligent medical bed. It combines accelerated rest with surgical guidance and enhanced recovery systems, greatly improving treatment outcomes.",,,
스마트 침대,smart bed,MiliraExpandedXY_SmartBed,Milira Expanded - Future Technology,xiyueym.miliraexpandedxy,미래 기술,1x2,2,통과만,,,연결 가능 설비 4종 / 침대,"hospital bed, Intelligent Physiological Regulation","Milira_SplendidSteel 120, Milira_FeatherThread 60, Milira_SolarCrystal 4",220,3600,,Light,예,"An intelligent bed with embedded care systems. It is used like a normal bed, but provides the same medical support baseline as a hospital bed while dramatically improving rest speed.",,,
심층 광맥 추출기,deep vein extractor,MiliraExpandedXY_DeepVeinExtractor,Milira Expanded - Future Technology,xiyueym.miliraexpandedxy,미래 기술,2x2,4,통과만,-400 W,,,Deep Vein Extraction,"ComponentSpacer 1, MEXY_GravilatticeAlloy 25, MEXY_PsycholuxCrystal 1",3200,45000,4,Light,,An automated deep-vein extraction array that consumes local deep-vein reserve to produce selected deep-drill resources at a controlled rate.,,,
심층 광맥 파쇄 채굴기,deep vein fracture miner,MiliraExpandedXY_AutoDeepVeinBreaker,Milira Expanded - Future Technology,xiyueym.miliraexpandedxy,미래 기술,2x2,4,통과만,-800 W,,,Deep Vein Extraction,"ComponentSpacer 2, MEXY_GravilatticeAlloy 41, MEXY_OverloadCrystal 3",4500,90000,4,Light,,A fully automated deep-vein fracture mining device. It consumes enormous power and periodically produces random deep-drill resources without pawn operation.,,,
유전자 배양기,gene cultivator,MEXY_GeneCultivator,Milira Expanded - Future Technology,xiyueym.miliraexpandedxy,미래 기술,3x2,6,가능,-900 W,,"작업칸 (0,0,-1)",Evolution Catalysis,"Milira_SplendidSteel 140, Milira_FeatherThread 80, Milira_SolarCrystal 6, MEXY_LifeEssenceUnit 40",1800,28000,2,Light,,"A directed gene cultivation platform connected to the virtual storage network. It draws life essence from the network when cultivation begins, then grows implantable xenogerms for selected genes.",,,
유전자 종합 분석기,gene comprehensive analyzer,MEXY_GeneComprehensiveAnalyzer,Milira Expanded - Future Technology,xiyueym.miliraexpandedxy,미래 기술,3x2,6,가능,-900 W,,"작업칸 (0,0,-1)",Evolution Catalysis,"Milira_SplendidSteel 150, Milira_FeatherThread 60, Milira_SolarCrystal 10, MEXY_LifeEssenceUnit 60",1800,30000,2,Light,,A gene analysis chamber connected to the virtual storage network. It draws life essence from the network to record genes from loaded corpses or pawns into the Codex.,,,
입자 구축기,particle constructor,MEXY_ParticleConstructor,Milira Expanded - Future Technology,xiyueym.miliraexpandedxy,미래 기술,3x2,6,통과만,-300 W,,"작업칸 (0,0,-1)",Basic Force Manipulation,"Milira_SunPlateSteel 30, Milira_SolarCrystal 4, MEXY_GravilatticeAlloy 15, MEXY_StandardMatterUnit 30",900,12000,2,Medium,예,"A network-integrated particle construction worktable. Its recipes can be assigned as ordinary bills for colonists to haul physical ingredients and craft products on the map, while compatible recipes can also be automated",16,"중력격자 합금, 중력격자 비단, 태양 연료, 태양단강, 사이코룩스 결정, 고에너지 물질 단위, 과부하 결정, 기적 결정, 공명 칩, 영혼 승천 동기화기, 에테림 심판자, 섬멸 폭풍, 접힌 공간 가속기, 균열 날, 드론 탑재 장구 II, 드론 탑재 장구 III",
자동 물질 추출기,self-running matter extractor,MiliraExpandedXY_AutoMatterExtractor,Milira Expanded - Future Technology,xiyueym.miliraexpandedxy,미래 기술,2x2,4,통과만,-400 W,,"작업칸 (0,0,-1)",Mass Extraction,"ComponentSpacer 1, MEXY_GravilatticeAlloy 23, MEXY_PsycholuxCrystal 1",5000,80000,20,Light,,"An automated matter extractor that can run unattended, producing standard matter units at stable baseline speed. A skilled operator can accelerate its extraction rate.",,,
접힌 공간 스마트 응답점,folded-space smart response point,MEXY_FoldedStorageSmartResponsePoint,Milira Expanded - Future Technology,xiyueym.miliraexpandedxy,미래 기술,1x1,1,가능,-100 W,,"저장 칸당 24묶음 / 작업칸 (0,0,-1)",Advanced Space Theory,"Steel 25, ComponentIndustrial 2",500,3500,1,Light,예,"This building's logic is still being tested!! It may not work in every situation. If you encounter problems, try using a regular folded-space output point. An automatic response endpoint linked to the global folded-space",,,
접힌 공간 입력점,folded-space input point,MEXY_FoldedStorageInputPoint,Milira Expanded - Future Technology,xiyueym.miliraexpandedxy,미래 기술,1x1,1,가능,-100 W,,"저장 / 작업칸 (0,0,-1)",Advanced Space Theory,"Steel 25, ComponentIndustrial 2",500,3500,1,Light,예,"A compact logistics inlet for the global folded-space network. Homogeneous materials become virtual counts, while stateful objects are retained as exact, non-ticking instances. Corpses cannot be deposited through this po",,,
접힌 공간 출력점,folded-space output point,MEXY_FoldedStorageOutputPoint,Milira Expanded - Future Technology,xiyueym.miliraexpandedxy,미래 기술,1x1,1,가능,-100 W,,"저장 칸당 24묶음 / 작업칸 (0,0,-1)",Advanced Space Theory,"Steel 25, ComponentIndustrial 2",500,3500,1,Light,예,"A compact output container linked to the global folded-space network. It materializes virtual counts or releases preserved instances unchanged, maintaining up to eight selected items and twenty-four hidden physical stack",,,
정수 배양 포드,essence cultivation pod,MEXY_EssenceCultivationPod,Milira Expanded - Future Technology,xiyueym.miliraexpandedxy,미래 기술,3x2,6,통과만,-900 W,,"작업칸 (0,0,-1)",Weaver Of Life,"Milira_SplendidSteel 160, Milira_FeatherThread 120, Milira_SolarCrystal 8, MEXY_LifeEssenceUnit 80",1800,30000,2,Light,,A life essence cultivation chamber connected to the virtual storage network. It can suspend a living pawn for a three-day healing cycle that repeatedly applies the effect of healer mech serum until no curable condition r,,,
핵융합로,fusion reactor,MiliraExpandedXY_FusionReactor,Milira Expanded - Future Technology,xiyueym.miliraexpandedxy,미래 기술,5x5,25,통과만,-0 W,,,High-Energy Field Confinement,"ComponentSpacer 6, MEXY_GravilatticeAlloy 125, MEXY_OverloadCrystal 14",5000,80000,20,Light,,"A high-energy fusion reactor derived from Solringen-class spatial-interference technology. It draws high-energy matter directly from virtual storage for ignition, then consumes networked standard matter as fusion feedsto",,,
휴대용 물질 분해기,portable matter decomposer,MiliraExpandedXY_PortableMatterDecomposer,Milira Expanded - Future Technology,xiyueym.miliraexpandedxy,미래 기술,2x1,2,가능,-400 W,,"작업칸 (0,0,-1)",Matter Construction,"Milira_SplendidSteel 90, Milira_SolarCrystal 3, MEXY_GravilatticeAlloy 15",900,12000,1,Light,예,"A fully automated, compact and minifiable decomposition unit with filtered internal storage and a built-in connection to the global virtual network; it needs no production interface. It requires no colonist operator. Sto",,,
휴대용 물질 재조합기,portable matter recomposer,MiliraExpandedXY_PortableMatterRecomposer,Milira Expanded - Future Technology,xiyueym.miliraexpandedxy,미래 기술,2x1,2,가능,-500 W,,"작업칸 (0,0,-1)",Matter Construction,"Milira_SplendidSteel 100, Milira_SolarCrystal 4, MEXY_GravilatticeAlloy 20, MEXY_StandardMatterUnit 20",900,14000,1,Medium,예,"A fully automated, compact and minifiable reconfiguration unit with a built-in connection to the global virtual network; it needs no production interface. Player-created manual bills and network orders are both executed ",,,
"""별빛"" 미사일 발사기","""Star light"" Missile Launcher",MiliraImperiumTurret_MissileLauncher,Milira Faction: Milira Imperium,ariandel.miliraimperium,밀리라,3x3,9,통과만,,,,Impulse Thrusters,"Milira_SunPlateSteel 420, Milira_SolarCrystal 75, ComponentSpacer 20, Milira_DarkMatter 2",1040,24000,40,Heavy,,"함선 탑재용 군집 미사일 클러스터 내의 단일 발사 유닛 역할을 하는 소형 미사일 발사기입니다.\n\n능동 레이더 유도 미사일을 발사합니다. 미사일은 불안정한 중성자 군집을 탄두로 사용하며, 대형 표적에 특히 효과적입니다.\n\n(대상의 크기 배율이 n배일 경우 미사일 데미지는 n배가 됩니다. 대상의 크기가 1.0 미만이면 데미지는 1배로 유지됩니다.)",,,
"""별자리"" 위상 교란기","""Constellation"" Phase Disruptor",MiliraImperiumTurret_Disruptor,Milira Faction: Milira Imperium,ariandel.miliraimperium,밀리라,5x5,25,통과만,,,,Phase Disruptors,"Milira_SunPlateSteel 120, Milira_Neutronium 240, Milira_SolarCrystal 120, ComponentSpacer 30, Milira_DarkMatter 10",2880,72000,40,Heavy,,"밀리라 제국에서 널리 사용하는 중형 함포로, 주로 중단거리에서 소형 군함을 요격하기 위해 설계되었습니다. 단일 밀리라 전함에는 보통 수백 개의 이러한 포탑이 장착되어 암흑 초월공학 전함에 효과적인 제압 사격을 가합니다.\n\n이 포탑은 피해 감소 계수를 무시할 수 있는 교란 광선을 발사합니다.",,,
"""태풍"" 감마 레이저포","""Typhoon"" gamma laser cannon",MiliraImperiumTurret_Typhoon,Milira Faction: Milira Imperium,ariandel.miliraimperium,밀리라,2x2,4,통과만,,,,Ship Gun Downsizing,"Milira_SunPlateSteel 120, Milira_SolarCrystal 30, ComponentSpacer 2, Milira_DarkMatter 1",560,10000,40,Heavy,,"밀리라 제국 식민지에서 주로 사용하는 감마 레이저 포탑입니다. ""태풍""은 함선용 감마 레이저 캐논의 소형화 버전으로, 지상 방어에 적합하며 조립 비용이 저렴합니다.",,,
"""템페스트"" 아크 방출기","""Tempest"" Arc Emitter",MI_Building_ArcEmitter,Milira Faction: Milira Imperium,ariandel.miliraimperium,밀리라,5x5,25,통과만,,,,Focused Arc Emitter,"Milira_SunPlateSteel 120, Milira_Neutronium 240, Milira_SolarCrystal 120, ComponentSpacer 30, Milira_DarkMatter 10",5040,72000,40,Heavy,,"밀리라 제국 전함의 부무장으로 흔히 사용되는 소형 아크 포탑입니다.\n\n아크는 대상에게 100% 명중하며, 주 타격 대상으로부터 1칸 이내의 적에게는 절반의 피해를 입힙니다. 방어막을 공격할 때, 집중된 아크는 훨씬 더 큰 에너지 고갈을 유발합니다.\n\n아크에 여러 번 적중당한 적은 의식을 잃게 됩니다.\n\n이 포탑이 발사하는 아크는 받는 피해 계수를 무시합니다.",,,
"""토네이도"" 이온 회전포","""Tornado"" ion rotary cannon",MiliraImperiumTurret_MiniGun,Milira Faction: Milira Imperium,ariandel.miliraimperium,밀리라,2x2,4,통과만,,,,Ship Gun Downsizing,"Milira_SunPlateSteel 120, Milira_SolarCrystal 30, ComponentSpacer 2, Milira_DarkMatter 1",560,10000,40,Heavy,,"밀리라 제국 식민지에서 주로 사용하는 이온 미니건 포탑입니다. ""토네이도""는 함선용 스톰파이어 캐논의 소형화 버전으로, 지상 방어에 적합하며 조립 비용이 저렴합니다.",,,
"""혜성"" 플라즈마포","""Comet"" Plasma Cannon",MiliraImperiumTurret_PlasmaCannon,Milira Faction: Milira Imperium,ariandel.miliraimperium,밀리라,3x3,9,통과만,,,,Plasma Accelerators,"Milira_SunPlateSteel 360, Milira_SolarCrystal 40, ComponentSpacer 5, Milira_DarkMatter 1",1680,24000,40,Heavy,,밀리라 제국의 구축함에 주로 탑재되는 플라즈마포입니다.,,,
등나무,Wisteria,MI_Building_Wisteria,Milira Faction: Milira Imperium,ariandel.miliraimperium,밀리라,3x3,9,통과만,,,조명 반경 6,Sky Elf Furniture,"Milira_SplendidSteel 200, Milira_SolarCrystal 10",800,8000,1200,Light,예,희미한 보라색 빛을 발산하는 큰 등나무입니다.,,,
밀리라 2인용 침대,Milira double bed,MI_Building_DoubleBed,Milira Faction: Milira Imperium,ariandel.miliraimperium,밀리라,2x2,4,통과만,,,연결 가능 설비 5종 / 침대,Sky Elf Furniture,"재질(Fabric) 80, Milira_SplendidSteel 180, ComponentIndustrial 10, Milira_SolarCrystal 10",400,1200,60,Light,예,밀리라 스타일의 고급 2인용 침대입니다. 병실에서 사용하기에도 적합합니다.,,,
밀리라 나무 전등,Milira tree lamp,MI_Building_FloodLight,Milira Faction: Milira Imperium,ariandel.miliraimperium,밀리라,1x1,1,통과만,,,조명 반경 24,Sky Elf Furniture,Milira_SplendidSteel 50,240,600,50,Light,예,햇빛 나무를 담고 있는 스탠드형 조명입니다. '발레리 안드레아'가 디자인했습니다.,,,
밀리라 노트북,Milira laptop,MI_Building_Laptop,Milira Faction: Milira Imperium,ariandel.miliraimperium,밀리라,1x1,1,통과만,,,"작업칸 (0,0,1)",Sky Elf Furniture,"Milira_SplendidSteel 120, ComponentIndustrial 15, Milira_SolarCrystal 10",240,2000,,Light,예,성간 네트워크를 이용할 수 있는 노트북입니다. 비디오 게임을 즐기면 사격 실력을 쌓는 데 도움이 될지도 모릅니다. '발레리 안드레아'라는 밀리라가 디자인했습니다.,,,
밀리라 대형 옷장,Milira big wardrobe,MI_Building_WardrobeII,Milira Faction: Milira Imperium,ariandel.miliraimperium,밀리라,2x1,2,통과만,,,연결 설비 [Comfort 0.05] 거리 6,Sky Elf Furniture,Milira_SplendidSteel 80,400,500,80,Light,예,밀리라 양식의 대형 옷장입니다.,,,
밀리라 서랍장,Milira dresser,MI_Building_Dresser,Milira Faction: Milira Imperium,ariandel.miliraimperium,밀리라,2x1,2,통과만,,,연결 설비 [Comfort 0.2] 거리 6,Sky Elf Furniture,Milira_SplendidSteel 50,200,2000,40,Light,예,근처 침대에 안락함 보너스를 주는 서랍장입니다. '발레리 안드레아'가 디자인했습니다.,,,
밀리라 식물 전등,Milira plant lamp,MI_Building_StandingLamp,Milira Faction: Milira Imperium,ariandel.miliraimperium,밀리라,1x1,1,통과만,,,조명 반경 12,Sky Elf Furniture,Milira_SplendidSteel 20,120,300,20,Light,예,햇빛 식물이 들어있는 스탠드입니다. 탁자 위에 놓을 수도 있습니다. '발레리 안드레아'가 디자인했습니다.,,,
밀리라 옷장,Milira wardrobe,MI_Building_Wardrobe,Milira Faction: Milira Imperium,ariandel.miliraimperium,밀리라,1x1,1,통과만,,,연결 설비 [Comfort 0.05] 거리 6,Sky Elf Furniture,Milira_SplendidSteel 40,300,500,50,Light,예,밀리라 양식의 옷장입니다.,,,
밀리라 의자,Milira chair,MI_Building_Chair,Milira Faction: Milira Imperium,ariandel.miliraimperium,밀리라,1x1,1,가능,,,,Sky Elf Furniture,"재질(Fabric/Leathery) 60, Milira_SplendidSteel 20",200,1200,10,Light,예,편안한 1인용 의자입니다.,,,
밀리라 제국 깃발,Milira Imperium Banner,MI_Building_ImperiumBannerProjection,Milira Faction: Milira Imperium,ariandel.miliraimperium,밀리라,1x1,1,통과만,,,조명 반경 6,Sky Elf Furniture,"Milira_SplendidSteel 120, ComponentIndustrial 10, Milira_SolarCrystal 10",600,,200,Light,예,밀리라 제국의 깃발을 영구적으로 유지하는 자체 유지 투사 장치입니다.,,,
밀리라 중력 직조기,Milira Gravity Loom,Milira_GravityLoom,Milira Faction: Milira Imperium,ariandel.miliraimperium,밀리라,3x3,9,통과만,-20000 W,,"조명 반경 15.0 / 연결 가능 설비 1종 / 작업칸 (0,0,-2)",Matter Weaving,"Milira_SplendidSteel 400, Milira_SunPlateSteel 120, ComponentSpacer 5, Milira_PsionicCore 1",2400,120000,,Medium,예,"초능력으로 조정된 공간 곡률 배열을 사용하여 중력의 힘을 우아하게 다루고, 물질을 필요한 형태로 빚어냅니다.",81,"장막 재, 뉴트로늄, 뉴트로늄 직물, 광휘강, 플라스틸, 태양단강, 밀리라 레트로 기사 갑옷, 밀리라 레트로 기사 투구, 밀리라 레트로 헌터 슈트, 밀리라 레트로 헌터 헬멧, 밀리라 고스트 전술 슈트, 밀리라 고스트 전술 고글, 밀리라 시그룬 파워 아머, 밀리라 시그룬 파워 헬멧, 밀리라 셀레네 아머, 밀리라 셀레네 헤드셋, 밀리라 복고풍 해군 제복, 밀리라 깃털 장식, 밀리라 포세이돈 파워 아머, 밀리라 포세이돈 모듈, 밀리라 대거 전투복, 밀리라 전투 마스크, 밀리라 전투 코트, 밀리라 아스테리아 제복, 밀리라 사제복, 밀리라 ",
밀리라 침대,Milira bed,MI_Building_Bed,Milira Faction: Milira Imperium,ariandel.miliraimperium,밀리라,1x2,2,통과만,,,연결 가능 설비 5종 / 침대,Sky Elf Furniture,"재질(Fabric) 40, Milira_SplendidSteel 90, ComponentIndustrial 5, Milira_SolarCrystal 5",300,1200,50,Light,예,밀리라 스타일의 고급 침대입니다. 개인 침실은 물론 병원용 침대로 쓰기에도 아주 좋습니다.,,,
밀리라 탁자 (1x2),Milira table (1x2),MI_Building_Table1x2c,Milira Faction: Milira Imperium,ariandel.miliraimperium,밀리라,1x2,2,통과만,,,,Sky Elf Furniture,Milira_SplendidSteel 40,300,800,30,Light,예,밀리라 스타일의 탁자입니다.,,,
밀리라 탁자 (2x2),Milira table (2x2),MI_Building_Table2x2c,Milira Faction: Milira Imperium,ariandel.miliraimperium,밀리라,2x2,4,통과만,,,,Sky Elf Furniture,Milira_SplendidSteel 80,400,1500,50,Light,예,밀리라 스타일의 탁자입니다. '발레리 안드레아'가 디자인했습니다.,,,
밀리라 협탁,Milira end table,MI_Building_EndTable,Milira Faction: Milira Imperium,ariandel.miliraimperium,밀리라,1x1,1,통과만,,,연결 설비 [Comfort 0.2] / 조명 반경 4,Sky Elf Furniture,"Milira_SplendidSteel 30, Milira_SolarCrystal 1",100,1000,40,Light,예,침대 곁에 두면 안락함을 더해주는 작은 탁자입니다. '발레리 안드레아'가 디자인했습니다.,,,
보조 복제기,Auxiliary Replicator,Milira_AuxiliaryReplicator,Milira Faction: Milira Imperium,ariandel.miliraimperium,밀리라,2x2,4,통과만,,,연결 설비 [WorkTableWorkSpeedFactor 3.20],Sky Elf Furniture,"Milira_SplendidSteel 420, Milira_SolarCrystal 25, Milira_DarkMatter 15, ComponentSpacer 10",1200,2500,120,Light,예,"내장된 암흑 물질 배터리 팩으로 구동되는 보조 복제기입니다.\n\n주변 밀리라 작업대의 생산 작업을 보조하여 정밀 부품 제작을 돕고, 제조 속도를 크게 향상시킵니다.\n\n밀리라 제국의 거의 모든 가정에 보급된 저렴하고 사용하기 쉬운 생산 시설입니다.\n\n연결 가능한 시설:\n밀리라 재봉 작업대\n밀리라 인쇄 작업대\n밀리라 드론 인쇄기\n밀리라 부품 작업대.",,,
암흑 물질 구속기,Dark Matter Constrainer,MI_Building_DarkMatterConstrainer,Milira Faction: Milira Imperium,ariandel.miliraimperium,밀리라,3x3,9,통과만,-40000 W,,조명 반경 15,Dark Matter Constraint,"Milira_SplendidSteel 1000, Milira_SunPlateSteel 400, Milira_SolarCrystal 10, ComponentSpacer 5, Milira_GargantuaCore 1",2000,120000,,Light,,"밀리라 제국이 지상 정착지에 널리 배치하는 초소형 암흑 물질 구속기입니다.\n\n군함이나 궤도 거주구에 건설되는 거대한 암흑 물질 구속기에 비해 암흑 물질 생산량은 훨씬 적지만, 크기가 훨씬 작을 뿐만 아니라 작동에 필요한 전력도 매우 적습니다.\n\n해당 효과는 CPU 로직이 아닌 GPU 셰이더를 통해 주로 구현되므로, <color=#7AD77D>TPS에 눈에 띄는 영향을 주지 않습니다</",,,
암흑 물질 발전기,Dark Matter Reactor,Milira_DarkMatterReactor,Milira Faction: Milira Imperium,ariandel.miliraimperium,밀리라,3x3,9,통과만,+80000 W 발전,,연료 Milira_DarkMatter 10.0 / 조명 반경 10,Dark Matter Power,"Milira_SplendidSteel 300, Milira_SunPlateSteel 150, Milira_SolarCrystal 4, ComponentSpacer 4",2400,6000,20,Medium,,밀리라 제국의 민간 성간함선에서 널리 사용되는 소형 암흑 물질 발전기입니다. 군함에 탑재되는 군용 발전기에 비해 저렴하고 소형이며 유지보수가 쉽습니다.,,,
암흑 물질 축전지,Dark Matter Battery,Milira_DarkMatterBattery,Milira Faction: Milira Imperium,ariandel.miliraimperium,밀리라,1x1,1,통과만,+5000 W 발전,,조명 반경 1 / 연결 설비 [WorkTableWorkSpeedFactor 0.80],Dark Matter Power,"Milira_SplendidSteel 180, Milira_DarkMatter 10, Milira_SolarCrystal 4, ComponentSpacer 4",500,2500,20,Light,예,"암흑 물질이 밀봉되어 있고 초미세 반응기가 장착된 이 배터리는 최소 400년 동안 지속적으로 작동할 수 있습니다.\n\n이 배터리는 우주 전투기와 같은 밀리라 제국의 소규모 군사 장비에 흔히 사용됩니다.\n\n또한, 중력 직조기의 성능을 크게 강화할 수 있습니다. 중력 직조기 하나에 최대 4개의 암흑 물질 배터리를 연결할 수 있습니다.",,,
유프라테스 포플러,Euphrates poplar,Milira_Euphratespoplar,Milira Faction: Milira Imperium,ariandel.miliraimperium,밀리라,2x2,4,통과만,-400 W,,조명 반경 5,Sky Elf Furniture,"Milira_SplendidSteel 120, Milira_SolarCrystal 10",800,8000,200,Light,,"한때는 사막의 척박한 나무였으나, 유전자 조작을 거쳐 일 년 내내 잎이 황금빛으로 고정되었습니다.\n\n제국의 밀리라들은 이 영원한 광채를 사랑합니다. 거대 요새의 주거 지역과 궤도 거주구의 거리를 따라 늘어선 유프라테스 포플러는 거대한 황금빛 바다를 이룹니다.\n\n""인공 산들바람이 중앙 공원을 가로지를 때면, 황금빛 물결이 층층이 밀려오며 복고풍의 우아함과 엄숙함이 공존하는 의사당을 돋보",,,
장막 수정 재배기,Shroud crystal grow box,MI_Building_PsyChicCrystal,Milira Faction: Milira Imperium,ariandel.miliraimperium,밀리라,3x3,9,통과만,-20000 W,,조명 반경 5,Psionic Theory,"Milira_SplendidSteel 320, Milira_SunPlateSteel 60, ComponentSpacer 16, Milira_PsionicCore 1",1200,40000,400,Light,,"태양 수정을 장막 수정으로 변환하는 데 사용하는 초정신 장치입니다.\n\n장치에 내장된 초정신 코어가 베일을 조용히 뚫고 장막에서 소량의 초정신 에너지를 흡수하여, 에너지 밀도가 극도로 높은 태양 수정에 주입합니다.",,,
장막 우물,Shroud well,MI_Building_FakeShroudWell,Milira Faction: Milira Imperium,ariandel.miliraimperium,밀리라,7x7,49,통과만,,,조명 반경 9,Sky Elf Furniture,"Milira_SplendidSteel 600, Milira_SolarCrystal 60",800,8000,2400,Light,예,장막 우물의 복제품입니다. 진입할 수 없습니다.,,,
초능력 방출기,Psionic Emitter,Milira_PsionicCounterMeasure,Milira Faction: Milira Imperium,ariandel.miliraimperium,밀리라,3x3,9,통과만,-10000 W,,조명 반경 10,Psionic Broadcast,"Milira_SplendidSteel 500, Milira_SolarCrystal 25, Milira_DarkMatter 20, ComponentSpacer 10, Milira_PsionicCore 1",2400,25000,20,Light,,"초능력 코어가 장착되고 초월공학 장치로 구성된 첨단 장비입니다. 현재 지역의 정신 파동 효과를 정화할 수 있습니다.\n\n밀리라 제국의 모든 군함에는 수많은 제국 사이캐스터들의 정신을 보호하기 위해 이 장치가 탑재되어 있습니다.\n\n60초마다 파동을 방출하며, 각 파동은 다음과 같은 효과를 가집니다.\n현재 지역 내 모든 아군에게 강화 버프를 부여합니다.\n모든 정신적 상태 이상 효과를 제",,,
태양 수정 재배기,Solar Crystal Grow Box,Milira_SolarCrystalGrowBox,Milira Faction: Milira Imperium,ariandel.miliraimperium,밀리라,3x3,9,통과만,-2000 W,,조명 반경 3,Crystal Cultivation,"Milira_SplendidSteel 800, ComponentSpacer 12",1200,8000,200,Light,,"태양 수정은 햇살 연료와 더불어 밀리라 종족의 또 다른 핵심 에너지원입니다.\n\n이 아름다운 결정은 밀리라가 발을 딛는 은하계 곳곳으로 퍼져 나갔습니다.\n\n크레이돌의 많은 밀리라 학자들은 태양 수정이 그들을 창조한 고대 앵콧 신이 내린 선물 중 하나라고 믿습니다.\n\n오래전 밀리라 제국은 이 신성한 선물을 대량 생산할 수 있는 안정적인 방법을 발견했으며, 이를 통해 거대한 제국 함대와",,,
태양 에너지 수집/레이저 포탑,Solar energy conversion collection and laser tower,Milira_SunLightDefenceTowerII,Milira Faction: Milira Imperium,ariandel.miliraimperium,밀리라,3x3,9,통과만,+30 W 발전,,연결 가능 설비 1종 / 설치조건: NotUnderRoof,Sun Light Defence Tower,"Milira_SunPlateSteel 500, Milira_SplendidSteel 1200, Milira_SolarCrystal 50, ComponentSpacer 10",4800,48000,,Light,,"태양광 반사경과 연동하여 태양 에너지를 태양 연료로 변환하는 포탑입니다. 추가로 발생하는 폐열은 전기 에너지로 변환될 수 있습니다. 반드시 실외에 건설해야 합니다.\n\n레이저 결정이 장착된 이 버전은 주로 밀리라 제국 식민지에서 생산과 방어 양쪽 목적으로 설치됩니다. 다소 비싸지만 그만한 가치가 충분하며, 벽 너머로 사격이 가능합니다.",,,
태양 에너지 수집/방어 포탑,Solar energy conversion collection and defence tower,Milira_SunLightDefenceTower,Milira Faction: Milira Imperium,ariandel.miliraimperium,밀리라,3x3,9,통과만,+30 W 발전,,연결 가능 설비 1종 / 설치조건: NotUnderRoof,Sun Light Defence Tower,"Milira_SunPlateSteel 500, Milira_SplendidSteel 1200, Milira_SolarCrystal 50, ComponentSpacer 10",4800,48000,,Light,,태양광 반사경과 연동하여 태양 에너지를 태양 연료로 변환하는 포탑입니다. 추가로 발생하는 폐열은 전기 에너지로 변환될 수 있습니다. 반드시 실외에 건설해야 합니다.\n\n플라즈마 결정이 장착된 이 버전은 주로 밀리라 제국 식민지에서 생산과 방어 양쪽 목적으로 설치됩니다. 다소 비싸지만 그만한 가치가 충분합니다.,,,
태양 조리대,Solar stove,MI_Building_Stove,Milira Faction: Milira Imperium,ariandel.miliraimperium,밀리라,3x1,3,통과만,,,"열 3/초 / 작업칸 (0,0,-1)",Sky Elf Furniture,"Milira_SplendidSteel 120, Milira_SolarCrystal 20, ComponentIndustrial 10",300,2000,,Medium,예,태양 수정을 동력으로 사용하는 자가 발전 조리대입니다. 기본 작업 속도가 135%로 아주 빠릅니다. '발레리 안드레아'가 디자인했습니다.,10,"간단한 식사, 좋은 식사, 좋은 채식주의 식사, 좋은 육식주의 식사, 호화로운 식사, 호화로운 채식주의 식사, 호화로운 육식주의 식사, 보존 식량, 페미컨, 이유식",
태양꽃 열매 재배기,Sun Light Fruit Grow Box,Milira_SunLightFruitGrowBox,Milira Faction: Milira Imperium,ariandel.miliraimperium,밀리라,1x1,1,통과만,-100 W,,조명 반경 3,Sky Elf Furniture,"Milira_SplendidSteel 100, Milira_SolarCrystal 2",240,2000,100,Light,,"밀리라 제국 거주민들의 가정에서 흔히 볼 수 있는 재배기로, 밀리라 인들이 가장 좋아하는 태양꽃을 재배합니다.\n\n재배기 내부의 아름다운 태양꽃은 '발레리 안드레아'라는 이름의 흑발 밀리라가 개량한 품종입니다.\n\n이 온도 및 습도 조절 재배기는 정기적으로 태양꽃 열매를 수확하게 해줍니다.\n\n수확한 열매는 보통 밀리라의 요리에 사용됩니다. 뭐, 사실 요리는 가정용 밀리언들이 대신 해줍",,,
토양 수경재배 상자,Soilponics grow box,Milira_Soilponics,Milira Faction: Milira Imperium,ariandel.miliraimperium,밀리라,3x3,9,통과만,-2000 W,,조명 반경 6,Automatic Agriculture,"Milira_SplendidSteel 420, Milira_SunPlateSteel 40, Milira_SolarCrystal 10",1200,30000,,Light,,자동화된 토양 기반 재배 상자입니다.\n\n작물 유형을 선택하기만 하면 안정적으로 작물을 계속 생산합니다.,,,
플라즈마 근접 방어 체계,Plasma Point-Defense,MiliraImperiumTurret_PointDefense,Milira Faction: Milira Imperium,ariandel.miliraimperium,밀리라,3x3,9,통과만,,,,Predictive Algorithms,"Milira_SunPlateSteel 360, Milira_SolarCrystal 40, ComponentSpacer 5, Milira_DarkMatter 1",1560,24000,40,Heavy,,충격량이 큰 플라즈마 탄환을 연속 사격하는 자체 동력 플라즈마 자동포탑입니다.\n\n이 근접 방어 포탑은 벽을 무시하고 사거리 내의 고각 투사체를 요격할 수 있습니다. 하지만 저각 표적을 공격할 때는 벽이나 유사한 구조물에 의해 시야가 제한됩니다.,,,
밀리라 그리핀 전투기,Milira Griffin Fighter,Milira_GriffinFighter,Milira Faction: Milira Imperium,ariandel.miliraimperium,중력부양선,5x5,25,가능,,,"연료 Milira_SunLightFuel 600 / 작업칸 (0, 0, 2) / 설치조건: NotUnderRoof",Carrier Operations,"Milira_SplendidSteel 500, Milira_SunPlateSteel 120, ComponentSpacer 5, Milira_DarkMatter 5",1680,36000,,Light,,프레데터에게 자리를 물려준 구식 함상 전투기입니다. 이제는 민간용으로 전환되면서 비싼 뉴트로늄 대신 값싼 태양단강을 사용했습니다. 덕분에 가격은 저렴하지만 내구도는 다소 떨어집니다. 복잡한 화력 제어 장치도 제외되어 레이저 연사 속도가 낮고 미사일 장착이 불가능합니다. 레이저 오토캐논 2문을 장착했습니다.,,,
밀리라 에테르 드레이크 전투기,Milira Ether Drake Fighter,Milira_DragonFighter,Milira Faction: Milira Imperium,ariandel.miliraimperium,중력부양선,5x5,25,가능,,,"연료 Milira_SunLightFuel 1600 / 작업칸 (0, 0, 3) / 설치조건: NotUnderRoof",Advanced Space Superiority Fighter,"Milira_Neutronium 400, Milira_NeutroniumFabric 50, ComponentSpacer 10, Milira_DarkMatter 15",2400,72000,,Light,,제국 항공단의 핵심 기체입니다. 미사일 발사기 2문과 적의 투사체를 요격하는 레이저 점방어 시스템을 갖추고 있습니다.,,,
밀리라 와이번 전투기,Milira Wyvern Fighter,Milira_WyvernFighter,Milira Faction: Milira Imperium,ariandel.miliraimperium,중력부양선,5x5,25,가능,,,"연료 Milira_SunLightFuel 1200 / 작업칸 (0, 0, 3) / 설치조건: NotUnderRoof",Advanced Space Superiority Fighter,"Milira_Neutronium 400, Milira_NeutroniumFabric 50, ComponentSpacer 10, Milira_DarkMatter 15",2880,72000,,Light,,제국의 중전투기입니다. 보통 프레데터와 편대를 이뤄 비행합니다. 프레데터가 근접전을 벌이는 동안 빠른 속도로 우회하여 치명적인 측면 타격을 가하는 것이 주 임무입니다. 미사일 발사기 4문을 장착했습니다.,,,
밀리라 프레데터 전투기,Milira Predator Fighter,Milira_PredatorFighter,Milira Faction: Milira Imperium,ariandel.miliraimperium,중력부양선,5x5,25,가능,,,"연료 Milira_SunLightFuel 1200 / 작업칸 (0, 0, 3) / 설치조건: NotUnderRoof",Advanced Space Superiority Fighter,"Milira_Neutronium 300, Milira_NeutroniumFabric 50, ComponentSpacer 10, Milira_DarkMatter 10",2400,72000,,Light,,"제국의 표준 전투기입니다. 플라즈마 추진기로 수직 이착륙이 가능합니다. 이륙할 때만 태양 연료를 소량 소모하며, 이후에는 내장된 암흑 물질 셀로 비행합니다. 레이저 오토캐논 2문과 미사일 발사기 2문을 장착했습니다.",,,
드론 충전기,drone recharger,Milira_DroneRecharger,Milira Race,ancot.milirarace,기타,1x1,1,통과만,-60 W,,"작업칸 (0,0,-1)",Drones,"Milira_SplendidSteel 40, ComponentIndustrial 4",280,12000,,Light,예,드론을 충전하는 시설입니다.,,,
태양 에너지 변환 포집탑,Solar energy conversion collection tower,Milira_SunLightGatheringTower,Milira Race,ancot.milirarace,기타,3x3,9,통과만,+30 W 발전,,연결 가능 설비 1종 / 설치조건: NotUnderRoof,Molten-Salt Energy Station,"Plasteel 225, Steel 750, Milira_SolarCrystal 30, ComponentSpacer 5",4500,48000,,Light,,"태양광 반사판을 통해 포집한 태양 에너지를 집약해, 태양 연료로 변환하는 용융염 장치입니다. 추가로 변환 절차에서 발생한 폐열이 전력으로 치환됩니다. 야외에 배치해야 합니다.",,,
태양 용광로 가속기,Sunblast furnace booster,Milira_SunBlasterBoosterJar,Milira Race,ancot.milirarace,기타,1x1,1,통과만,,,연결 설비 [WorkTableWorkSpeedFactor 0.10],Solar Furnace,"Milira_SunPlateSteel 125, ComponentSpacer 2",100,1800,,Light,예,태양 용광로의 연료 효율을 높여 작업 속도를 증가시키는 보조장비입니다. 한 태양 용광로는 최대 태양 용광로 가속기 두 개의 영향만 받습니다.,,,
태양광 반사판,Solar reflector,Milira_Heliostat,Milira Race,ancot.milirarace,기타,1x1,1,통과만,,,연결 설비 거리 11.4 / 설치조건: NotUnderRoof,Molten-Salt Energy Station,"Steel 50, ComponentIndustrial 1",280,2400,,Light,예,태양 에너지 변환 포집탑 근처에 배치하여 생산 및 발전 효율을 증가시키는 반사판입니다. 지붕으로 덮인 곳에 배치할 경우 비활성화됩니다.,,,
다연장 로켓 발사기,multiple rocket launcher,MiliraTurret_HeavyRocketLauncher,Milira Race,ancot.milirarace,방어,2x2,4,통과만,,,,Multiple Rocket Launcher,"Plasteel 300, Milira_SunPlateSteel 150, Milira_SolarCrystal 30, ComponentSpacer 5, Milira_StarshipBattery 1",650,24000,-15,Heavy,,고정 포탑에 장착된 다연장 로켓 발사기입니다.,,,
밀리라 소형 이온 포탑,small ionic turret,MiliraTurret_Plasma,Milira Race,ancot.milirarace,방어,1x1,1,통과만,,,,Ionic Weapon,"Plasteel 100, Milira_SunPlateSteel 25, Milira_SolarCrystal 5, ComponentSpacer 1, Milira_SunLightFuel 100",150,6000,-15,Heavy,,방어구를 융해시키는 입자 광선을 발사하는 자가 발전 소형 이온 포탑입니다.,,,
밀리라 인력 함정,milira gravity trap,Milira_TrapAttractive,Milira Race,ancot.milirarace,방어,1x1,1,가능,,,,"IEDs, Field Trap","Milira_SplendidSteel 20, Milira_SunLightFuel 10",40,1400,-4,Light,예,작동 시 자신을 중심으로 넓은 영역에 즉시 인력장을 형성하는 함정입니다.,,,
밀리라 중형 입자 캐논 포탑,heavy particle cannon turret,MiliraTurret_HeavyParticle,Milira Race,ancot.milirarace,방어,2x2,4,통과만,,,,Heavy Ionic Weapon,"Plasteel 300, Milira_SunPlateSteel 150, Milira_SolarCrystal 30, ComponentSpacer 5, Milira_StarshipBattery 1",650,24000,-15,Heavy,,지속적으로 강력한 충격 입자를 발사하는 자가발전 중형 입자 캐논 포탑입니다.,,,
밀리라 척력 함정,milira repulsion trap,Milira_TrapRepulsive,Milira Race,ancot.milirarace,방어,1x1,1,가능,,,,"IEDs, Field Trap","Milira_SplendidSteel 20, Milira_SunLightFuel 10",40,1400,-4,Light,예,작동 시 자신을 중심으로 넓은 영역에 즉시 척력장을 형성하는 함정입니다.,,,
중형 전자기 캐논 포탑,heavy electromagnetic cannon turret,MiliraTurret_HeavyRailGun,Milira Race,ancot.milirarace,방어,2x2,4,통과만,,,,Railgun,"Plasteel 300, Milira_SunPlateSteel 150, Milira_SolarCrystal 30, ComponentSpacer 5, Milira_StarshipBattery 1",650,24000,-15,Heavy,,고속 전자기탄을 발사하는 자가발전 중형 전자기 캐논 포탑입니다.,,,
중형 플라즈마 포탑,heavy plasma turret,MiliraTurret_HeavyPlasma,Milira Race,ancot.milirarace,방어,2x2,4,통과만,,,,Heavy Ionic Weapon,"Plasteel 300, Milira_SunPlateSteel 150, Milira_SolarCrystal 30, ComponentSpacer 5, Milira_StarshipBattery 1",650,24000,-15,Heavy,,방어구를 융해시키는 충전 플라즈마를 발사하는 자가발전 중형 플라즈마 포탑입니다.,,,
밀리언 배양기,milian gestator,Milian_Gestator,Milira Race,ancot.milirarace,생명공학,3x2,6,통과만,-350 W,,"작업칸 (0,0,2)",Milian Gestator,"Milira_SplendidSteel 350, Milira_SunPlateSteel 45, ComponentIndustrial 8",450,16000,,Light,,밀리언의 배양 및 소생에 사용되는 장비입니다.,20,"폰 I, 폰 II, 가드, 캡틴, 나이트 I, 나이트 II, 아웃라이더, 팔라딘, 비숍 I, 비숍 II, 집정관, 카디널, 룩 I, 룩 II, 스트라이커, 이터널 포트리스, 폰 밀리언 모델 소생, 나이트 밀리언 모델 소생, 비숍 밀리언 모델 소생, 룩 밀리언 모델 소생",
밀리언 충전기,Milian Energy Station,Milian_Recharger,Milira Race,ancot.milirarace,생명공학,1x1,1,통과만,-240 W,,"작업칸 (0,0,0)",Milian Power Station,"Milira_SplendidSteel 150, Milira_SunPlateSteel 25, Milira_SolarCrystal 8, ComponentIndustrial 3",280,12000,,Light,예,밀리언의 충전에 사용되는 장비입니다.,,,
밀리라 드론 인쇄기,Milira drone printer,Milira_DroneBench,Milira Race,ancot.milirarace,생산,1x1,1,통과만,-120 W,,"작업칸 (0,0,-1)",Drones,"Milira_SplendidSteel 120, Milira_SolarCrystal 2, ComponentIndustrial 8",420,9000,,Medium,예,드론 인쇄용으로 사용되는 플랫폼입니다.,23,"화물운송 유닛 조립, 청소기 유닛 조립, 저장 유닛 조립, 밀리라 전투 드론: 펄스탄, 밀리라 전투 드론: 소이탄, 밀리라 전투 드론: 섬광탄, 전투 드론: 충격 입자, 전투 드론: 산탄 입자, 전투 드론: 장거리 입자, 전투 플랫폼: 에너지 거품 보호막, 전투 드론: 4연장 로켓 발사기, 전투 드론: 미니건, 전투 플랫폼: 메카 제어 유닛, 소형 플로트 유닛팩, 보호막 플로트 유닛팩, 강습 드론: 말쿠트, 강습 드론: 게부라, 강습 드론: 케테르, 강습 드론: 티페레트, 드론 탑재 장구 I, 비시노에 부유 유닛 팩, 아크 부유 유",
밀리라 범용 작업대,Milira print workbench,Milira_UniversalBench,Milira Race,ancot.milirarace,생산,2x1,2,통과만,-360 W,,"작업칸 (1,0,-1)",Universal Workbench,"Plasteel 120, Milira_SolarCrystal 8, ComponentIndustrial 16",420,9000,,Medium,예,거의 모든 물품을 만들 수 있는 통합 소재 프린터를 갖춘 다재다능한 작업대입니다.,112,"광휘강, 중력격자 합금, 중력격자 비단, 사이코룩스 결정, 과부하 결정, 기적 결정, 고에너지 물질 단위, 번화계 약품, 반발 수류탄 벨트, 중력 수류탄 벨트, 소형 플로트 유닛팩, 보호막 플로트 유닛팩, 밀리라 소형 축전지, 밀리라 확장 축전지, 밀리라 원자력 축전지, 밀리라 에너지 응집기, 밀리라 에너지 응집기 M2, 밀리라 에너지 응집기 M3, 밀리라 초연산팩, 밀리언 경량 방탄갑옷, 밀리언 가드 갑옷, 밀리언 방탄 망토, 밀리언 피벗 망토, 밀리언 사일런트 헌터 망토, 밀리언 레인저 갑옷, 밀리언 가디언 갑옷, 밀리언 스토커",
밀리라 재단 작업대,Milira tailor workbench,Milira_TailoringBench,Milira Race,ancot.milirarace,생산,2x1,2,통과만,-240 W,,"작업칸 (1,0,-1)",Milira Tailor Bench,"Plasteel 80, Milira_SolarCrystal 4, ComponentIndustrial 10",420,9000,,Medium,예,깃털 원단을 인쇄할 수 있는 재단 작업대를 만들 수 있습니다.,41,"깃털 원단, 밀리라 개척자 주머니, 밀리라 전통복 (A형), 밀리라 전통복 (B형), 밀리라 전통복 (C형), 밀리라 대학 교복 (A형), 밀리라 대학 교복 (B형), 밀리라 우아한 가운, 밀리라 검은색 밀착형 드레스, 밀리라 캐쥬얼 의상, 밀리라 코르셋 치마, 밀리라 코르셋 드레스, 밀리라 하이웨이스트 주름치마, 밀리라 여행자 망토, 밀리라 여행복, 밀리라 사냥꾼 옷, 밀리라 차양 모자, 밀리라 솜털 베레모, 밀리라 선글라스, 밀리라 선글라스 (머리), 밀리라 안경, 밀리라 여행자 후드, 밀리라 사냥꾼 모자, 밀리라 위상 통신 배",
불안정한 반응로,Unstable reactor vessel,Milira_UnstableReactor,Milira Race,ancot.milirarace,생산,1x1,1,통과만,,,연료 Milira_SunLightFuel 50,Informal Smelting of the Solar-Forged Steel,"Steel 45, Plasteel 100, Uranium 20",100,6000,-10,Light,예,"원시적인 태양단강 제련에 사용되는 반응로입니다. 태양 연료를 공급하면 반응이 시작되며, 반응 과정에서 폭발이 발생합니다.",,,
태양 용광로,milira sunblast furnace,Milira_SunBlastFurnace,Milira Race,ancot.milirarace,생산,3x2,6,통과만,,,"조명 반경 17.9 / 연료 Milira_SunLightFuel 200 / 연결 가능 설비 1종 / 연결 설비 / 작업칸 (0,0,-1)",Solar Furnace,"Milira_SunPlateSteel 125, Plasteel 225, ComponentSpacer 8",2800,120000,,Medium,예,밀리라들이 사용하는 첨단 갑옷 및 무기를 단조하는 데 사용되는 용광로입니다.,110,"태양단강, 독성 폐기물, 플라즈마 충격 수류탄 벨트, 밀리라 프로토타입 기어: 사이클롭스, 밀리라 발키리 갑옷, 밀리라 아르테미스 갑옷 (강습형), 밀리라 아르테미스 갑옷 (수호형), 밀리라 다이달로스 갑옷, 밀리라 발키리 투구, 밀리라 다이달로스 왕관, 밀리라 아르테미스 눈, 밀리라 다이달로스 날개, 강철, 태양단강, 광휘강, 밀리라 함선 축전지, 밀리라 랜스, 밀리라 대낫, 밀리라 전투망치, 밀리라 대검, 밀리라 창, 밀리라 검, 플라즈마 권총, 플라즈마 소총, 플라스마 기관단총, 플라즈마 캐논, 플라즈마 점사 기관총, 플라즈마",
안정된 태양 연료 배터리,stable solar fuel battery,Milira_StableSunLightFuelBattery,Milira Race,ancot.milirarace,전력,1x1,1,통과만,+600 W 발전,,조명 반경 1,Sunlight Power Generator,"Milira_SplendidSteel 180, Milira_StarshipBattery 1, ComponentIndustrial 2",220,2500,2,Light,예,"몹시 안정적인 상태의 반영구적으로 연소하는 연료 전지입니다. 견고한 외부 케이스와 정교하게 제어되는 반응 규모 덕분에, 손상을 입어도 폭발에 대한 저항력이 매우 높습니다.",,,
태양 발전기,Solar fuel power generator,Milira_SunLightFuelPoweredGenerator,Milira Race,ancot.milirarace,전력,2x2,4,통과만,+1500 W 발전,,연료 Milira_SunLightFuel 10.0 / 조명 반경 6 / 열 6/초,Sunlight Power Generator,"Steel 100, Milira_SolarCrystal 4, ComponentIndustrial 4",300,2500,-20,Medium,,태양 연료를 사용해 전기를 생산하는 태양 발전기를 만들 수 있습니다.,,,
밀리라 해리어 전투기,milira harrier fighter,Milira_HarrierFighter,Milira Race,ancot.milirarace,중력부양선,3x3,9,가능,,,"연료 Milira_SunLightFuel 100 / 작업칸 (0, 0, -2) / 설치조건: NotUnderRoof","Force Field Aerocraft, Focused Particle Corridor","Milira_SplendidSteel 280, Milira_SunPlateSteel 60, ComponentIndustrial 35, Milira_StarshipBattery 1",400,36000,,Light,,"추진을 위해 역장 기술을 사용하는 수직 이착륙이 가능한 소형 전투기입니다. 이륙 시 소량의 태양 연료를 소모하지만, 이륙 후에는 내장된 연료 전지만으로 기동할 수 있습니다.\n\n두 개의 입자 자동 기관포가 장착되어 있으며, 발사 당 0.05의 태양 연료를 소모합니다.",,,
복제된 신성 봉인,Replica Divine Seal,PLAMilira_God_Tower_Player,Milira:Wings of Democracy,sleepycot.wingsofdemocracy,기타,3x3,9,불가,,,조명 반경 5,"""Divine Seal""","Plasteel 20, Milira_SplendidSteel 135",500,,230,Light,예,"밀리라의 순백색 탑을 모델로 한 조각상입니다. 방사능 0%를 보장합니다. 침실이나 거실용 장식품으로 훌륭하며, 특정 괴짜들의 명상 요구치를 충족시켜 주기도 합니다.\n\n근데... '통합' 추종자가 아니고서야 누가 이걸 집에 두겠어요?",,,
"""성가 오르간"" 전자기 저격포","""Hymn Organ"" Electromagnetic Sniper Cannon",PLAMilira_Organ_Base,Milira:Wings of Democracy,sleepycot.wingsofdemocracy,방어,2x2,4,통과만,,,조명 반경 3.4,Aerospace Citadel Defenses,"Plasteel 300, Milira_SunPlateSteel 150, Milira_SolarCrystal 30, ComponentSpacer 5, Milira_StarshipBattery 1",650,24000,-15,Heavy,,"군집 연산 강화 유닛이 통합된 개량형 전자기포 포탑입니다. 기본 피해량과 장갑 관통력은 약간 낮지만, 주변에 밀리라 포탑이 많을수록 성능이 향상됩니다.\n\n반경 5칸 이내의 밀리라 포탑 하나당 피해량이 15%(최대 75%), 관통력이 25%(최대 150%) 증가합니다.",,,
"""스피닝 바스타드"" 하이브 대공 미사일 포탑","""Spinning Bastard"" Hive Anti-Air Missile Turret",PLAMilira_AntiAirMissile_Base,Milira:Wings of Democracy,sleepycot.wingsofdemocracy,방어,2x2,4,통과만,,,연료 Milira_SunLightFuel 200,"Aerospace Citadel Defenses, Cluster Warheads","Plasteel 300, Milira_SunPlateSteel 150, Milira_SolarCrystal 30, Milira_SunLightFuel 100, ComponentSpacer 5, Milira_StarshipBattery 1",650,24000,-15,Heavy,,공중 군집 유닛을 상대하는 데 특화된 포탑입니다. 표적을 포착하면 3발의 하이브 미사일을 순차적으로 발사합니다. 미사일은 정점에서 분리되어 표적 구역에 최대 10개의 작은 자탄을 방출합니다.\n\n비행 유닛에게 두 배의 피해를 입힙니다.\n\n미사일을 발사하여 해리어 항공기를 격추할 수 있습니다. 발사당 태양광 연료 10을 소모합니다.,,,
"""엘레우시스 밀교"" 중화력 보병 지원 플랫폼","""Eleusinian Mysteries"" Heavy Firepower Infantry Support Platform",PLAMilira_Gatling_Base,Milira:Wings of Democracy,sleepycot.wingsofdemocracy,방어,2x2,4,통과만,,,,Aerospace Citadel Defenses,"Plasteel 350, Milira_SunPlateSteel 175, Milira_SolarCrystal 40, ComponentSpacer 10, Milira_StarshipBattery 1",800,24000,-15,Heavy,,"알 수 없는 유물 기술을 바탕으로 밀리라가 개발한 중화력 보병 지원 플랫폼으로, ""악소의 그릇""을 업그레이드한 형태입니다. 두 문의 호신용 이온 기관총과 플라즈마 광선을 발사하는 주포 ""아스프의 지팡이""을 갖추고 있으며, 로켓 발사기를 이용한 장거리 화력 지원도 제공합니다.\n\n내구도가 50% 이상일 때 광선은 추가로 실명 효과를 입히며, 장거리 지원을 위해 독가스 수류탄을 투척할 수 있습",,,
"""오로라"" 요격기","""Aurora"" Interceptor",Aurora_Interceptora,Milira:Wings of Democracy,sleepycot.wingsofdemocracy,방어,2x2,4,통과만,,,연료 Milira_SunLightFuel 1200,Laser Interception,"Plasteel 150, Milira_SunPlateSteel 100, Milira_SolarCrystal 15, ComponentSpacer 5, Milira_SunLightFuel 100, Milira_StarshipBattery 1",400,12000,-10,Heavy,예,"대규모 배치를 위해 밀리라가 전개한 실험용 레이저 요격 체계입니다. 반경 15칸 내의 투사체를 포착하여 초고속 요격 광선을 발사합니다. 함선급 통합 배터리를 갖추고 있으나, 레이저 방출기를 유지하려면 여전히 태양광 연료가 필요합니다.\n\n해리어 전투기의 폭격 투하물을 요격할 수 있습니다.\n배터리 소모량은 요격된 투사체의 피해량에 비례합니다. (피해량 5당 배터리 1유닛 소모)\n대부분의 ",,,
노바 스피어,Nova Sphere,Milira_Nova_Sphere,Milira:Wings of Democracy,sleepycot.wingsofdemocracy,방어,1x1,1,통과만,,,,"Aerospace Citadel Defenses, Advanced Thermal Weapons, Thermal Accumulation Theory","Plasteel 150, Milira_SunPlateSteel 40, Milira_SolarCrystal 10, ComponentSpacer 2, Milira_SunLightFuel 150",250,9000,-15,Heavy,,"밀리라의 정밀 레이저 진형 체계입니다.\n\n기계 제국의 기술을 역설계하여 제작되었으며, 조준된 표적에게 회피가 거의 불가능한 고온 레이저 광선을 치명적인 정확도로 발사합니다.\n\n장갑을 열로 관통할 수 있습니다.",,,
밀리라 나글파르급 행성 파괴자 - 고물,Milira Naglfar-class Star Destroyer - Puppis,PLAMilira_Naglfar_Right,Milira:Wings of Democracy,sleepycot.wingsofdemocracy,방어,8x11,88,불가,,,조명 반경 15,Naglfar,"Plasteel 260, Milira_SunPlateSteel 130, Milira_SplendidSteel 500, Milira_SolarCrystal 46, ComponentSpacer 14, Milira_StarshipBattery 2",8500,72000,100,Light,,"미완성된 밀리라 나글파르급 행성 파괴함의 일부입니다. 레일건 유도 전파 탐지기 하나와 두 문의 하이브 미사일 발사기를 갖춘 고급 이지스 방어 체계를 탑재하고 있습니다.\n\n나글파르급 지휘 체계와 연동할 수 있습니다.\n\n궁극의 에너지 소산 장갑 도금을 입혀 단일 피해가 750을 초과하지 않도록 방지하며, 200 이상의 피해는 1초마다 단 한 번만 받도록 제한합니다. (이 기능은 모드 설정",,,
밀리라 나글파르급 행성 파괴자 - 돛,Milira Naglfar-class Star Destroyer - Vela,PLAMilira_Naglfar_Middle,Milira:Wings of Democracy,sleepycot.wingsofdemocracy,방어,20x11,220,불가,,,조명 반경 15,Naglfar,"Plasteel 650, Milira_SunPlateSteel 325, Milira_SplendidSteel 1250, Milira_SolarCrystal 115, ComponentSpacer 35, Milira_StarshipBattery 3",12500,180000,100,Light,,"미완성된 밀리라 나글파르급 행성 파괴함의 일부입니다. 나글파르의 주 사격 통제 핵심부 역할을 하며, 충격 관통포 한 문과 탄도 상의 표적을 꿰뚫는 근접 방어용 입자 기관총 네 문을 갖추고 있습니다.\n\n나글파르급 지휘 체계와 연동할 수 있습니다.\n\n궁극의 에너지 소산 장갑 도금을 입혀 단일 피해가 750을 초과하지 않도록 방지하며, 200 이상의 피해는 1초마다 단 한 번만 받도록 제한",,,
밀리라 나글파르급 행성 파괴자 - 용골,Milira Naglfar-class Star Destroyer - Carina,PLAMilira_Naglfar_Left,Milira:Wings of Democracy,sleepycot.wingsofdemocracy,방어,8x11,88,불가,,,조명 반경 15,Naglfar,"Plasteel 260, Milira_SunPlateSteel 130, Milira_SplendidSteel 500, Milira_SolarCrystal 46, ComponentSpacer 14, Milira_StarshipBattery 2",8500,72000,100,Light,,"미완성된 밀리라 나글파르급 행성 파괴함의 일부입니다. 수많은 지원 체계를 통해 전장의 다양한 방면에서 도움을 줄 수 있습니다. 순항 유도탄 발사기 하나와 근접 방어용 기관포 두 문을 갖추고 있습니다.\n\n나글파르급 지휘 체계와 연동할 수 있습니다.\n\n궁극의 에너지 소산 장갑 도금을 입혀 단일 피해가 750을 초과하지 않도록 방지하며, 200 이상의 피해는 1초마다 단 한 번만 받도록 제",,,
복제된 역장 발생기,Replicated Field Generator,PLAMilira_Field_Tower_Player,Milira:Wings of Democracy,sleepycot.wingsofdemocracy,방어,3x3,9,불가,,,조명 반경 5 / 보호막 반경 25,"Aerospace Citadel Defenses, Field Generator","Plasteel 350, Milira_SunPlateSteel 175, Milira_SolarCrystal 35, ComponentSpacer 7, Milira_StarshipBattery 1",1250,12000,50,Heavy,,"기능의 일부만 계승된 복제 역장 발생기입니다. 빠르게 재생되는 전방위 보호막을 갖추고 있으며, 유물 기술을 사용하여 아군에게 역장 보호막 보호를 제공할 수 있습니다.",,,
테슬라 탑,Tesla Tower,PLAMilira_Tesla_Base,Milira:Wings of Democracy,sleepycot.wingsofdemocracy,방어,1x1,1,통과만,,,,"Aerospace Citadel Defenses, Advanced Thermal Weapons","Plasteel 150, Milira_SunPlateSteel 75, Milira_SolarCrystal 10, ComponentSpacer 5, Milira_StarshipBattery 1",350,24000,-15,Heavy,,"함선용 배터리 전력을 사용하여 수십만 볼트를 생성하는 강력한 전기장 발생기입니다. 생성된 호광은 공기를 찢고 대상에게 즉시 도달한 뒤, 12칸 반경 내의 유닛 최대 8기 사이를 전이합니다. 피해량은 낮지만 장갑 관통력이 높고 제압 능력이 탁월하며, 장갑을 무시하고 내부 장기에 직접 피해를 줄 확률이 있습니다.",,,
모에로틀 책장,MoeLotl Bookcase,Axolotl_Bookcase,MoeLotl Race,hentailoliteam.axolotl,가구,2x1,2,통과만,,,저장 칸당 5묶음,complex furniture,재질(Woody) 20,100,500,0.5,Light,예,"모에로틀 서적을 보관하는 데 사용되는 선반입니다.\n""학문에 정진하는 모에로틀만이 출세할 수 있다.""",,,
모에로틀 기계 방직기,MoeLotl Mechanical Loom,Axolotl_ElectricHandBench,MoeLotl Race,hentailoliteam.axolotl,생산,1x2,2,통과만,-120 W,,"연결 가능 설비 1종 / 작업칸 (0,0,-1)","Basic Clothing, electricity","Steel 130, ComponentIndustrial 2",300,2500,,Medium,예,모에로틀이 의류를 만들 때 사용하는 기계 방직기입니다. 작동에 전력을 필요로 합니다.,102,"양금원단, 모에로틀 방한복, 모에로틀 노예 구속구, 모에로틀 복주머니, 모에로틀 속옷, 모에로틀 잠옷, 모에로틀 메이드복, 모에로틀 농민복, 모에로틀 평민복, 모에로틀 사냥복, 모에로틀 학자복, 모에로틀 판다 잠옷, 모에로틀 행낭, 모에로틀 보물 주머니, 모에로틀 보물 표주박, 모에로틀 모피 조끼, 모에로틀 귀족 바람막이, 모에로틀 백화 외투, 모에로틀 금수 외투, 모에로틀 월계복, 모에로틀 보호복, 모에로틀 부광복, 모에로틀 복파 외투, 모에로틀 호심경, 모에로틀 취묵 외투, 모에로틀 경운 외투, 모에로틀 백설 외투, 모에로틀 영",
모에로틀 방직기,MoeLotl loom,Axolotl_HandBench,MoeLotl Race,hentailoliteam.axolotl,생산,3x3,9,통과만,,,"연결 가능 설비 1종 / 작업칸 (0,0,-2)",Basic Clothing,"WoodLog 100, Steel 80, Cloth 60",180,2000,,Medium,예,모에로틀이 양금원단을 만들 때 사용하는 전통 방직기입니다.,107,"양금원단, 모에로틀 방한복, 모에로틀 노예 구속구, 모에로틀 복주머니, 모에로틀 속옷, 모에로틀 잠옷, 모에로틀 메이드복, 모에로틀 농민복, 모에로틀 평민복, 모에로틀 사냥복, 모에로틀 학자복, 모에로틀 판다 잠옷, 모에로틀 행낭, 모에로틀 보물 주머니, 모에로틀 보물 표주박, 모에로틀 모피 조끼, 모에로틀 귀족 바람막이, 모에로틀 백화 외투, 모에로틀 금수 외투, 모에로틀 월계복, 모에로틀 보호복, 모에로틀 부광복, 모에로틀 복파 외투, 모에로틀 호심경, 모에로틀 취묵 외투, 모에로틀 경운 외투, 모에로틀 백설 외투, 모에로틀 영",
모에로틀 제약대,Grinding table,Axolotl_GrindingTable,MoeLotl Race,hentailoliteam.axolotl,생산,1x1,1,통과만,,,"연결 가능 설비 1종 / 작업칸 (0,0,-1)",Basic Plant,"재질(Stony) 20, WoodLog 10, Steel 20",50,1500,,Medium,예,제약을 위한 절구가 부착된 간단한 작업대입니다. 가장 원시적인 수단을 통해 여러 재료를 모에로틀에게 필요한 약용 분말로 분쇄합니다.,5,"옥경분, 운기단 반죽, 회맥단 반죽, 적혈단, 일식 연지",
반혼로,Soul-Returning Furnace,Axolotl_DeputyStove_Neolithic,MoeLotl Race,hentailoliteam.axolotl,생산,3x3,9,통과만,,,저장,LotlQi Cultivation,"재질(Stony) 100, Steel 50",400,8000,,Heavy,,통천정에 열기를 공급하는 데 사용되는 단로입니다. 단약을 만들 때 생물에 내포된 진기를 흡수하여 연료로 공급합니다.\n\n여러 개의 반혼로를 사용할 경우 통천정의 효율을 증가시킬 수 있습니다.,,,
정수지주,Essence Pillar,Axolotl_DeputyStove_Industrial,MoeLotl Race,hentailoliteam.axolotl,생산,1x1,1,통과만,,,,Alchemy Industrial,"ComponentIndustrial 4, Steel 50, Gold 10",400,8000,,Heavy,예,정주지주는 통천의에 열기를 공급하는 데 사용하는 장치입니다. 연단 효율을 높이는 데 사용됩니다.,,,
통천의,Heaven-Reaching Instrument,Axolotl_AlchemyStove_Industrial,MoeLotl Race,hentailoliteam.axolotl,생산,2x2,4,불가,,,"연료 Chemfuel 200.0 / 조명 반경 12 / 작업칸 (+1,0,-1)",Alchemy Industrial,"ComponentIndustrial 10, Axolotl_CoreOfHeavenReachingCauldron 1, Steel 300",1000,15000,,Heavy,,모에로틀이 사용하는 정교한 연단 장치입니다. 필요한 재료만 넣으면 연단을 수행할 수 있습니다.,,,
통천정,Heaven-Reaching Cauldron,Axolotl_AlchemyStove_Neolithic,MoeLotl Race,hentailoliteam.axolotl,생산,3x3,9,불가,,,"조명 반경 12 / 작업칸 (0,0,-2)",LotlQi Cultivation,"재질(Stony) 200, Steel 100, Axolotl_CoreOfHeavenReachingCauldron 1",1000,18000,,Heavy,,운기단을 만드는 데 사용되는 단로입니다. 작동시키려면 반혼로와 연결해야 합니다.,,,
명등,nether lamp,RM_NetherLamp,MoeLotl: Rigor Mortis,fxz.moelotlzombie.update,가구,1x1,1,통과만,,,조명 반경 7,Corpse Cultivation,"RM_OvercastWood 25, Steel 20",50,300,,Light,예,청록색 빛을 발하는 제등이 방황하는 영혼을 인도합니다. 그 빛은 주변의 음기를 높일 수 있습니다.,,,
모에로틀 관,moelotl sarcophagus,Axolotl_Sarcophagus,MoeLotl: Rigor Mortis,fxz.moelotlzombie.update,기타,1x2,2,통과만,,,저장,Corpse Cultivation,RM_OvercastWood 80,250,2400,0,Light,,자괴목으로 만든 특별한 관은 매우 강한 음기를 가지고 있으며 땅에 묻으면 천천히 땅속으로 가라앉습니다.\n\n강시를 매장할 때는 관의 네 귀퉁이를 붉은 비단으로 매달아 지면의 기운에 닿지 않도록 해야 합니다. 모에로틀족의 시신을 선택하여 흙으로 덮어 관에 넣습니다. 시신의 중앙에 팔괘를 맞춰 음기를 흡수합니다.\n\n관 속의 음기는 하루 동안 무작위로 오르내리며 음양의 조화는 시간이 지남에 ,,,
모에로틀 임무 게시판,Moelotl Call Board,RM_MoelotlCallBoard,MoeLotl: Rigor Mortis,fxz.moelotlzombie.update,기타,2x1,2,통과만,,,,,재질(Metallic/Woody/Stony) 100,115,4000,23,Light,예,주변 모에로틀 마을의 임무를 게시하는 게시판은 하나만 건설할 수 있습니다. 정기적으로 의뢰가 접수되지만 그중에는 일상적인 것도 있고 더 특별한 것도 포함됩니다.,,,
벌레 상자,worm box,RM_WormBox,MoeLotl: Rigor Mortis,fxz.moelotlzombie.update,기타,1x1,1,통과만,,,,Corpse Cultivation,"RM_OvercastWood 35, Meat_Megaspider 20",40,500,-5,Light,예,독벌레가 들어 있는 보석 상자는 모에로틀 일부 마을의 고독 사술과 관련이 있습니다. 이 보석 상자는 주변의 음기를 높일 수 있습니다.,,,
향로,incense tripod,RM_IncenseTripod,MoeLotl: Rigor Mortis,fxz.moelotlzombie.update,기타,1x1,1,통과만,,,,Corpse Cultivation,"RM_OvercastWood 45, Steel 50",150,1000,5,Light,예,산 자는 음식을 필요로 하고 죽은 자도 음식을 필요로 합니다. 산 자는 곡식을 먹고 죽은 자는 담배를 먹습니다. 제사를 지낼 때 솥에 향을 피우는 것은 귀신에게 경의를 표하기 위함입니다. 세 자루는 신을 존경하고 네 자루는 귀신을 존경하니 잘못하지 마십시오.,,,
간단한 초월공학 조명,primitive archotech light,MAG_ArchotechTorchLamp,More Archotech Garbage (Continued),zal.morearchotechgarbage,가구,1x1,1,통과만,,,조명 반경 10,,"WoodLog 20, ArchotechScrap 1",125,125,1,Light,예,"초월계 파편을 단순히 막대기에 붙인 조명입니다. 정착민의 기술 수준이 낮아 파편을 다른 곳에 사용하지 못할 때, 괜찮은 광원이 되어줍니다.",,,
간단한 초월공학 벽,primitive archotech wall,MAG_PrimitiveArchotechWall,More Archotech Garbage (Continued),zal.morearchotechgarbage,구조물,1x1,1,불가,,,,,"재질(Metallic/Woody/Stony/Metallic/Woody/Stony) 5, ArchotechScrap 1",450,150,1,Medium,,지나갈 수 없는 벽입니다. 지붕을 지지할 수 있습니다. 초월계 파편이 들어가 있어 기존의 벽보다 조금 더 튼튼합니다.,,,
초월공학 문,archotech door,MAG_ArchotechDoor,More Archotech Garbage (Continued),zal.morearchotechgarbage,구조물,1x1,1,가능,,,,Archotech Fundamentals,"Steel 15, Plasteel 10, ArchotechScrap 10",,1000,1,Light,,방을 나눕니다. 빠르게 열리며 부서지지 않습니다.,,,
초월공학 벽,archotech wall,MAG_ArchotechWall,More Archotech Garbage (Continued),zal.morearchotechgarbage,구조물,1x1,1,불가,,,,Archotech Fundamentals,"Steel 10, ArchotechScrap 3",,600,1,Medium,,부서지지 않는 초월공학 벽입니다.,,,
바노메트릭 냄비,vanometric liquid processor,MAG_VanometricPot,More Archotech Garbage (Continued),zal.morearchotechgarbage,생산,1x1,1,통과만,,,"작업칸 (0,0,-1)",Archotech Technology Tier 1,"Steel 20, Gold 50, Plasteel 100, Uranium 50, ArchotechScrap 35",100,800,,Light,예,초월공학 기술로 만들어진 냄비입니다. 조리하는 동안 시간에 간섭하여 조리 속도를 크게 높입니다. 작동하는 데 전력이나 연료가 필요하지 않습니다.,,,
배노메트릭 시간 가속 챔버,vanometric time alteration chamber,MAG_ArchotechCheesePress,More Archotech Garbage (Continued),zal.morearchotechgarbage,생산,1x1,1,통과만,,,"작업칸 (0,0,-1)",Archotech Technology Tier 1,"Steel 20, Gold 50, Plasteel 100, Uranium 50, ArchotechScrap 35",100,800,,Light,예,시간을 가속하는 변칙 장치가 탑재되어 있습니다. 누군가 이 챔버로 치즈와 술을 숙성시키면 좋겠다는 결론을 내리기까지는 많은 시간이 필요하지 않았습니다.,,,
초월공학 저장고,Archotech adaptive storage chamber,MAG_ASF_BoxOne,More Archotech Garbage (Continued),zal.morearchotechgarbage,저장고,1x1,1,통과만,,,저장 칸당 50묶음,Archotech Technology Tier 1,"Steel 150, Gold 50, Plasteel 75, ArchotechScrap 75",,25000,5,Light,,파괴 불가능한 초월공학 설비입니다. 공간적 변칙성을 지녀 대량의 물품을 안전하게 보관할 수 있습니다.,,,
초월공학 축전지,archotech battery,MAG_ArchotechBatteryS,More Archotech Garbage (Continued),zal.morearchotechgarbage,전력,1x1,1,통과만,,,축전 10000 Wd,Archotech Technology Tier 1,"Steel 150, Uranium 35, Plasteel 65, ArchotechScrap 120",1500,25750,,Light,예,"막대한 양의 전기를 모으고, 전력이 부족할 때 내보냅니다. 저장 가능한 전력의 최대량은 이 장치의 크기를 따졌을 때 물리적으로 불가능하지만, 일종의 작은 차원에 전력을 저장하는 것으로 보입니다.",,,
건설 신호기,Construction Beacon,ArchotechConstructBeacon,More Archotech Garbage (Continued),zal.morearchotechgarbage,초월공학,1x1,1,가능,,,,Archotech Technology Tier 3,"Steel 105, Uranium 15, Plasteel 55, Gold 10, ArchotechScrap 75",1500,20000,,Light,예,근처에 있는 사람의 건설 속도를 높여주는 특이한 초월공학 장치입니다.,,,
고통 신호기,Pain Beacon,ArchotechPainIncreaseBeacon,More Archotech Garbage (Continued),zal.morearchotechgarbage,초월공학,1x1,1,가능,,,,Archotech Technology Tier 3,"Steel 105, Uranium 15, Plasteel 55, Gold 10, ArchotechScrap 75",1500,20000,,Light,예,근처에 있는 적의 고통 한계를 약화하는 특이한 초월공학 장치입니다.,,,
고통 억제 신호기,Pain suppression Beacon,ArchotechPainDecreaseBeacon,More Archotech Garbage (Continued),zal.morearchotechgarbage,초월공학,1x1,1,가능,,,,Archotech Technology Tier 3,"Steel 105, Uranium 15, Plasteel 55, Gold 10, ArchotechScrap 75",1500,20000,,Light,예,근처에 있는 사람의 고통 내성을 강화하는 특이한 초월공학 장치입니다.,,,
구속 신호기,Slowness Beacon,ArchotechSlownessBeacon,More Archotech Garbage (Continued),zal.morearchotechgarbage,초월공학,1x1,1,가능,,,,Archotech Technology Tier 3,"Steel 105, Uranium 15, Plasteel 55, Gold 10, ArchotechScrap 75",1500,20000,,Light,예,근처에 있는 적의 이동속도를 낮추는 특이한 초월공학 장치입니다.,,,
낙하기 소환기,Pod summoner,ArchoPodGenerator,More Archotech Garbage (Continued),zal.morearchotechgarbage,초월공학,1x1,1,불가,,,,Archotech Technology Tier 1,"Steel 60, Plasteel 25, ArchotechScrap 60",2000,50,2,Medium,예,"주기적으로 물품이나 가끔 사람이 들어 있는 낙하기를 소환하는 특이한 초월공학 장치입니다. 그 누구도 낙하기가 어디서 나타났는지를 알 수 없으며, 낙하기 안에 있던 사람도 어떻게 그 안에 들어가게 되었는지를 기억하지 못합니다.",,,
대형 초월공학 복제기,Large Archotech Replicator,MAG_ArchoReproductorLarge,More Archotech Garbage (Continued),zal.morearchotechgarbage,초월공학,3x3,9,불가,,,,Archotech Technology Tier 3,"Steel 27135, Gold 4860, Uranium 4455, Plasteel 9720, Silver 24300, ArchotechScrap 24300",50000,2240000,,Medium,예,"주기적으로 초월계 파편과 초월계 덩어리를 생성하는 초월공학 장치입니다. 생성한 재료는 자동으로 건설에 사용되며, 명령이 없을 경우 바닥에 재료를 방출합니다.",,,
메카노이드 소환기,Mechanoid Summoner,ArchoMechSummoner,More Archotech Garbage (Continued),zal.morearchotechgarbage,초월공학,2x2,4,가능,,,,Archotech Technology Tier 1,"Steel 100, Plasteel 15, Gold 5, ArchotechScrap 45",1000,1600,,Light,예,"""버튼""을 누르면 메카노이드를 즉시 소환하는 특이한 초월공학 장치입니다.",,,
미식가 신호기,Gourmet Beacon,ArchotechRamseyBeacon,More Archotech Garbage (Continued),zal.morearchotechgarbage,초월공학,1x1,1,가능,,,,Archotech Technology Tier 3,"Steel 105, Uranium 15, Plasteel 55, Gold 10, ArchotechScrap 75",1500,20000,,Light,예,근처에 있는 사람의 조리 속도를 늘리고 식중독 확률을 줄여주는 특이한 초월공학 장치입니다.,,,
보호 신호기,Protection Beacon,ArchotechProtectMyBootyBeacon,More Archotech Garbage (Continued),zal.morearchotechgarbage,초월공학,1x1,1,가능,,,,Archotech Technology Tier 3,"Steel 105, Uranium 15, Plasteel 55, Gold 10, ArchotechScrap 75",1500,20000,,Light,예,근처에 있는 사람의 방어력을 강화하는 특이한 초월공학 장치입니다.,,,
사교 신호기,Social Beacon,ArchotechChadBeacon,More Archotech Garbage (Continued),zal.morearchotechgarbage,초월공학,1x1,1,가능,,,,Archotech Technology Tier 3,"Steel 105, Uranium 15, Plasteel 55, Gold 10, ArchotechScrap 75",1500,20000,,Light,예,근처에 있는 사람의 카리스마를 강화하는 특이한 초월공학 장치입니다.,,,
성급함 신호기,Haste Beacon,ArchotechHermesBeacon,More Archotech Garbage (Continued),zal.morearchotechgarbage,초월공학,1x1,1,가능,,,,Archotech Technology Tier 3,"Steel 105, Uranium 15, Plasteel 55, Gold 10, ArchotechScrap 75",1500,20000,,Light,예,근처에 있는 사람의 이동 속도를 높여주는 특이한 초월공학 장치입니다.,,,
성장 신호기,Growth Beacon,ArchotechMeatLeatherYieldBeacon,More Archotech Garbage (Continued),zal.morearchotechgarbage,초월공학,1x1,1,가능,,,,Archotech Technology Tier 3,"Steel 105, Uranium 15, Plasteel 55, Gold 10, ArchotechScrap 75",1500,20000,,Light,예,근처에 있는 생명체의 고기와 가죽의 생산량을 늘려주는 특이한 초월공학 장치입니다.,,,
소형 초월공학 복제기,Miniature Archotech Replicator,MAG_ArchoReproductorMini,More Archotech Garbage (Continued),zal.morearchotechgarbage,초월공학,1x1,1,가능,,,,Archotech Technology Tier 2,"Steel 35, Gold 6, Uranium 5, Plasteel 12, Silver 30, ArchotechScrap 35",50,3500,,Light,예,"주기적으로 초월계 파편과 초월계 덩어리를 생성하는 초월공학 장치입니다. 생성한 재료는 자동으로 건설에 사용되며, 명령이 없을 경우 바닥에 재료를 방출합니다.\n\n책상 위에 놓을 수 있습니다.",,,
실명 신호기,Blindness Beacon,ArchotechBlindnessBeacon,More Archotech Garbage (Continued),zal.morearchotechgarbage,초월공학,1x1,1,가능,,,,Archotech Technology Tier 3,"Steel 105, Uranium 15, Plasteel 55, Gold 10, ArchotechScrap 75",1500,20000,,Light,예,근처에 있는 적의 시야를 낮추는 특이한 초월공학 장치입니다.,,,
온도 신호기,Temperature Beacon,ArchotechTempBeacon,More Archotech Garbage (Continued),zal.morearchotechgarbage,초월공학,1x1,1,가능,,,,Archotech Technology Tier 3,"Steel 105, Uranium 15, Plasteel 55, Gold 10, ArchotechScrap 75",1500,20000,,Light,예,근처에 있는 사람의 온도 저항력을 강화하는 특이한 초월공학 장치입니다.,,,
완력 신호기,Strength Beacon,ArchotechHaulingBeacon,More Archotech Garbage (Continued),zal.morearchotechgarbage,초월공학,1x1,1,가능,,,,Archotech Technology Tier 3,"Steel 105, Uranium 15, Plasteel 55, Gold 10, ArchotechScrap 75",1500,20000,,Light,예,근처에 있는 사람의 운반 능력을 높여주는 특이한 초월공학 장치입니다.,,,
운석 소환기,Meteorite Summoner,ArchoMeteorSummon,More Archotech Garbage (Continued),zal.morearchotechgarbage,초월공학,2x2,4,가능,,,,Archotech Technology Tier 1,"Steel 200, Plasteel 5, ArchotechScrap 50",1000000,750,,Light,예,"운석을 즉시 소환하는 초월공학 장치입니다. 불행하게도, 어디에 운석이 떨어질지는 알 수 없습니다.",,,
원예 신호기,Flora Beacon,ArchotechPlantBeacon,More Archotech Garbage (Continued),zal.morearchotechgarbage,초월공학,1x1,1,가능,,,,Archotech Technology Tier 3,"Steel 105, Uranium 15, Plasteel 55, Gold 10, ArchotechScrap 75",1500,20000,,Light,예,근처에 있는 사람의 원예 작업 속도를 높이고 수확량을 늘려주는 특이한 초월공학 장치입니다.,,,
의욕 신호기,Motivation Beacon,ArchotechGenerictBeacon,More Archotech Garbage (Continued),zal.morearchotechgarbage,초월공학,1x1,1,가능,,,,Archotech Technology Tier 3,"Steel 105, Uranium 15, Plasteel 55, Gold 10, ArchotechScrap 75",1500,20000,,Light,예,근처에 있는 사람의 노동 속도를 높여주는 특이한 초월공학 장치입니다.,,,
자동 연구기,Auto researcher,MAG_AutoResearcher,More Archotech Garbage (Continued),zal.morearchotechgarbage,초월공학,1x1,1,불가,,,,Archotech Technology Tier 1,"Gold 25, Plasteel 50, ArchotechScrap 20",5000,500,0,Light,예,24시간마다 무작위 연구 과제에 100점의 연구 점수를 추가하는 특이한 초월공학 장치입니다.,,,
자원 조립기,Resource Assembler,SexyResourceDispenser,More Archotech Garbage (Continued),zal.morearchotechgarbage,초월공학,1x1,1,불가,,,,Archotech Technology Tier 3,"Steel 75, Plasteel 75, Gold 75, Jade 75, Uranium 75, Silver 75, ArchotechScrap 180",5000,500,0,Medium,예,"중간 양의 원자재를 생산하는 초월공학 장치입니다. 생산되는 원자재의 양은 종류에 따라 다르며, 기존의 물리법칙을 무시하면서 만드는 것처럼 보입니다. 어떠한 연료나 전력을 필요로 하지 않습니다.",,,
전투 신호기,Combat Beacon,ArchotechPewPewBeacon,More Archotech Garbage (Continued),zal.morearchotechgarbage,초월공학,1x1,1,가능,,,,Archotech Technology Tier 3,"Steel 105, Uranium 15, Plasteel 55, Gold 10, ArchotechScrap 75",1500,20000,,Light,예,근처에 있는 사람의 전투 능력을 강화하는 특이한 초월공학 장치입니다.,,,
정신파 조작기,Psychic Manipulator,RaidorJoinorTameorManhunter,More Archotech Garbage (Continued),zal.morearchotechgarbage,초월공학,1x1,1,가능,,,,Archotech Technology Tier 3,"Steel 50, Plasteel 50, ArchotechScrap 150",1000000,600,,Light,예,주변에 있는 아무 동물을 길들이거나 방랑자를 정착지에 합류시키는 초월공학 장치입니다. 하지만 적은 확률로 식인 동물 무리나 습격이 올 수 있습니다.,,,
조련 신호기,Fauna Beacon,ArchotechZooBeacon,More Archotech Garbage (Continued),zal.morearchotechgarbage,초월공학,1x1,1,가능,,,,Archotech Technology Tier 3,"Steel 105, Uranium 15, Plasteel 55, Gold 10, ArchotechScrap 75",1500,20000,,Light,예,근처에 있는 사람의 동물 조련과 훈련 확률을 높여주는 특이한 초월공학 장치입니다.,,,
중형 초월공학 복제기,Medium Archotech Replicator,MAG_ArchoReproductorMedium,More Archotech Garbage (Continued),zal.morearchotechgarbage,초월공학,2x2,4,불가,,,,Archotech Technology Tier 3,"Steel 3015, Gold 540, Uranium 495, Plasteel 1080, Silver 2700, ArchotechScrap 2700",5000,280000,,Medium,예,"주기적으로 초월계 파편과 초월계 덩어리를 생성하는 초월공학 장치입니다. 생성한 재료는 자동으로 건설에 사용되며, 명령이 없을 경우 바닥에 재료를 방출합니다.",,,
지식 신호기,Knowledge Beacon,ArchotechBrainBeacon,More Archotech Garbage (Continued),zal.morearchotechgarbage,초월공학,1x1,1,가능,,,,Archotech Technology Tier 3,"Steel 105, Uranium 15, Plasteel 55, Gold 10, ArchotechScrap 75",1500,20000,,Light,예,근처에 있는 사람의 학습 속도를 높여주는 특이한 초월공학 장치입니다.,,,
채굴 신호기,Mining Beacon,ArchotechDiggeyBeacon,More Archotech Garbage (Continued),zal.morearchotechgarbage,초월공학,1x1,1,가능,,,,Archotech Technology Tier 3,"Steel 105, Uranium 15, Plasteel 55, Gold 10, ArchotechScrap 75",1500,20000,,Light,예,근처에 있는 사람의 채굴 능력을 강화하는 특이한 초월공학 장치입니다.,,,
초능력 감소 신호기,Psychic deafness Beacon,ArchotechPsychicDeafnessBeacon,More Archotech Garbage (Continued),zal.morearchotechgarbage,초월공학,1x1,1,가능,,,,Archotech Technology Tier 3,"Steel 105, Uranium 15, Plasteel 55, Gold 10, ArchotechScrap 75",1500,20000,,Light,예,근처에 있는 사람의 초능력 민감도를 낮추는 특이한 초월공학 장치입니다.,,,
초능력 증폭 신호기,Psychic amplifier Beacon,ArchotechPsychicAmpBeacon,More Archotech Garbage (Continued),zal.morearchotechgarbage,초월공학,1x1,1,가능,,,,Archotech Technology Tier 3,"Steel 105, Uranium 15, Plasteel 55, Gold 10, ArchotechScrap 75",1500,20000,,Light,예,근처에 있는 사람의 초능력 민감도를 강화하는 특이한 초월공학 장치입니다.,,,
초월공학 난방기,Archotech Heater,ArchoStandardTemperatureThing,More Archotech Garbage (Continued),zal.morearchotechgarbage,초월공학,1x1,1,가능,,,열 10/초,Archotech Technology Tier 1,"Steel 20, ArchotechScrap 5",,1000,,Light,예,초월공학으로 제작된 난방 기구입니다. 천천히 그리고 지속적으로 주변을 데웁니다.,,,
초월공학 냉방기,Archotech Cooler,ArchoReverseTemperatureThing,More Archotech Garbage (Continued),zal.morearchotechgarbage,초월공학,1x1,1,가능,,,열 -10/초,Archotech Technology Tier 1,"Steel 20, ArchotechScrap 5",,1000,,Light,예,초월공학으로 제작된 냉방 기구입니다. 천천히 그리고 지속적으로 주변을 식힙니다.,,,
초월공학 복제기,Small Archotech Replicator,ArchoReproductor,More Archotech Garbage (Continued),zal.morearchotechgarbage,초월공학,1x1,1,불가,,,,Archotech Technology Tier 3,"Steel 335, Gold 60, Uranium 55, Plasteel 120, Silver 300, ArchotechScrap 300",500,35000,,Medium,예,초월계 파편을 제작하는 초월공학 장치입니다.,,,
초월공학 사지 조립기,archotech limb assembler,ArchoPartAssembler,More Archotech Garbage (Continued),zal.morearchotechgarbage,초월공학,1x1,1,불가,,,,Archotech Technology Tier 3,"Steel 100, Plasteel 50, ArchotechScrap 350",2000,500,2,Medium,예,10일에 한번씩 초월공학 신체 부위를 생산합니다. 어떠한 연료나 전력을 필요로 하지 않습니다.,,,
초월공학 스토브,archotech stove,MAG_ArchotechCookingStove,More Archotech Garbage (Continued),zal.morearchotechgarbage,초월공학,3x1,3,통과만,,,"연결 가능 설비 2종 / 작업칸 (0,0,-1)",Archotech Technology Tier 2,"Steel 95, Gold 70, Plasteel 120, Uranium 85, ArchotechScrap 125",500,2500,,Medium,예,"초월공학 요리에 필요한 도구가 장착된 스토브로, 스토브의 도구들은 무작위로 나타났다가 사라지는 것처럼 보입니다. 일반적인 요리와 도살은 여전히 가능하며, 속도와 효율성이 향상됩니다. 이곳에서 요리를 하면 평소보다 더 많은 음식을 얻을 수 있지만, 그 음식들이 어디서 나오는지는 알 수 없습니다. 작동하는 데 전력이나 연료가 필요하지 않습니다.",9,"초월계 후식, 초월계 빵, 초월공학 사료, 초월계 향신료, 초월계 식물성 물질, 초월계 고기, 초월계 축산물, 끓이지 않은 초월계 수프, 초월계 직화구이",
초월공학 암광 조명,archotech darklight,ArchoLampThingDark,More Archotech Garbage (Continued),zal.morearchotechgarbage,초월공학,1x1,1,가능,,,조명 반경 40,Archotech Technology Tier 1,"Steel 15, ArchotechScrap 5",,600,10,Light,예,연료 없이도 넓은 공간에 희미한 빛을 비추는 조월공학 조명입니다.,,,
초월공학 연구 보조기,Archotech Research Assistant,ArchoDecipherAI,More Archotech Garbage (Continued),zal.morearchotechgarbage,초월공학,2x2,4,불가,,,연결 설비 [ResearchSpeedFactor 0.2],Archotech Fundamentals,"Steel 230, Gold 65, Uranium 45, Plasteel 75, Silver 270, ArchotechScrap 50, AIPersonaCore 1",50000,25000,5,Medium,예,"인공지능이 초월계의 기술의 비밀을 밝히는 데 도움을 주도록 설계된 장치입니다. 매일 무작위 연구 과제에 연구 점수를 부여합니다. 하지만 먼저 질문하지 않으면 지식을 공유하지 않는 초월계이기에, 생기는 영향이 다양할 수 있으며, 가끔 연구 진행이 퇴보하기도 합니다. 해체 시 강한 정신파동이 방출되어 메카노이드를 불러오거나, 정착민들이 광기에 휩싸이게 할 수 있습니다.",,,
초월공학 유전자 추출기,archotech gene extractor,MAG_ArchoGeneExtractor,More Archotech Garbage (Continued),zal.morearchotechgarbage,초월공학,2x2,4,불가,-400 W,,"작업칸 (1, 0, 2)",Archotech Technology Tier 2,"Gold 25, Plasteel 50, ArchotechScrap 20",5000,,,Light,예,초월공학 기술을 사용한 유전자 추출기입니다. 초월인자를 추출할 수 있습니다.,,,
초월공학 작업대,archotech workbench,ArchBench,More Archotech Garbage (Continued),zal.morearchotechgarbage,초월공학,3x1,3,통과만,,,"연결 가능 설비 1종 / 작업칸 (0,0,-1)",Archotech Fundamentals,"Steel 120, Plasteel 65, Gold 25, Uranium 50, ArchotechScrap 5",500,2500,,Medium,예,초월공학 장치 생산에 필요한 도구로 이루어진 작업대입니다. 작업대에 자아가 존재하는 것처럼 보입니다. 작업대를 사용하는 동안 사용자는 최면 상태에 빠지고 제작 후 경험의 일부만 기억하게 됩니다.,33,"초능력 보호막 파동기, 초월공학 왕복선 제작기, 초월계 파편, 초월계 식물성 물질, 초월계 고기, 초월계 축산물, 정신 파동기, 정신 안정기, 정신충격 창, 정신분열 창, 정신 파동 발생장치, 배노메트릭 발전기, 초월공학 부활기, 정신력 포섭기, 정신력 킬 스위치, 정신영감 창, 초월공학 눈, 초월공학 팔, 초월공학 다리, 정신정지 창, 정신압박기, 공포파동 발생장치, 정신파 동물 훈련기, 정신안정 창, 정신치료 창, 초월계 약품, 초월계 덩어리, 정신력 증폭기, 초능력 증진기, 감정 판독기, 감정 송출기, 정신충전 창, 초월입자 ",
초월공학 조리기,Archotech nourisher,ArchoCookingAssistant,More Archotech Garbage (Continued),zal.morearchotechgarbage,초월공학,1x1,1,불가,,,연결 설비 [WorkTableWorkSpeedFactor 0.25],Archotech Technology Tier 2,"Steel 85, Uranium 5, Plasteel 5, Gold 30, ArchotechScrap 75",100,1500,,Medium,예,"음식을 조리하는 초월공학 장치입니다. 일정 간격으로 이상하지만, 맛이 있고 영양가 있는 ""음식""을 만들어냅니다.",,,
초월공학 조명,archotech light,ArchoLampThing,More Archotech Garbage (Continued),zal.morearchotechgarbage,초월공학,1x1,1,가능,,,조명 반경 40,Archotech Technology Tier 1,"Steel 15, ArchotechScrap 5",,600,10,Light,예,넓은 공간을 밝힐 수 있는 초월공학 기구입니다. 어떠한 연료나 전력을 필요로 하지 않습니다.,,,
초월공학 청소기,Archotech cleaner,MAG_GarbageBin,More Archotech Garbage (Continued),zal.morearchotechgarbage,초월공학,1x1,1,통과만,,,,Archotech Technology Tier 1,ArchotechScrap 45,100,495,8,Light,예,넓은 범위를 청소하는 작은 초월공학 장치입니다.,,,
초월연결체 충전 기둥 I,archonexus charging pillar I,MAG_ArchotechTranscendenceThing_One,More Archotech Garbage (Continued),zal.morearchotechgarbage,초월공학,2x2,4,가능,,,,ArchoTechTierFour,"Steel 250, Plasteel 150, Gold 50, ArchotechScrap 100",999999999,1800,10,Light,예,"초월연결체 핵의 핵심 부품인 초월연결체 열쇠를 충전할 수 있는 세 가지 초월공학 장치 중 하나입니다. 충전에는 10일이 걸리며, 이 기간 동안 생물과 메카노이드의 공격성을 강화하는 파동을 방출하여 더 많은 습격이 찾아옵니다.\n\n특히 야생 동물에게 강한 영향을 미쳐 3~5일마다 야생동물의 습격이 일어납니다.",,,
초월연결체 충전 기둥 II,archonexus charging pillar II,MAG_ArchotechTranscendenceThing_Two,More Archotech Garbage (Continued),zal.morearchotechgarbage,초월공학,2x2,4,가능,,,,ArchoTechTierFour,"Steel 250, Plasteel 150, Gold 50, ArchotechScrap 100, MAG_ArchonexusCore_One 1",999999999,1800,10,Light,예,"초월연결체 핵의 핵심 부품인 초월연결체 열쇠를 충전할 수 있는 세 가지 초월공학 장치 중 하나입니다. 충전에는 15일이 걸리며, 이 기간 동안 생물과 메카노이드의 공격성을 강화하는 파동을 방출하여 더 많은 습격이 찾아옵니다.\n\n특히 인간에게 강한 영향을 미쳐 3~5일마다 적 진영의 추가 습격이 일어납니다.",,,
초월연결체 충전 기둥 III,archonexus charging pillar III,MAG_ArchotechTranscendenceThing_Three,More Archotech Garbage (Continued),zal.morearchotechgarbage,초월공학,2x2,4,가능,,,,ArchoTechTierFour,"Steel 250, Plasteel 150, Gold 50, ArchotechScrap 100, MAG_ArchonexusCore_Two 1",999999999,1800,10,Light,예,"초월연결체 핵의 핵심 부품인 초월연결체 열쇠를 충전할 수 있는 세 가지 초월공학 장치 중 하나입니다. 충전에는 20일이 걸리며, 이 기간 동안 생물과 메카노이드의 공격성을 강화하는 파동을 방출하여 더 많은 습격이 찾아옵니다.\n\n특히 메카노이드에게 강한 영향을 미쳐 3~5일마다 적 메카노이드의 추가 습격이 일어납니다.",,,
초월인자 팩 조합기,archite genepack assembler,MAG_ArchiteGenepackAssembler,More Archotech Garbage (Continued),zal.morearchotechgarbage,초월공학,1x1,1,가능,,,,Archotech Technology Tier 1,"Gold 25, Plasteel 50, ArchotechScrap 20",5000,,,Light,예,1년마다 다양한 초월인자를 생성합니다. 한 번에 생성하는 초월인자의 양은 1개에서 6개까지 다양합니다. (모드 설정에서 변경 가능),,,
치유 신호기,Health Beacon,ArchotechHealMyBootyBeacon,More Archotech Garbage (Continued),zal.morearchotechgarbage,초월공학,1x1,1,가능,,,,Archotech Technology Tier 3,"Steel 105, Uranium 15, Plasteel 55, Gold 10, ArchotechScrap 75",1500,20000,,Light,예,근처에 있는 사람의 치유 속도를 늘리고 의학 능력을 강화하는 특이한 초월공학 장치입니다.,,,
허약함 신호기,Fragility Beacon,ArchotechFragilityBeacon,More Archotech Garbage (Continued),zal.morearchotechgarbage,초월공학,1x1,1,가능,,,,Archotech Technology Tier 3,"Steel 105, Uranium 15, Plasteel 55, Gold 10, ArchotechScrap 75",1500,20000,,Light,예,근처에 있는 적의 방어력을 약화하는 특이한 초월공학 장치입니다.,,,
고급 복합 분석기,advanced multi-analyzer,AdvancedMultiAnalyzer,More Linkables,4loris4.morelinkables,기타,3x2,6,통과만,-500 W,,연결 설비 [ResearchSpeedFactor 0.25],advanced multi-analyzer,"ComponentSpacer 2, ComponentIndustrial 10, Steel 200, Plasteel 100, Gold 50",800,10000,,Light,예,"연구용 작업대 근처에 배치하면 연구 속도를 크게 높입니다.\n연구 작업대는 하나의 고급 복합 분석기에만 연결할 수 있지만, 여전히 일반적인 복합 분석기와 연결할 수 있습니다.",,,
과학자 캐비닛,scientist cabinet,ToolCabinetC,More Linkables,4loris4.morelinkables,기타,2x1,2,통과만,-250 W,,"연결 설비 [WorkTableWorkSpeedFactor 0.3, ResearchSpeedFactor 0.05]",scientist cabinet,"Steel 300, ComponentSpacer 1, ComponentIndustrial 5, Plasteel 50, Uranium 10",400,4000,,Light,예,작업대 근처에 배치하면 작업 속도를 굉장히 높이고 연구 작업대의 작업 속도를 약간이나마 향상시켜 줍니다.\n하나의 작업대는 하나의 과학자 캐비닛에만 연결할 수 있지만 다른 유형의 캐비닛에는 연결할 수 있습니다.,,,
기계 캐비닛,mechanic cabinet,ToolCabinetB,More Linkables,4loris4.morelinkables,기타,2x1,2,통과만,,,연결 설비 [WorkTableWorkSpeedFactor 0.15],mechanic cabinet,"Steel 300, ComponentIndustrial 4, Plasteel 25",200,3000,,Light,예,작업대 근처에 배치하면 작업 속도를 굉장히 높입니다.\n하나의 작업대는 하나의 기계 캐비닛에만 연결할 수 있지만 다른 유형의 캐비닛에는 연결할 수 있습니다.,,,
수술 도구들,surgical instruments,SurgicalInstruments,More Linkables,4loris4.morelinkables,기타,1x1,1,통과만,,,"연결 설비 [MedicalTendQualityOffset 0.1, ImmunityGainSpeedFactor 0.01]",surgical instruments,"Steel 40, Plasteel 40, ComponentIndustrial 1",50,1500,,Light,예,병원 침대와 바로 인접해 배치하면 의료의 질과 면역력 증가 속도를 높입니다. 병원 침대에서만 작동합니다 - 일반 침대에는 아무 효과 없습니다. 같은 침대에 수술 도구들을 한 개 이상 부착하는 것은 아무런 효과도 없을 것입니다.,,,
수술 등,surgical lamp,SurgicalLamp,More Linkables,4loris4.morelinkables,기타,1x1,1,통과만,-400 W,,"조명 반경 5 / 연결 설비 [ImmunityGainSpeedFactor 0.01, SurgerySuccessChanceFactor 0.1]",surgical lamp,"Steel 40, ComponentIndustrial 1",100,3000,,Light,예,수술 성공 확률을 높이고 병원 침대 바로 옆에 놓았을 때 면역력이 높아집니다. 병원 침대에서만 작동합니다 - 일반 침대에는 아무 효과 없습니다. 같은 침대에 수술용 램프를 두 개 이상 부착하는 것은 아무런 효과도 없을 것입니다.,,,
주방 컵보드,kitchen cupboard,KitchenCupboard,More Linkables,4loris4.morelinkables,기타,1x1,1,통과만,,,연결 설비 [WorkTableWorkSpeedFactor 0.075],complex furniture,재질(Metallic/Woody/Stony) 50,100,1500,,Light,예,조리대와 도축대 근처에 설치할 경우 조리 속도와 도축 속도를 향상시켜 줍니다. \n하나의 작업대에는 최대 두개의 컵보드와 연결할 수 있습니다.,,,
향상된 캐비닛,improved cabinet,ToolCabinetA,More Linkables,4loris4.morelinkables,기타,2x1,2,통과만,,,연결 설비 [WorkTableWorkSpeedFactor 0.1],improved cabinet,"Steel 250, ComponentIndustrial 2",150,2400,,Light,예,작업대 근처에 배치하면 작업 속도를 높입니다.\n하나의 작업대는 하나의 개선된 공구 캐비닛에만 연결할 수 있지만 다른 유형의 캐비닛에는 연결할 수 있습니다.,,,
해부 훈련대,해부 훈련대,OPC_MedTrainingTable,OP 편의 기능 모음 (OP Convenience),cjdaud1318.opconvenience,생산,3x1,3,통과만,,,"작업칸 (0,0,-1)",,"Steel 75, WoodLog 30",180,1500,,Medium,예,의사가 시체로 수술 기법을 연습해 의학 기술을 빠르게 올리는 작업대.,1,의학 훈련,
중력구동기,grav engine,GravEngine,Odyssey DLC,ludeon.rimworld.odyssey,Odyssey (GravTech 패치로 건설 가능),3x3,9,통과만,,하부구조 반경 18.9,조명 반경 8 / 연결 가능 설비 10종,,,800,,-10,Heavy,예,"중력부양선의 핵심을 구성하는 초기술 부품입니다. 중력구동기는 주변 중력장의 방향을 뒤집고 증폭해 양력을 만듭니다. 중력구동기는 수직 상승만 가능하고 추진력은 제공하지 않습니다. 행성과 같은 거대 중력원이 없는 곳에서는 작동하지 않아서 행성 간 여행엔 사용할 수 없습니다.\n\n발사 시, 중력구동기와 연결된 하부구조 위의 모든 것이 새로운 지역으로 이동합니다. 중력닻 없이 중력부양선을 발사하면",,,"[Bigger Gravships] 지지 5000칸, 하부구조 반경 100 / [GravTech] 하부구조 반경 150, 발전 12000 W, 직접 건설 가능"
아동 의상 거치대,kid outfit stand,Building_KidOutfitStand,Odyssey DLC,ludeon.rimworld.odyssey,가구,1x1,1,통과만,,,저장,complex furniture,재질(Metallic/Woody/Stony) 30,60,350,0.5,Light,예,"어린이용 의상 한 개를 전시하는 작은 거치대입니다. 공간을 적게 차지하며, 필요할 때 의상을 빠르게 갈아입을 수 있습니다.",,,
의상 거치대,outfit stand,Building_OutfitStand,Odyssey DLC,ludeon.rimworld.odyssey,가구,1x1,1,통과만,,,저장,complex furniture,재질(Metallic/Woody/Stony) 35,60,350,0.5,Light,예,"의상 한 개를 전시하는 작은 거치대입니다. 공간을 적게 차지하며, 필요할 때 의상을 빠르게 갈아입을 수 있습니다.",,,
헌터 함정,hunter trap,HunterDroneTrap,Odyssey DLC,ludeon.rimworld.odyssey,방어,1x1,1,가능,,,,hunter drone,"Steel 40, Chemfuel 40",50,3600,-15,Light,예,휴면 상태의 헌터 드론 한 대입니다. 위협을 감지하면 깨어나서 목표물에 접근해 자폭합니다. 주변 지형에 숨겨야 하므로 다른 함정 옆에 배치할 수 없습니다.,,,
중력 코어 발전기,gravcore power cell,GravcorePowerCell,Odyssey DLC,ludeon.rimworld.odyssey,전력,1x1,1,통과만,+1200 W 발전,,,advanced gravtech,"Gravcore 1, GravlitePanel 50, ComponentSpacer 2, Steel 60",200,4000,-5,Substructure,예,중력부양선을 통과하는 중력파에서 소량의 에너지를 끌어오는 발전기입니다.,,,[Bigger Gravships] 발전 5000 W
궤도 탐지기,orbital scanner,OrbitalScanner,Odyssey DLC,ludeon.rimworld.odyssey,중력부양선,2x2,4,통과만,-500 W,,설치조건: NotUnderRoof,orbital tech,"Steel 180, ComponentIndustrial 6, ComponentSpacer 2",180,10000,-8,Heavy,,"행성 궤도를 돌고 있는 불규칙한 물체들을 자동으로 탐지하는 센서 장치입니다. 주기적으로 수송 포드, 왕복선, 중력부양선으로 방문할 수 있는 궤도상 위치를 탐지합니다.\n\n지붕 아래에서는 작동하지 않습니다. 다수의 궤도 탐지기를 건설해도 새로운 위치를 탐지할 확률은 증가하지 않습니다.",,,
대형 추진기,large thruster,LargeThruster,Odyssey DLC,ludeon.rimworld.odyssey,중력부양선,2x2,4,불가,,"추진기 GravshipRange 16, 뒤 금지구역 (2, 0, 7)",설치조건: GravshipThruster,standard gravtech,"Steel 220, BlocksVacstone 50, ComponentIndustrial 6",500,13200,-10,Substructure,예,내열성 진공암 내벽재가 적용된 고급 화학연료 추진기입니다. 중력부양선의 비행 거리를 크게 늘려줍니다. 추진기 설치에는 큰 건물과 중력부양선 하부구조가 없는 빈 공간이 필요합니다.\n\n궤도 소행성에서 얻을 수 있는 진공암 석재가 필요합니다.\n\n중력부양선에는 최대 6개의 대형 추진기를 설치할 수 있습니다.,,,"[Bigger Gravships] 항속 300, 최대 100개"
대형 화학연료 탱크,large chemfuel tank,LargeChemfuelTank,Odyssey DLC,ludeon.rimworld.odyssey,중력부양선,3x3,9,통과만,,중력선 부품[FuelStorage] 연료 공급 엔진 거리≤500 최대 9999개,연료 Chemfuel 750,standard gravtech,Steel 200,300,3000,-10,Substructure,,중력부양선의 추진기에 연료를 공급하는 대형 화학연료 저장 탱크입니다.,,,[Bigger Gravships] 연료 50000
산소 펌프,oxygen pump,OxygenPump,Odyssey DLC,ludeon.rimworld.odyssey,중력부양선,1x1,1,가능,-150 W,산소 공급 0.01/초/100칸,,orbital tech,"Steel 100, ComponentIndustrial 2",80,2000,,,예,"벽에 설치하는 소형 장치로, 주변 방에 산소를 공급하여 밀폐된 구역이 우주 공간에서도 재가압될 수 있게 해줍니다. 궤도에서 장기간 체류하는 데 필수적입니다.",,,
소형 추진기,small thruster,SmallThruster,Odyssey DLC,ludeon.rimworld.odyssey,중력부양선,1x2,2,불가,,"추진기 GravshipRange 10, 뒤 금지구역 (1, 0, 5)",설치조건: GravshipThruster,basic gravtech,"Steel 180, ComponentIndustrial 4",250,10000,-10,Substructure,예,중력부양선의 비행 거리를 늘려주는 화학연료 추진기입니다. 추진기 설치에는 큰 건물이나 중력부양선 하부구조가 없는 빈 공간이 필요합니다.\n\n중력부양선에는 최대 4개의 소형 추진기를 설치할 수 있습니다.,,,"[Bigger Gravships] 항속 100, 최대 100개"
소형 화학연료 탱크,small chemfuel tank,ChemfuelTank,Odyssey DLC,ludeon.rimworld.odyssey,중력부양선,2x2,4,통과만,,중력선 부품[FuelStorage] 연료 공급 엔진 거리≤500 최대 9999개,연료 Chemfuel 250,basic gravtech,Steel 120,200,2000,-10,Substructure,,중력부양선의 추진기에 연료를 공급하는 화학연료 저장 탱크입니다.,,,[Bigger Gravships] 연료 20000
신호 교란기,signal jammer,SignalJammer,Odyssey DLC,ludeon.rimworld.odyssey,중력부양선,2x2,4,통과만,,중력선 부품[SignalJammer] 엔진 거리≤500 최대 1개,,advanced gravtech,"Gravcore 1, Steel 200, GravlitePanel 80, ComponentSpacer 4",400,30000,-10,Substructure,예,"중력부양선의 전자기 신호를 위장해, 방어가 삼엄한 착륙 지점에 접근할 수 있게 해주는 신호 방출기입니다.",,,
여객 왕복선,passenger shuttle,PassengerShuttle,Odyssey DLC,ludeon.rimworld.odyssey,중력부양선,3x5,15,통과만,,,"연료 Chemfuel 400 / 작업칸 (2, 0, 0) / 설치조건: NotUnderRoof",shuttle,"Steel 250, Plasteel 150, ComponentIndustrial 6, ShuttleEngine 1",600,36000,,Light,,장거리 여행용으로 설계된 화학연료 동력 왕복선입니다. 궤도상 위치까지 도달할 수 있습니다.,,,
조종석 콘솔,pilot console,PilotConsole,Odyssey DLC,ludeon.rimworld.odyssey,중력부양선,3x2,6,통과만,,중력선 부품[Controls] 엔진 거리≤200 최대 1개,"작업칸 (0, 0,-1)",basic gravtech,"Steel 140, ComponentIndustrial 3",150,2500,0,Substructure,예,중력부양선의 발사 및 조종을 담당하는 인터페이스입니다. 중력구동기에서 직접 전력을 공급받습니다.,,,
중력닻,grav anchor,GravAnchor,Odyssey DLC,ludeon.rimworld.odyssey,중력부양선,4x4,16,통과만,,,설치조건: InvalidOverSubstructure,basic gravtech,"Plasteel 300, GravlitePanel 80, ComponentSpacer 5",500,38000,-10,Heavy,,중력부양선 발사 시 지역이 파괴되는 걸 방지합니다.\n\n중력닻은 주위 넓은 영역의 중력 전단 현상을 완화하여 중력부양선 발사 시의 파괴적인 피해를 방지합니다. 중력부양선에 설치하면 이륙을 막아버릴 것이므로 하부구조 위에 건설할 수 없습니다.,,,
중력부양선 외벽,gravship hull,GravshipHull,Odyssey DLC,ludeon.rimworld.odyssey,중력부양선,1x1,1,불가,,,,basic gravtech,재질(Metallic) 7,420,300,,Substructure,,우주 진공에서 산소 유출을 방지하는 강력한 밀폐 벽입니다. 이 벽은 하부구조와 직접 연결되므로 중력부양선에만 건설할 수 있습니다.,,,
중력장 확장기,grav field extender,GravFieldExtender,Odyssey DLC,ludeon.rimworld.odyssey,중력부양선,1x1,1,통과만,,하부구조 반경 16.9 / 중력선 부품 SubstructureSupport 250 엔진 거리≤18.9 최대 6개,조명 반경 2 / 설치조건: InRangeOfGravEngine,basic gravtech,"Gravcore 1, GravlitePanel 35, ComponentIndustrial 2, Steel 80",200,1500,-10,Substructure,예,"중력부양선의 크기를 확장할 때 필요한 초기술 장치입니다. 하부구조를 건설할 수 있는 영역을 넓혀주며, 중력부양선이 지탱할 수 있는 하부구조의 총량도 증가시켜줍니다. 반드시 중력구동기 근처에 설치해야 합니다.\n\n중력부양선에는 최대 6개의 중력장 확장기를 설치할 수 있습니다.",,,"[Bigger Gravships] 1개당 지지 5000칸, 최대 100개, 엔진 거리 100, 반경 100"
진공 장벽,vac barrier,VacBarrier,Odyssey DLC,ludeon.rimworld.odyssey,중력부양선,1x1,1,가능,-50 W,,,orbital tech,"Steel 40, ComponentIndustrial 2, GravlitePanel 2",100,2000,,Heavy,,"우주 공간에서 감압을 방지하는 초음파 장벽입니다. 장벽이 경계면 근처의 공기 분자를 압축하여 기체가 빠져나가는 것을 막으면서도, 사람은 자유롭게 통과할 수 있게 합니다. 진공 장벽은 침입자를 막는 데에는 효과가 없습니다.\n\n감압을 방지하려면 전력이 공급되어야 합니다.",,,
식물 유전학 작업대,potting bench,PottingBench,Plant genetics(Continued),adamas.plantgenetics.continued,생산,3x1,3,통과만,,,"작업칸 (0,0,-1)",plant breeding,"재질(Metallic/Woody) 75, WoodLog 20",180,2000,,Light,예,식물 유전자 개량에 필요한 작업대입니다.,,,
LWPN 송신기,LWPN emitter,ARKPPP_LocalWirelessPowerEmitter,Power++,arandomkiwi.powerpp,전력,6x6,36,불가,-3200 W,,,"electricity, Local Wireless power networks (LWPN)","Steel 1000, Silver 550, Plasteel 350, Gold 100, ComponentIndustrial 24, ComponentSpacer 6",800,5200,,Heavy,,전선 없이 모든 전자 장치를 연결할 수 있는 로컬(현재 지도상의) 무선 전력망(LWPN)을 구축하는데 사용하는 장치입니다.,,,
WPN 송신기,WPN emitter,ARKPPP_WirelessPowerEmitter,Power++,arandomkiwi.powerpp,전력,6x6,36,불가,-3000 W,,,"electricity, Long range wireless power networks (WPN)","Steel 550, Silver 350, Plasteel 75, Gold 50, ComponentIndustrial 18, ComponentSpacer 1",800,4200,,Heavy,,"장거리 WPN을 송신하는데 사용되는 무선 송신 장치입니다. 이 장치는 기상조건(천둥, 번개)에 민감합니다.",,,
WPN 수신기,WPN receiver,ARKPPP_WirelessPowerReceptor,Power++,arandomkiwi.powerpp,전력,4x4,16,가능,+0 W 발전,,,"electricity, Long range wireless power networks (WPN)","Steel 500, Plasteel 125, Gold 35, ComponentIndustrial 12, ComponentSpacer 2",450,3300,-8,Heavy,,무선 전력 수신기입니다. 전원을 공급하려면 유효한 WPN 에 연결되어 있어야 합니다.,,,
고급 WPN 송신기,Advanced WPN emitter,ARKPPP_WirelessPowerEmitterAdvanced,Power++,arandomkiwi.powerpp,전력,6x6,36,불가,-600 W,,,"electricity, Advanced WPN emitter","Steel 850, Silver 1200, Plasteel 250, Gold 150, ComponentIndustrial 24, ComponentSpacer 3",1000,5200,,Heavy,,장거리 WPN을 송신하는데 사용되는 무선 송신 장치입니다.,,,
위성 조준 시스템 (STS),Satellite Targeting System,ARKPPP_PowerBeamSatelliteTargetingSystem,Power++,arandomkiwi.powerpp,전력,6x6,36,불가,-850 W,,열 24/초 / 조명 반경 8,"electricity, Satelitte target system","Steel 650, Plasteel 350, Gold 100, ComponentIndustrial 36, ComponentSpacer 4",1200,5200,,Heavy,,고대 위성 중 하나를 해킹하고 제어하는데 사용되는 슈퍼 컴퓨터입니다. 지속적으로 냉각되어야 하는 것 외에도 위성과의 갑작스러운 비동기화가 발생해서는 안 됩니다. 왜냐하면 위성에 매우 심각한 영향을 미칠 수 있기 때문입니다. 따라서 시작 및 중지 순서는 항상 지켜져야 합니다.,,,
휴대용 LWPN 송신기,Portale LWPN emitter,ARKPPP_LocalWirelessPortablePowerEmitter,Power++,arandomkiwi.powerpp,전력,2x2,4,불가,-450 W,,,"electricity, Portable LWPN emitter","Steel 350, Plasteel 60, Gold 50, ComponentIndustrial 16, ComponentSpacer 2",500,3800,,Heavy,예,전선 없이 모든 전자 장치를 연결할 수 있는 로컬(현재 지도상의) 무선 전력망(LWPN)을 구축하는데 사용하는 장치입니다. 크기가 작기 때문에 처리할 수 있는 무선 장치의 갯수가 제한됩니다.,,,
휴대용 WPN 수신기,Portable WPN receiver,ARKPPP_WirelessPortablePowerReceptor,Power++,arandomkiwi.powerpp,전력,2x2,4,가능,+0 W 발전,,,"electricity, Portable WPN receiver","Steel 250, Plasteel 35, Gold 15, ComponentIndustrial 8, ComponentSpacer 1",250,2200,-8,Medium,예,휴대용 무선 전력 수신기입니다. 전원을 공급하려면 유효한 WPN 에 연결되어 있어야 합니다. 크기가 작기 때문에 최대 3000 W 로 제한됩니다.,,,
흡수 위성 (AD),Absorption Dish,ARKPPP_PowerBeamAbsorptionDish,Power++,arandomkiwi.powerpp,전력,24x24,576,불가,+500 W 발전,,설치조건: NotUnderRoof,"electricity, Absorption dish","Steel 2400, Plasteel 350, Gold 150, ComponentIndustrial 24, ComponentSpacer 6",2400,82000,,Heavy,,고대 위성 네트워크에서 전력을 송신받는 거대한 흡수 위성(AD)입니다.,,,
흡수 위성(AD) 릴레이 탑,AD relay tower,ARKPPP_ADRelayTower,Power++,arandomkiwi.powerpp,전력,3x5,15,불가,-450 W,,조명 반경 6,"electricity, Remote absorption dish","Steel 140, ComponentIndustrial 4, ComponentSpacer 1",320,3200,,Heavy,,위성 안테나를 통해서 하나 이상의 흡수 위성(AD)을 위성 조준 시스템(STS)에 원격으로 연결하는데 사용되는 라디오 안테나입니다.,,,
퓨즈,makeshift fuse,Building_RTMakeshiftFuse,RT Fuse,ratys.rtfuse,전력,1x1,1,통과만,전선/송전,,,basic fuses,"Steel 20, ComponentIndustrial 1",100,500,-15,Light,예,간단한 퓨즈입니다. 최대 1800 Wd의 방전을 제거하며 작동 후 수리가 필요합니다.,,,
회로 차단기,circuit breaker,Building_RTCircuitBreaker,RT Fuse,ratys.rtfuse,전력,1x2,2,통과만,전선/송전,,,circuit breakers,"Steel 50, Plasteel 4, ComponentIndustrial 1",100,1000,-10,Light,예,자동으로 회로를 차단하는 장치들입니다. 최대 1800 Wd의 방전을 제거하며 작동 후 수동으로 재활성화하여야 합니다.,,,
자기 보호막 발생기,magnetic shield,Building_RTMagneticShield,RT Solar Flare Shield,ratys.rtsolarflareshield,전력,2x2,4,통과만,-50 W,,,solar flare shielding,"Steel 100, ComponentIndustrial 10, Plasteel 50",200,5000,-10,Light,예,흑점 폭발이 발생하면 자동으로 작동하여 정착지 전체를 태양 플레어로부터 보호합니다. 작동 시 엄청난 전력을 소모하며 상당한 발열이 발생합니다.,,,
강화 유리 자동문,reinforced glass autodoor,RB_ReinforcedGlassAutodoor,ReBuild: Doors and Corners,rebuild.cotr.doorsandcorners,구조물,1x1,1,가능,-50 W,,,"autodoor, fabrication","재질(Metallic/Woody/Stony/Metallic/Woody/Stony) 25, RB_BallisticGlass 5, ComponentIndustrial 2",160,1100,,Light,,방을 나눕니다. 전기로 작동하며 문 통과시 이동속도 감소가 적거나 없습니다.,,,
강화 유리벽,reinforced glass wall,RB_ReinforcedGlassWall,ReBuild: Doors and Corners,rebuild.cotr.doorsandcorners,구조물,1x1,1,불가,,,,fabrication,"재질(Metallic/Stony) 1, RB_BallisticGlass 4",300,185,,Heavy,,지나갈 수 없는 강화 유리벽입니다. 지붕을 지지할 수 있습니다. 빛을 차단하지 않아 실내에서도 식물을 키울 수 있습니다. 정착민의 외출 욕구를 천천히 채워줍니다.,,,
강화 유리창 벽,reinforced clerestory wall,RB_ReinforcedClerestoryWall,ReBuild: Doors and Corners,rebuild.cotr.doorsandcorners,구조물,1x1,1,불가,,,,fabrication,"재질(Metallic/Woody/Stony) 3, RB_BallisticGlass 2",300,175,,Heavy,,지나갈 수 없는 강화 유리창 벽입니다. 지붕을 지지할 수 있습니다. 빛을 차단하지 않아 실내에서도 식물을 키울 수 있습니다. 정착민의 외출 욕구를 천천히 채워줍니다.,,,
격벽 문,cell door,RB_CellDoor,ReBuild: Doors and Corners,rebuild.cotr.doorsandcorners,구조물,1x1,1,가능,,,,smithing,재질(Metallic) 25,80,850,,Light,,방을 나눕니다. 열고 닫히는 속도가 느립니다.,,,
금속 격벽,cell wall,RB_CellWall,ReBuild: Doors and Corners,rebuild.cotr.doorsandcorners,구조물,1x1,1,불가,,,,smithing,재질(Metallic/Woody) 5,250,135,,Light,,쇠창살로 이루어진 지나갈 수 없는 벽입니다.,,,
대형 보안 문,large security door,RB_LargeSecurityDoor,ReBuild: Doors and Corners,rebuild.cotr.doorsandcorners,구조물,3x1,3,가능,-50 W,,,security door,"Plasteel 75, ComponentIndustrial 3",1200,8000,,Heavy,,"튼튼하게 강화된 문입니다. 느리게 열리며 전기가 필요하지만, 매우 강합니다. 뭔가 위험한 것의 출입을 통제하고 싶다면 좋은 선택일 것입니다. 문이 기능하려면 양쪽에 벽이 필요합니다.",,,
대형 화려한 문,large ornate door,RB_LargeOrnateDoor,ReBuild: Doors and Corners,rebuild.cotr.doorsandcorners,구조물,3x1,3,가능,,,,"complex furniture, artisan furniture","재질(Metallic/Woody/Stony) 100, Gold 75",350,18000,35,Light,,방을 나눕니다. 복잡한 문양과 금으로 장식되어있습니다. 이 거대하고 무거운 문은 이를 지지해주는 벽이 있어야 제대로 사용할 수 있습니다.,,,
벽 보호구,wall armor,RB_OverwallArmor,ReBuild: Doors and Corners,rebuild.cotr.doorsandcorners,구조물,1x1,1,가능,,,설치조건: OnWall,fabrication,"재질(Metallic) 15, Steel 10",750,350,,Heavy,,벽을 강화하는 보호구입니다. 구조적으로 기존 벽과 완벽하게 통합되며 외부 위협에 대한 보호 기능을 강화합니다. 파괴될 때까지 설치된 벽을 손상으로부터 보호합니다. 벽에 설치해야 합니다.,,,
소박한 벽,rustic wall,RB_RusticWall,ReBuild: Doors and Corners,rebuild.cotr.doorsandcorners,구조물,1x1,1,불가,,,,,재질(Metallic/Woody/Stony) 3,200,75,,Heavy,,지나갈 수 없는 벽입니다. 단순하고 약해 보입니다. 지붕을 지지할 수 있습니다.,,,
수중 장벽,barriers wall,RB_BarriersWall,ReBuild: Doors and Corners,rebuild.cotr.doorsandcorners,구조물,1x1,1,불가,,,,smithing,재질(Metallic/Woody) 5,200,350,,RB_AnyWater,,"쇠창살로 이루어진 지나갈 수 없는 벽으로, 물의 흐름을 막지 않습니다. 물 속에 건설해야 합니다.",,,
유리 자동문,glass autodoor,RB_GlassAutodoor,ReBuild: Doors and Corners,rebuild.cotr.doorsandcorners,구조물,1x1,1,가능,-50 W,,,"autodoor, electricity","재질(Metallic/Woody/Stony/Metallic/Woody/Stony) 25, RB_Glass 5, ComponentIndustrial 2",80,900,,Light,,방을 나눕니다. 전기로 작동하며 문 통과시 이동속도 감소가 적거나 없습니다. 빛을 차단하지 않습니다.,,,
유리벽,glass wall,RB_GlassWall,ReBuild: Doors and Corners,rebuild.cotr.doorsandcorners,구조물,1x1,1,불가,,,,electricity,"재질(Metallic/Stony) 1, RB_Glass 4",200,135,,Heavy,,지나갈 수 없는 유리벽입니다. 지붕을 지지할 수 있지만 튼튼하진 못합니다. 빛을 차단하지 않아 실내에서도 식물을 키울 수 있습니다. 정착민의 외출 욕구를 천천히 채워줍니다.,,,
유리창 벽,clerestory wall,RB_ClerestoryWall,ReBuild: Doors and Corners,rebuild.cotr.doorsandcorners,구조물,1x1,1,불가,,,,electricity,"재질(Metallic/Woody/Stony) 3, RB_Glass 2",200,135,,Heavy,,지나갈 수 없는 유리창 벽입니다. 지붕을 지지할 수 있지만 튼튼하진 못합니다. 빛을 차단하지 않아 실내에서도 식물을 키울 수 있습니다. 정착민의 외출 욕구를 천천히 채워줍니다.,,,
이중 자동문,double autodoor,RB_DoubleAutodoor,ReBuild: Doors and Corners,rebuild.cotr.doorsandcorners,구조물,2x1,2,가능,-50 W,,,autodoor,"재질(Metallic/Woody/Stony) 50, Steel 80, ComponentIndustrial 4",160,2200,,Light,,방을 나눕니다. 전기로 작동하며 문 통과시 이동속도 감소가 적거나 없습니다.,,,
이중문,double door,RB_DoubleDoor,ReBuild: Doors and Corners,rebuild.cotr.doorsandcorners,구조물,2x1,2,가능,,,,,재질(Metallic/Woody/Stony) 50,160,1700,,Light,,방을 나눕니다. 수동으로 열고 닫으며 문 통과시 이동속도가 느려집니다.,,,
화려한 벽,ornate wall,RB_OrnateWall,ReBuild: Doors and Corners,rebuild.cotr.doorsandcorners,구조물,1x1,1,불가,,,,artisan furniture,"재질(Metallic/Woody/Stony) 12, Gold 2",300,325,4,Heavy,,지나갈 수 없는 벽입니다. 복잡한 문양과 금으로 장식되어있습니다. 지붕을 지지할 수 있지만 튼튼하진 못합니다. 권위 유형의 초능력자는 근처에서 집중 명상을 할 때 명상 보너스를 얻습니다.,,,
바닥등,floor lamp,RB_FloorLamp,ReBuild: Doors and Corners,rebuild.cotr.doorsandcorners,바닥,1x1,1,가능,-20 W,,조명 반경 8,electricity,"재질(Metallic) 15, Steel 5",25,350,,,,전기를 사용하여 공간을 밝히는 바닥 설치형 전등입니다. 일반 전등보다 덜 강력하지만 어떤 바닥에도 설치할 수 있습니다.,,,
벽걸이 벽난로,wall-mounted fireplace,RB_OverwallFireplace,ReBuild: Doors and Corners,rebuild.cotr.doorsandcorners,온도,2x1,2,통과만,,,연료 WoodLog 40.0 / 열 15/초 / 설치조건: OnWall,stonecutting,재질(Stony) 25,120,400,8,,,벽걸이형 석재 벽난로입니다. 다른 열원들과 마찬가지로 방을 덥히기 위해선 밀폐된 공간에 배치되어야 합니다. 나무를 채워넣을 수 있습니다.,,,
벽난로,fireplace,RB_Fireplace,ReBuild: Doors and Corners,rebuild.cotr.doorsandcorners,온도,3x2,6,통과만,,,연료 WoodLog 40.0 / 열 15/초 / 설치조건: Heater,stonecutting,재질(Stony) 65,200,800,8,,,석재 벽난로입니다. 다른 열원들과 마찬가지로 방을 덥히기 위해선 밀폐된 공간에 배치되어야 합니다. 나무를 채워넣을 수 있습니다.,,,
중력부양선 외벽,gravship hull,RB_SmoothGravshipHull,ReBuild: Doors and Corners,rebuild.cotr.doorsandcorners,중력부양선,1x1,1,불가,,,설치조건: OnSubstructure,standard gravtech,재질(Metallic) 4,340,280,,Heavy,,"우주 진공에서 산소 유출을 방지하는 밀폐 벽으로, 일반 외벽보다 내구성이 다소 떨어집니다. 이 벽은 하부구조와 직접 연결되므로 중력부양선에만 건설할 수 있습니다.",,,
중력부양선 유리 외벽,gravship glasshull,RB_GravshipWindowHull,ReBuild: Doors and Corners,rebuild.cotr.doorsandcorners,중력부양선,1x1,1,불가,,,설치조건: OnSubstructure,"standard gravtech, electricity","재질(Metallic) 3, RB_Glass 3",420,300,,Heavy,,"압력에 강한 관측창이 박혀 있는 밀폐 벽입니다. 안전한 별 관측을 위해 설계되었으며, 중력부양선의 구조 프레임워크에 직접 연결됩니다. 중력부양선에만 건설할 수 있습니다.",,,
중력부양선 전경 외벽,gravship panorama hull,RB_GravshipPanoramaHull,ReBuild: Doors and Corners,rebuild.cotr.doorsandcorners,중력부양선,1x1,1,불가,,,설치조건: OnSubstructure,"advanced gravtech, electricity","재질(Metallic) 2, RB_Glass 6",420,300,,Heavy,,너머로 탁 트인 우주 경치를 감상할 수 있는 거대한 유리 외벽입니다. 중력부양선의 하부 구조에 연결되는 이 밀폐 벽은 뛰어난 구조적 안정성을 가지면서도 높은 빛 투과율을 자랑합니다. 중력부양선에만 건설할 수 있습니다.,,,
소형 보호막 발생기,small shield generator,ASG_SmallWallShieldGenerator,Reflection Shield Generator,aruminon.reflectionshieldgenerator,방어,1x1,1,가능,-1000 W,,보호막 반경 5,defensive shield technology,"ComponentSpacer 5, ComponentIndustrial 15, Plasteel 100, Steel 300",300,3200,-1,,예,"A compact wall-mounted shield generator developed by Urbanworld engineers for local defense. Because it was created using immature shield technology, its performance is somewhat limited. Even so, it serves as an extremel",,,
중형 강화 벽,heavy reinforced wall,HeavyReinforcedWall,Reinforced Walls (Continued),crewd.reinforcedwallscontinued,구조물,1x1,1,불가,,,,reinforced walls,"재질(Metallic/Woody/Stony) 15, Steel 5",900,405,,Heavy,,모든 형태의 피해와 직접적인 폭발을 견딜 수 있도록 강화된 더 강한 통과 불가능한 벽입니다. 지붕을 지탱할 수 있습니다.,,,
중형 강화 총안구 벽,heavy reinforced embrasure,HeavyReinforcedEmbrasure,Reinforced Walls (Continued),crewd.reinforcedwallscontinued,구조물,1x1,1,불가,,,,reinforced walls,"재질(Metallic/Woody/Stony) 15, Steel 5",900,405,,Heavy,,모든 형태의 피해와 직접적인 폭발을 견딜 수 있도록 강화되고 전술적 사격이 가능한 구멍이 있는 더 강한 통과 불가능한 벽입니다. 지붕을 지탱할 수 있습니다.,,,
레플리매트 단말기,Replimat Terminal,ReplimatTerminal,Replimat,sumghai.replimat,레플리매트,1x1,1,통과만,-2000 W,,"작업칸 (0,0,-1)",Molecular Nutrient Resequencing,"Steel 50, ComponentSpacer 5, Plasteel 20",200,15000,5,Light,예,분자 재구성으로 식사와 음료를 합성합니다. 레플리매트 원료 탱크 및 레플리매트 컴퓨터에 전력선으로 연결해야 합니다.,,,
레플리매트 대형 원료 탱크,Replimat Large Feedstock Tank,ReplimatFeedTankLarge,Replimat,sumghai.replimat,레플리매트,2x2,4,통과만,-1000 W,,,Molecular Nutrient Resequencing,"Steel 50, ComponentIndustrial 10, ComponentSpacer 2, Plasteel 150",200,10000,-3,Light,예,레플리매트 터미널에서 사용하는 유기 미립자 현탁액을 담는 표준 원료 탱크의 대형 버전입니다. 레플리매트 호퍼로 공급합니다.,,,
레플리매트 동물 급양기,Replimat Animal Feeder,ReplimatAnimalFeeder,Replimat,sumghai.replimat,레플리매트,1x1,1,통과만,-500 W,,저장,Molecular Nutrient Resequencing,"Steel 5, ComponentSpacer 2, Plasteel 2",20,6000,5,Light,예,분자 재구성으로 동물용 사료를 합성합니다. 레플리매트 원료 탱크 및 레플리매트 컴퓨터에 전력선으로 연결해야 합니다.,,,
레플리매트 벽면 단말기,Replimat Wall Terminal,ReplimatTerminalWall,Replimat,sumghai.replimat,레플리매트,1x1,1,가능,-2000 W,,"작업칸 (0,0,-1)",Molecular Nutrient Resequencing,"Steel 40, ComponentSpacer 5, Plasteel 15",100,12500,4,,예,분자 재구성으로 식사와 음료를 합성합니다. 레플리매트 원료 탱크 및 레플리매트 컴퓨터에 전력선으로 연결해야 합니다.\n\n이 터미널 버전은 기존 벽면에 내장되도록 설계되었습니다.,,,
레플리매트 시체 가공기,Replimat Cadaver Processor,ReplimatCorpseRecycler,Replimat,sumghai.replimat,레플리매트,1x3,3,통과만,-2000 W,,저장,Molecular Nutrient Resequencing,"Steel 100, ComponentIndustrial 10, ComponentSpacer 8, Plasteel 80",150,32000,1,Light,예,시체를 품위있는 방법을 통해 레플리매트 시스템에 공급할 유기 미립자 현탁액으로 재활용합니다.,,,
레플리매트 원료 탱크,Replimat Feedstock Tank,ReplimatFeedTank,Replimat,sumghai.replimat,레플리매트,1x1,1,통과만,-500 W,,,Molecular Nutrient Resequencing,"Steel 25, ComponentIndustrial 5, ComponentSpacer 1, Plasteel 75",200,7500,-3,Light,예,레플리매트 단말기에서 사용하는 유기 미립자 현탁액을 보관합니다. 레플리매트 호퍼로 공급합니다.,,,
레플리매트 컴퓨터,Replimat Computer,ReplimatComputer,Replimat,sumghai.replimat,레플리매트,2x1,2,통과만,-1000 W,,,Molecular Nutrient Resequencing,"Steel 80, ComponentSpacer 12, ComponentIndustrial 8, Plasteel 60, IsolinearModule 1",400,40000,-1,Light,예,모든 레플리매트 단말기에 다양한 식사와 음료 조리법을 제공합니다.,,,
레플리매트 호퍼,Replimat Hopper,ReplimatHopper,Replimat,sumghai.replimat,레플리매트,3x1,3,통과만,-2000 W,,저장,Molecular Nutrient Resequencing,"Steel 80, ComponentIndustrial 10, ComponentSpacer 8, Plasteel 50",100,30000,-2,Light,예,냉동한 재료를 보관하고 분자 수준에서 레플리매트 시스템에 공급할 유기 미립자 현탁액으로 분해합니다.,,,
왕복선 착륙장,shuttle landing pad,Spaceports_ShuttleLandingPad,Rimsential - Spaceports (Continued),zal.spaceports,기타,7x5,35,가능,-100 W,,조명 반경 5 / 연결 가능 설비 1종,microelectronics,"Steel 100, ComponentIndustrial 5",500,1000,,Medium,,"왕복선의 착륙을 위한 자동화 착륙장입니다. 착륙장의 사용 가능 여부와 상태를 통합 심우주 신호기를 통해 태양계 너머로 알리며, 행성과 행성 너머의 방문객들을 불러 모읍니다.",,,
우주 공항 방문객 장소,spaceport visitor spot,Spaceports_VisitorSpot,Rimsential - Spaceports (Continued),zal.spaceports,기타,1x1,1,가능,,,,microelectronics,,,0,,Light,,"우주 공항 방문객이 머물도록 설정된 장소입니다.\n\n우주 공항에 도착한 방문객들은 자신들이 타고 온 왕복선이 주기된 착륙장 혹은 착륙 지점에서 가장 가까이에 존재하는 유효한 장소를 선택합니다. 유호한 장소가 없을 시, 자신들이 타고 온 왕복선 주변에 머물게 됩니다. 같은 장소에 다른 방문객 집단들이 동시에 머물 수 있습니다.",,,
우주 공항 신호기,spaceport beacon,Spaceports_Beacon,Rimsential - Spaceports (Continued),zal.spaceports,기타,3x3,9,가능,-300 W,,,microelectronics,"Steel 200, ComponentIndustrial 5",500,2000,,Medium,,우주 공항의 존재와 사용 가능 여부를 알리는 심우주 신호기와 초수평선 레이더가 설치된 복합설비입니다.,,,
합성 연료 단말기,fusion fuel terminal,Spaceports_FuelDispenser,Rimsential - Spaceports (Continued),zal.spaceports,기타,1x1,1,불가,-50 W,,"조명 반경 1 / 연결 설비 / 작업칸 (0,0,-1)",fabrication,"Plasteel 25, ComponentIndustrial 3",500,250,,Medium,,"소형 왕복선을 위한 합성 연료 구매에 사용되는 단말기입니다. 작동하기 위해서는 착륙장 근처에 설치해야 합니다. 구매가 확인되면, 착륙장 내부의 펌프가 같은 네트워크에 있는 연료 탱크의 연료를 왕복선에 주입합니다.",,,
합성 연료 처리기,fusion fuel processor,Spaceports_FuelProcessor,Rimsential - Spaceports (Continued),zal.spaceports,기타,3x3,9,불가,-1000 W,,연결 가능 설비 1종 / 연료 Chemfuel 150 / 조명 반경 3,fabrication,"Plasteel 150, ComponentSpacer 5",500,2000,,,,"얕은 물에서 작동하는 우주 시대 기술의 연료 처리기입니다. 작동 시, 공급된 화학연료의 휘발성 물질이 대형 반응 탱크에서 흡수한 물과 융합되고, 가압되어 복잡한 연쇄 화학 반응을 일으켜 일반적인 액체 융합 연료로 분리됩니다.",,,
합성 연료 탱크,fusion fuel tank,Spaceports_FuelTank,Rimsential - Spaceports (Continued),zal.spaceports,기타,1x2,2,불가,-100 W,,연결 설비 거리 20 / 조명 반경 2,fabrication,"Plasteel 75, ComponentSpacer 2",500,500,,Light,,"액체 상태의 합성 연료를 저장하는 탱크입니다. 통합 냉각 시스템은 항상 작동되어야하며, 그렇지 않을시 내부의 연료가 증발해 버립니다.",,,
대왕좌,grand meditation throne,GrandThrone,Royalty DLC,ludeon.rimworld.royalty,가구,3x2,6,가능,,,"작업칸 (0,0,1)",complex furniture,"재질(Metallic/Stony) 300, Gold 75",350,40000,30,Light,예,"귀족만이 앉을 수 있는 거대하고 화려한 의자입니다. 왕좌가 배치된 방은 알현실로 지정되며, 귀족의 욕구를 만족시키기 위해 사용됩니다.",,,
왕좌,meditation throne,Throne,Royalty DLC,ludeon.rimworld.royalty,가구,1x1,1,가능,,,"작업칸 (0,0,-1)",complex furniture,재질(Metallic/Woody/Stony) 125,150,10000,15,Light,예,"귀족만이 앉을 수 있는 크고 화려한 의자입니다. 왕좌가 배치된 방은 알현실로 지정되며, 귀족의 욕구를 만족시키기 위해 사용됩니다.",,,
화로,brazier,Brazier,Royalty DLC,ludeon.rimworld.royalty,가구,1x1,1,통과만,,,연료 WoodLog 30.0 / 조명 반경 10 / 열 3.5/초 / 설치조건: Heater,complex furniture,재질(Metallic/Stony) 50,80,1000,,Light,예,불을 붙일 때 사용하는 그릇 모양의 가구입니다. 주위를 밝혀주고 열을 발생시킵니다.,,,
휘장,drape,Drape,Royalty DLC,ludeon.rimworld.royalty,가구,2x1,2,통과만,,,,complex furniture,"재질(Fabric/Leathery) 150, WoodLog 50",100,2000,7.5,Light,예,수직의 나무에 천을 달아놓은 장식으로 왕실을 꾸미는 데에 적합합니다.,,,
희미한 화로,darklight brazier,DarklightBrazier,Royalty DLC,ludeon.rimworld.royalty,가구,1x1,1,통과만,,,연료 WoodLog 30.0 / 조명 반경 10 / 열 3.5/초 / 설치조건: Heater,complex furniture,재질(Metallic/Stony) 50,80,1000,,Light,예,주변에 희미한 빛을 발산하고 열을 발생시키는 특수처리된 화로입니다. 왕실 화로 요구사항을 충족시킵니다.,,,
명상 지점,meditation spot,MeditationSpot,Royalty DLC,ludeon.rimworld.royalty,기타,1x1,1,가능,,,,,,,0,,Light,,초집중 능력자가 명상을 진행할 수 있는 장소입니다. 근처에 조각품 등의 매개체를 배치하여 초집중 획득량을 늘릴 수 있습니다.,,,
작은 자연 성소,small nature shrine,NatureShrine_Small,Royalty DLC,ludeon.rimworld.royalty,기타,2x2,4,통과만,,,,,재질(Metallic/Woody/Stony) 150,150,15000,10,Medium,예,"영적 존재를 기리는 작은 성소로, 부족 초집중 능력자가 명상하기 위한 곳입니다. 자연 성소는 인공 구조물 근처에 있으면 약해지므로, 항상 자연 속에 배치해야 합니다. 외부인들에게는 보통 자연물처럼 보이기 때문에 습격 목표가 되지 않습니다.",,,
큰 자연 성소,large nature shrine,NatureShrine_Large,Royalty DLC,ludeon.rimworld.royalty,기타,3x3,9,통과만,,,,,재질(Metallic/Woody/Stony) 300,300,30000,20,Heavy,예,"영적 존재를 기리는 큰 성소입니다. 부족 초집중 능력자가 명상하기 위한 곳입니다. 자연 성소는 인공 구조물 근처에 있으면 약해지므로, 항상 자연 속에 배치해야 합니다. 외부인들에게는 보통 자연물처럼 보이기 때문에 습격 목표가 되지 않습니다.",,,
함선 신호기,ship landing beacon,ShipLandingBeacon,Royalty DLC,ludeon.rimworld.royalty,기타,1x1,1,가능,-50 W,,조명 반경 2,electricity,"Steel 40, ComponentIndustrial 1",75,800,,Light,예,"왕복선이 착륙할 지점을 지정하기 위한 장치입니다. 착륙 지점을 만들기 위해서는 4개의 함선 신호기가 필요하며, 최소 9x9 이상의 크기를 가진 사각형 범위를 그리도록 설치해야 합니다. 건물, 사람, 동물 같은 장애물이 존재하지 않는 경우 왕복선은 반드시 착륙장을 이용합니다.",,,
격납고 문 (1x5),hangar door (1x5),SDE_VehicleDoor,Security and Blast Doors Expanded,jarocks.securitydoorsexpanded,구조물,5x1,5,가능,-110 W,,,security door,"재질(Metallic) 125, ComponentIndustrial 5",715,6800,,Heavy,,"A heavily reinforced door wide enough for vehicles and crowds. It's slow to open and requires electricity, but can take a tremendous amount of punishment before failing. The door requires walls on either side to function",,,
격납고 방폭문 (1x5),hangar blast door (1x5),SDE_ArmoredVehicleDoor,Security and Blast Doors Expanded,jarocks.securitydoorsexpanded,구조물,5x1,5,가능,-110 W,,,blast doors,"재질(Metallic) 300, ComponentIndustrial 20, ComponentSpacer 5",3500,15400,,Heavy,,"A heavily armored, blast-resistant door that's wide enough for vehicles and crowds. It's expensive, slow to open, and requires electricity, but can take a tremendous amount of punishment before failing. The door requires",,,
방폭문 (1x1),blast door (1x1),SDE_ArmoredSecurityDoorSmall,Security and Blast Doors Expanded,jarocks.securitydoorsexpanded,구조물,1x1,1,가능,-25 W,,,blast doors,"재질(Metallic) 75, ComponentIndustrial 4, ComponentSpacer 1",1260,5200,,Heavy,,"A heavily armored, blast-resistant door. It's expensive, slow to open, and requires electricity, but can take a tremendous amount of punishment before failing.",,,
방폭문 (1x2),blast door (1x2),SDE_ArmoredSecurityDoor,Security and Blast Doors Expanded,jarocks.securitydoorsexpanded,구조물,2x1,2,가능,-50 W,,,blast doors,"재질(Metallic) 100, ComponentIndustrial 8, ComponentSpacer 2",1400,6150,,Heavy,,"A heavily armored, blast-resistant door. It's expensive, slow to open, and requires electricity, but can take a tremendous amount of punishment before failing. The door requires walls on either side to function.",,,
방폭문 (1x3),blast door (1x3),SDE_ArmoredSecurityDoorLarge,Security and Blast Doors Expanded,jarocks.securitydoorsexpanded,구조물,3x1,3,가능,-75 W,,,blast doors,"재질(Metallic) 150, ComponentIndustrial 12, ComponentSpacer 3",2100,9250,,Heavy,,"A heavily armored, blast-resistant door. It's expensive, slow to open, and requires electricity, but can take a tremendous amount of punishment before failing. The door requires walls on either side to function.",,,
보안문 (1x1),security door (1x1),SDE_SecurityDoorSmall,Security and Blast Doors Expanded,jarocks.securitydoorsexpanded,구조물,1x1,1,가능,-25 W,,,security door,"재질(Metallic) 25, ComponentIndustrial 1",255,2300,,Heavy,,"A heavily reinforced door. It's slow to open and requires electricity, but is very strong. It's a good choice if you want to keep something dangerous out - or in.",,,
보안문 (1x3),security door (1x3),SDE_SecurityDoorLarge,Security and Blast Doors Expanded,jarocks.securitydoorsexpanded,구조물,3x1,3,가능,-75 W,,,security door,"재질(Metallic) 75, ComponentIndustrial 3",430,4100,,Heavy,,"A heavily reinforced door. It's slow to open and requires electricity, but is very strong. It's a good choice if you want to keep something dangerous out - or in. The door requires walls on either side to function.",,,
비행 메이드 관제기,Flying Maid Control Station,AT_FlagStation,Silversol's Azurtrail,silversol.azur,기타,1x1,1,통과만,-250 W,,,high mechtech,"Steel 150, SubcoreAzur 1",120,1600,5,Medium,예,"하늘을 나는 메이드노이드에게 쉴 틈을 주지 않기 위해 개발된 장치입니다. 자동으로 비행 메이드를 출격시키고, 주변 아이템을 회수합니다.",,,
아주르 앵커,AzurAnchor,AT_RecallStation,Silversol's Azurtrail,silversol.azur,기타,1x1,1,통과만,,,설치조건: NotUnderRoof,,"Steel 75, ComponentIndustrial 1",120,1200,-2,Medium,,"아주르트레일 부대의 착륙을 유도하는 소형 단말입니다. 플라잉-메이드들은 이런 단말 없이도 이착륙에 문제가 없지만, 안전성을 보장하고 착륙 위치를 특정하고 싶을때 사용할 수 있습니다.",,,
포뮬러 콘솔,Formula Console,GHFomulaConsole,Silversol's Stormmarina,silversol.marina,기타,1x1,1,통과만,,,설치조건: NotUnderRoof,ultra mechtech,"Steel 150, Plasteel 1200, SubcoreHigh 8, NanostructuringChip 1",600,4000,5,Medium,,"A device designed to stabilize the Formula Subcore required for tuning the Stormmarina Extend. Once activated, this device must be defended from raiders and kept operational for 12 days to complete the subcore stabilizat",,,
하이튠 콘솔,Hightune Console,GHTuningConsole,Silversol's Stormmarina,silversol.marina,기타,1x1,1,통과만,,,설치조건: NotUnderRoof,ultra mechtech,"Steel 150, Uranium 600, SubcoreHigh 4, SignalChip 1",600,4000,5,Medium,,"A device designed to stabilize the High Tuning Subcore required for tuning the Phantomsail Extend. Once activated, this device must be defended from raiders and kept operational for 7 days to complete the subcore stabili",,,
비비안의 충전기 A형,Vivian's Charger type A,VivianRecharger,Silversol's maidnoid,silversol.consti,생명공학,2x1,2,통과만,-250 W,,"작업칸 (2,0,0)",basic mechtech,"Steel 125, ComponentIndustrial 3",150,8000,,Light,,"스틸비비안이 재설계한 표준 메카노이드 충전기입니다. 더 컴팩트하며, 중형급까지 충전할 수 있는 충분한 전압을 제공합니다.",,,
비비안의 충전기 B형,Vivian's Charger type B,VivianRechargerB,Silversol's maidnoid,silversol.consti,생명공학,2x1,2,통과만,-250 W,,"작업칸 (1,0,-1)",basic mechtech,"Steel 125, ComponentIndustrial 3",150,8000,,Light,,"스틸비비안이 재설계한 표준 메카노이드 충전기입니다. 더 컴팩트하며, 중형급까지 충전할 수 있는 충분한 전압을 제공합니다.",,,
긴 천장 조명,long ceiling light,Owl_LongCeilingLight,Simple Utilities: Ceiling Adjusted,owlchemist.ceilingutilities,가구,2x1,2,가능,-40 W,,조명 반경 15,advanced lights,Steel 40,50,1200,,Light,,주변을 밝게 비추는 일반적인 전등입니다. 최대 속도로 이동하고 작업하려면 불빛이 필요합니다. 천장에 설치되어 있기에 별도의 공간을 차지하지 않습니다.,,,
샹들리에,chandelier,Owl_Chandelier,Simple Utilities: Ceiling Adjusted,owlchemist.ceilingutilities,가구,2x2,4,가능,,,조명 반경 12 / 열 4.5/초 / 연료 WoodLog 25.0,complex furniture,"Steel 30, WoodLog 80",50,3000,4,Light,,횃불 4개를 달아둔 장식용 샹들리에입니다.,,,
조명 패널,light panel,Wyr3d_LightPanel,Simple Utilities: Ceiling Adjusted,owlchemist.ceilingutilities,가구,1x1,1,가능,-15 W,,조명 반경 12,"microelectronics, advanced lights",Steel 20,50,600,,Light,,A light panel mounted in the ceiling. People need light to move and work at full speed.,,,
천장 조명,ceiling light,Owl_CeilingLight,Simple Utilities: Ceiling Adjusted,owlchemist.ceilingutilities,가구,1x1,1,가능,-30 W,,조명 반경 12,advanced lights,Steel 20,50,600,,Light,,주변을 밝게 비추는 일반적인 전등입니다. 생명체가 최대 속도로 이동하고 작업하려면 불빛이 필요합니다. 천장에 설치되어 있기에 별도의 공간을 차지하지 않습니다.,,,
천장 조명 장치,mounted gloomlight,Owl_GloomCeilingLight,Simple Utilities: Ceiling Adjusted,owlchemist.ceilingutilities,가구,1x1,1,가능,,,조명 반경 3,,"Owl_GloomlightMinified 1, Steel 20",50,600,-20,Light,,용도를 알 수 없는 자가동력 메카노이드 장치입니다. 내부의 극소 발전기는 장치가 큰 피해를 받았을 때 스스로 파괴되며 불꽃을 뿜어냅니다. 약간의 개조를 하여 천장에 고정시킨 상태이며 해체해도 회수가 불가능합니다.,,,
화학연료 샹들리에,chemfuel chandelier,WYD_Chemfuel_Chandelier,Simple Utilities: Ceiling Adjusted,owlchemist.ceilingutilities,가구,2x2,4,가능,,,조명 반경 10 / 연료 Chemfuel 40.0,"complex furniture, smithing","Steel 30, Silver 50, Chemfuel 40",50,4500,8,Light,,A ceiling mounted silver-plated chandelier with four chemfuel lamps. Can be automatically refueled with chemfuel. People need light to move and work at full speed.,,,
온도 조절 장치,temperature control unit,MUR_TCU,Temperature Control Unit,murmur.tcu.kotobike,온도,1x1,1,통과만,-200 W,,온도조절 -21,air conditioning,"Steel 140, ComponentIndustrial 4",100,2000,,Medium,,A wall mounted cooler/heater combo.,,,
온도 조절 장치 (2x2),temperature control unit (2x2),MUR_TCU_TwoByTwo,Temperature Control Unit,murmur.tcu.kotobike,온도,2x2,4,통과만,-400 W,,온도조절 -63,air conditioning,"Steel 280, ComponentIndustrial 8",200,4000,,Medium,,A 2x2 wall mounted cooler/heater combo.,,,
온도 조절 장치 (긴형),temperature control unit (long),MUR_TCU_Long,Temperature Control Unit,murmur.tcu.kotobike,온도,1x2,2,통과만,-200 W,,온도조절 -21,air conditioning,"Steel 140, ComponentIndustrial 4",100,2000,,Medium,,A long wall mounted cooler/heater combo.,,,
온도 조절 장치 (넓음),temperature control unit (wide),MUR_TCU_Wide,Temperature Control Unit,murmur.tcu.kotobike,온도,2x1,2,통과만,-400 W,,온도조절 -63,air conditioning,"Steel 280, ComponentIndustrial 8",200,4000,,Medium,,A wide wall mounted cooler/heater combo.,,,
고급 메카 배양기,advanced mech gestator,AdvancedMechGestator,Tiered Mechs,pyro.tieredmechs,생명공학,3x2,6,통과만,-450 W,,"작업칸 (1,0,2)",high mechtech,"Steel 300, ComponentSpacer 1, Plasteel 200, SubcoreHigh 1",250,10000,,Light,,재료와 영양분을 공급하기 위한 지지 튜브가 있는 기계석이 풍부한 유체 탱크입니다. 업그레이드된 AI 및 화학 필터링을 통해 훨씬 더 발전된 전자 장치를 사용할 수 있습니다. 이 고급 건물은 고급 경량 기계만 생성할 수 있습니다.\n\n이 프로세스는 표준 배양보다 더 낭비적이며 더 많은 폐기물을 생성합니다.,15,"고급 리프터, 고급 컨스트럭토이드, 고급 아그리핸드, 고급 클린스위퍼, 고급 파브리코어, 고급 파라메딕, 고급 터널러, 울트라테크 리프터, 울트라테크 컨스트럭토이드, 울트라테크 아그리핸드, 울트라테크 클린스위퍼, 울트라테크 파브리코어, 울트라테크 파라메딕, 초월기술 터널러, 부활 고급/초경량 메카노이드",
가판대,Marketplace,Marketplace,Trading Control,tradingcontrol.tad.rimworld.core,기타,3x2,6,가능,,,,,재질(Metallic/Woody) 40,100,500,,Light,,상인이 정착지를 방문했을 때 잠시 머무를 장소를 지정합니다.,,,
거래 지정 장소,Caravan Trade Spot,TradingSpot,Trading Control,tradingcontrol.tad.rimworld.core,기타,1x1,1,가능,,,,,,,0,,Light,,상인이 정착지를 방문했을 때 잠시 머무를 장소를 지정합니다.,,,
상선 투하 지점,Orbital Drop Spot,DropSpotTradeShip,Trading Control,tradingcontrol.tad.rimworld.core,기타,1x1,1,가능,,,,,Steel 20,75,500,,Light,,궤도 상선이 물품을 떨어트릴 장소를 지정합니다.,,,
훈련용 콘솔,training console,TrainingConsole,Training Console,wexman.trainingconsole1.2,기타,1x1,1,통과만,-550 W,,"조명 반경 3 / 작업칸 (0,0,-1)",microelectronics,"AIPersonaCore 1, Steel 180, ComponentIndustrial 5",250,,,Heavy,예,정착민들의 기술 훈련을 위해 고안된 훈련용 콘솔입니다.,12,"조련 기술 훈련, 예술 기술 훈련, 건설 기술 훈련, 조리 기술 훈련, 제작 기술 훈련, 원예 기술 훈련, 의학 기술 훈련, 격투 기술 훈련, 채굴 기술 훈련, 연구 기술 훈련, 사격 기술 훈련, 사교 기술 훈련",
대형 헤모 배양기,large hemo-gestator,LargeHemoGestator,ULTRARIM: Blood Is Fuel,evereggs.urbloodisfuel,생명공학,4x3,12,통과만,-500 W,,"연료 HemogenPack 20.0 / 작업칸 (2,0,2)",standard mechtech,"Steel 300, ComponentIndustrial 6",350,16000,,Light,,"A tank of diluted, mechanite rich hemogen with support tubes for feeding in materials and nutrients. Mechanitors can use it to produce or resurrect hemogen fueled mechanoids. This tier of mech gestator is capable of gene",,,
대형 헤모 충전기,large hemo-charger,StandardBloodRecharger,ULTRARIM: Blood Is Fuel,evereggs.urbloodisfuel,생명공학,3x2,6,통과만,-250 W,,"연료 HemogenPack 15 / 작업칸 (0,0,2)",standard mechtech,"Steel 250, ComponentIndustrial 2",250,8000,,Light,,"Medium, heavy, and ultraheavy mechanoids can quickly refuel here, consuming hemogen packs in the process.\nWhile recharging, a mech will consume a number of hemogen packs equivalent to 2/5 times their ""wastepacks per cha",,,
헤모 배양기,hemo-gestator,HemoGestator,ULTRARIM: Blood Is Fuel,evereggs.urbloodisfuel,생명공학,3x2,6,통과만,-350 W,,"연료 HemogenPack 20.0 / 작업칸 (1,0,2)",basic mechtech,"Steel 150, ComponentIndustrial 3",250,8000,,Light,,"A tank of diluted, mechanite rich hemogen with support tubes for feeding in materials and nutrients. Mechanitors can use it to produce or resurrect hemogen fueled mechanoids. This process obviously requires hemogen, whic",,,
헤모 충전기,hemo-charger,BasicBloodRecharger,ULTRARIM: Blood Is Fuel,evereggs.urbloodisfuel,생명공학,3x1,3,통과만,-150 W,,"연료 HemogenPack 5 / 작업칸 (0,0,1)",basic mechtech,"Steel 125, ComponentIndustrial 1",150,8000,,Light,,"Lightweight mechanoids can quickly refuel here, consuming hemogen packs in the process.\nWhile recharging, a mech will consume a number of hemogen packs equivalent to 2/5 times their ""wastepacks per charge"" stat.",,,
범용 무역 통신기,Universal Trade Console,alt4s_UniversalTradeConsole,Universal Trade Hub (continued),alt4s.universaltradehub,기타,1x1,1,통과만,-400 W,,"작업칸 (0,0,1)",microelectronics,"Steel 80, ComponentIndustrial 6, ComponentSpacer 3",200,2200,,Medium,예,광대한 성간 운송망에 직접 접근할 수 있도록 조정된 무역 통신기입니다. 이 첨단 통신기를 사용하여 은하계 어디에서나 정착지를 대상으로 물건을 주문할 수 있습니다. 숙련된 기술자가 고급 부품을 사용해서 건설할 수 있습니다.,,,
만능 유전자 컴파일러,universal gene compiler,UniversalGeneCompiler,UniversalGeneCompiler,chezhou.universalgenecompiler,생명공학,3x6,18,통과만,-600 W,,연결 가능 설비 1종,archogenetics,"Steel 500, Plasteel 100, ComponentSpacer 20",500,16000,,Heavy,,"A self-contained xenogenetics platform that extracts, stores, edits, and implants genes while reconstructing missing body parts.",,,
유전자 저장 확장기,gene storage extender,UGC_GeneStorageExtender,UniversalGeneCompiler,chezhou.universalgenecompiler,생명공학,1x1,1,통과만,-100 W,,"연결 설비 [UGC_GeneticComplexityCapacity 20, UGC_StoredGeneCapacity 330] 거리 12.9",archogenetics,"Steel 100, Plasteel 20, ComponentSpacer 2",180,4000,,Heavy,예,A powered DNA archive linked to a universal gene compiler. Up to four nearby extenders can support one compiler.,,,
그릴,grill,VCE_Grill,Vanilla Cooking Expanded,vanillaexpanded.vcooke,생산,1x1,1,통과만,,,"연료 WoodLog 20.0 / 연결 가능 설비 1종 / 열 6/초 / 조명 반경 3 / 작업칸 (0,0,-1)",grilling,"Steel 75, WoodLog 20",150,800,,Light,예,그릴은 아래에서 열을 가하여 음식을 조리하는 장치입니다. 나무를 연료로 사용합니다.,4,"간단한 바베큐, 좋은 바베큐, 호화로운 바베큐, 미식적인 바베큐",
전기 냄비,electric pot,VCE_ElectricPot,Vanilla Cooking Expanded,vanillaexpanded.vcooke,생산,1x1,1,통과만,-100 W,,"작업칸 (0,0,-1)",soup cooking,"Steel 50, ComponentIndustrial 1",100,800,,Light,예,전기 냄비는 물을 끓이고 일정한 온도로 유지하기 위해 사용되는 조리기구입니다. 보통 오랜 시간 동안 수프를 끓이기 위해 사용됩니다. 냄비에 재료와 물을 넣고 오랜 시간 동안 끓이면 시간이 지날수록 점차 맛이 깊어집니다.\n\n수프는 전원이 들어오지 않는 전기 냄비 위에 있으면 매우 빠르게 상합니다. 흑점 폭발을 조심하세요!,,,
조미료 작업대,condiment prep table,VCE_CondimentPrepTable,Vanilla Cooking Expanded,vanillaexpanded.vcooke,생산,2x1,2,통과만,,,"연결 가능 설비 1종 / 작업칸 (0,0,-1)",food condiments,Steel 80,50,1000,,Light,예,미식적인 요리에 사용되는 조미료를 준비하는 작업대입니다.,9,"사료, 소금, 용설란 시럽, 곤충 젤리 잼, 마요네즈, 연초 버터, 초콜릿 시럽, 케첩, 핫소스",
치즈 압착기,cheese press,VCE_CheesePress,Vanilla Cooking Expanded,vanillaexpanded.vcooke,생산,2x1,2,통과만,,,"작업칸 (0,0,-1)",cheese making,"Steel 10, WoodLog 30",100,600,,Light,예,치즈 압착기는 치즈를 만들 때 유청을 누르는 장치입니다. 압착은 치즈의 경도와 질감에 영향을 미치며 또한 조각 또는 치즈휠의 모양을 결정합니다. 이 압착기는 숙성통으로도 작동하므로 치즈가 숙성될수록 품질이 높아집니다.,,,
통조림 기계,canning machine,VCE_CanningMachine,Vanilla Cooking Expanded,vanillaexpanded.vcooke,생산,1x1,1,통과만,-85 W,,"연결 가능 설비 1종 / 작업칸 (0,0,-1)","canning, electricity","Steel 100, ComponentIndustrial 1",200,1800,,Light,예,통조림 기계는 보존된 음식을 금속 통 안에 보관하는 기구입니다. 각 통조림 작업에는 일정량의 강철이 필요합니다.,4,"고기 통조림, 야채 통조림, 과일 통조림, 달걀 통조림",
튀김기,deep fryer,VCE_DeepFrier,Vanilla Cooking Expanded,vanillaexpanded.vcooke,생산,1x1,1,통과만,-100 W,,"연료 Chemfuel 20 / 열 6/초 / 연결 가능 설비 1종 / 작업칸 (0,0,-1)",deep frying,"Steel 75, Chemfuel 20",150,1500,,Light,예,튀김기는 튀김에 사용되는 주방 용품입니다. 튀김은 일반적으로 175°C ~ 190°C 온도의 고열 기름에 음식을 담그는 방식으로 조리합니다.,2,"고기 튀김, 야채 튀김",
간단한 침대,simple bed,Bed_Simple,Vanilla Furniture Expanded,vanillaexpanded.vfecore,가구,1x2,2,통과만,,,연결 가능 설비 7종 / 침대,basic furniture,재질(Metallic/Woody/Stony) 40,120,600,,Light,예,튼튼한 프레임 위에 놓인 그물과 베개로 어느 정도 편안함을 제공합니다. 단순한 구조로 인해 이 침대는 품질에 영향을 받지 않습니다.,,,
간단한 큰 침대,simple double bed,VFE_Bed_SimpleDouble,Vanilla Furniture Expanded,vanillaexpanded.vfecore,가구,2x2,4,통과만,,,연결 가능 설비 7종 / 침대,basic furniture,재질(Metallic/Woody/Stony/Metallic/Woody/Stony) 80,190,1200,,Light,예,"두 사람이 잘 수 있는, 튼튼한 프레임 위에 놓인 그물과 베개로 어느 정도 편안함을 제공합니다. 단순한 구조로 인해 이 침대는 품질에 영향을 받지 않습니다.",,,
고급 사주식 침대,royal poster bed,Bed_Kingsize,Vanilla Furniture Expanded,vanillaexpanded.vfecore,가구,2x2,4,통과만,,,연결 가능 설비 9종 / 침대,artisan furniture,"재질(Metallic/Woody/Stony) 120, Gold 75",220,75000,100,Light,예,"정교한 조각으로 장식된, 귀족에게 어울리는 호화로운 사주식 침대입니다. 극도로 편안하고 고급스러우며, 위풍당당한 프레임과 섬세한 장인 정신은 예술 작품을 방불케 합니다. 2인용입니다.",,,
고급 스탠딩 램프,royal standing lamp,VFE_RoyalLamp,Vanilla Furniture Expanded,vanillaexpanded.vfecore,가구,1x1,1,통과만,-30 W,,조명 반경 10.75,"electricity, artisan furniture","Steel 20, Gold 5",50,600,5,Light,예,금테와 우아한 디자인으로 장식된 아름답게 제작된 스탠딩 램프입니다.,,,
고급 안락의자,royal armchair,Seat_RoyalArmchair,Vanilla Furniture Expanded,vanillaexpanded.vfecore,가구,1x1,1,가능,,,연결 가능 설비 1종,artisan furniture,"재질(Fabric/Leathery) 130, Gold 50",140,25000,40,Light,예,"깊은 쿠션, 고급스러운 천 덮개, 화려한 디테일을 갖춘 웅장하고 정교하게 제작된 안락의자입니다. 식탁, 작업대 등에서 사용할 수 있습니다.",,,
고급 옷장,royal dresser,Table_RoyalDresser,Vanilla Furniture Expanded,vanillaexpanded.vfecore,가구,2x1,2,가능,,,연결 설비 [Comfort 0.1] 거리 6,artisan furniture,"재질(Metallic/Woody/Stony) 75, Gold 40",140,10000,50,Light,예,순금 장식과 품위 있는 외관이 돋보이는 호화로운 옷장입니다. 침대 가까이 두면 편안함이 상승합니다. 침대가 받는 옷장 효과는 한 개가 최대입니다.,,,
고급 옷장,royal wardrobe,VFE_RoyalWardrobe,Vanilla Furniture Expanded,vanillaexpanded.vfecore,가구,2x1,2,통과만,,,연결 설비 [Comfort 0.05] 거리 6,"complex furniture, artisan furniture","재질(Metallic/Woody/Stony) 75, Gold 60",160,12000,80,Light,예,귀족을 위해 디자인된 금테를 두른 웅장한 옷장입니다. 근처 모든 침대에 약간의 편안함 보너스를 제공합니다. 같은 침대 근처에 여러 개의 고급 옷장을 배치해도 효과는 없습니다.,,,
고급 의자,royal chair,Seat_RoyalChair,Vanilla Furniture Expanded,vanillaexpanded.vfecore,가구,1x1,1,가능,,,,artisan furniture,"재질(Fabric/Leathery) 50, Gold 30",120,15000,30,Light,예,"고급스러운 천으로 덮개를 씌우고 정교한 장인 정신으로 장식된 호화로운 높은 등받이 식탁 의자입니다. 식탁, 작업대 등에서 사용할 수 있습니다.",,,
고급 탁자 (1x1),royal table (1x1),Table_Royal1x1c,Vanilla Furniture Expanded,vanillaexpanded.vfecore,가구,1x1,1,통과만,,,,artisan furniture,"재질(Metallic/Woody/Stony) 20, Gold 10",70,750,10,Light,예,"정교한 조각과 광택 처리된 표면으로 장식된, 금테를 두른 섬세하게 제작된 탁자입니다. 의자를 마주 보게 배치하면 탁자에서 식사할 수 있습니다.",,,
고급 탁자 (1x2),royal table (1x2),Table_Royal1x2c,Vanilla Furniture Expanded,vanillaexpanded.vfecore,가구,1x2,2,통과만,,,,artisan furniture,"재질(Metallic/Woody/Stony) 35, Gold 20",90,1000,20,Light,예,"정교한 조각과 광택 처리된 표면으로 장식된, 금테를 두른 섬세하게 제작된 탁자입니다. 의자를 마주 보게 배치하면 탁자에서 식사할 수 있습니다.",,,
고급 탁자 (2x2),royal table (2x2),Table_Royal2x2c,Vanilla Furniture Expanded,vanillaexpanded.vfecore,가구,2x2,4,통과만,,,,artisan furniture,"재질(Metallic/Woody/Stony) 65, Gold 40",120,2000,40,Light,예,"정교한 조각과 광택 처리된 표면으로 장식된, 금테를 두른 섬세하게 제작된 탁자입니다. 의자를 마주 보게 배치하면 탁자에서 식사할 수 있습니다.",,,
고급 탁자 (2x4),royal table (2x4),Table_Royal2x4c,Vanilla Furniture Expanded,vanillaexpanded.vfecore,가구,2x4,8,통과만,,,,artisan furniture,"재질(Metallic/Woody/Stony) 120, Gold 60",175,3750,80,Light,예,"정교한 조각과 광택 처리된 표면으로 장식된, 금테를 두른 섬세하게 제작된 탁자입니다. 의자를 마주 보게 배치하면 탁자에서 식사할 수 있습니다.",,,
고급 탁자 (3x3),royal table (3x3),Table_Royal3x3c,Vanilla Furniture Expanded,vanillaexpanded.vfecore,가구,3x3,9,통과만,,,,artisan furniture,"재질(Metallic/Woody/Stony) 125, Gold 90",200,4200,90,Light,예,"정교한 조각과 광택 처리된 표면으로 장식된, 금테를 두른 섬세하게 제작된 탁자입니다. 의자를 마주 보게 배치하면 탁자에서 식사할 수 있습니다.",,,
고급 협탁,royal end table,Table_RoyalEndTable,Vanilla Furniture Expanded,vanillaexpanded.vfecore,가구,1x1,1,통과만,,,연결 설비 [Comfort 0.1],artisan furniture,"재질(Metallic/Woody/Stony) 50, Gold 25",90,5000,25,Light,예,금 상감과 정교한 디테일로 장식된 섬세하게 제작된 침대 옆 탁자입니다. 근처 침대의 편안함을 향상시켜 모든 침실에 귀족적인 분위기를 더합니다. 침대 머리맡에 직접 인접하여 배치해야 합니다. 같은 침대 근처에 여러 개를 배치해도 효과는 없습니다.,,,
긴 의자,bench,Seat_Bench,Vanilla Furniture Expanded,vanillaexpanded.vfecore,가구,1x1,1,가능,,,,basic furniture,재질(Metallic/Woody/Stony) 25,75,450,0,Light,,"여러 사람이 동시에 앉을 수도 있는 단순하고 기다란 의자입니다. 없는 것보단 낫지만 딱히 편하진 않습니다. 식탁, 작업장, 그 외 어디서든 사용 가능합니다.",,,
긴 화분,long plant pot,VFE_LongPlantPot,Vanilla Furniture Expanded,vanillaexpanded.vfecore,가구,1x1,1,통과만,,,,modern furniture,재질(Metallic/Woody/Stony) 20,75,250,,Light,예,근처 사람들의 기분을 좋게 하기 위해 여기에 장식용 꽃을 심으세요. 다른 화분과 결합하여 다양한 모양을 만들도록 디자인되었습니다.,,,
모듈형 소파,modular couch,VFE_ModularCouch,Vanilla Furniture Expanded,vanillaexpanded.vfecore,가구,1x1,1,가능,,,연결 가능 설비 1종,modern furniture,재질(Fabric/Leathery) 90,100,12000,5,Light,예,"다른 것과 결합하여 더 큰 소파나 코너 좌석 배치를 만들 수 있도록 디자인된 소형 쿠션 좌석입니다. 넓은 오락실, 라운지 또는 사교 공간에 이상적입니다.",,,
무기 진열대,weapon rack,Shelf_WeaponRack,Vanilla Furniture Expanded,vanillaexpanded.vfecore,가구,2x1,2,통과만,,,저장 칸당 6묶음,"complex furniture, complex furniture",재질(Metallic) 25,120,600,0.5,Light,예,"무기를 보관하기 위한 선반입니다. 여기에 보관된 아이템은 방의 미관에 영향을 주지 않으며, 밖에 두어도 손상되지 않습니다.",,,
바닥 램프,floor lamp,VFE_FloorLamp,Vanilla Furniture Expanded,vanillaexpanded.vfecore,가구,1x1,1,가능,-20 W,,조명 반경 8.9,"electricity, flatscreen television",Steel 20,40,400,,Light,예,"바닥에 내장된 낮은 높이의 광원입니다. 스탠딩 램프만큼 밝지는 않지만, 움직임을 방해하지 않으면서 은은하고 균일한 조명을 제공합니다. 비에도 합선되지 않습니다.",,,
방석,sitting cushion,Seat_Cushion,Vanilla Furniture Expanded,vanillaexpanded.vfecore,가구,1x1,1,가능,,,,,재질(Fabric/Leathery) 30,30,3000,3,Light,예,앉기 위해 디자인된 부드러운 쿠션입니다. 발판 의자보다는 편안하지만 여전히 단순한 좌석입니다.,,,
상 (1x1),table (1x1),Table_1x1c,Vanilla Furniture Expanded,vanillaexpanded.vfecore,가구,1x1,1,통과만,,,,,재질(Metallic/Woody/Stony) 15,50,500,0.5,Light,예,의자가 있으면 여기서 밥을 먹습니다.,,,
야외 등,outdoor lamp,Light_Streetlamp,Vanilla Furniture Expanded,vanillaexpanded.vfecore,가구,1x1,1,통과만,-70 W,,조명 반경 19 / 설치조건: NotUnderRoof,"electricity, electricity, advanced lights",Steel 40,100,350,,Light,예,일정 구역을 밝히는 커다란 전기 조명입니다. 실외에 설치하면서 불이 붙지 않아서 도로 조명에 적합합니다. 밤에만 켜집니다.,,,
인체 공학 의자,ergonomic chair,Seat_ModernChair,Vanilla Furniture Expanded,vanillaexpanded.vfecore,가구,1x1,1,가능,,,,modern furniture,"재질(Fabric/Leathery/Metallic) 80, Steel 20, ComponentIndustrial 2",130,16000,6,Light,예,"뛰어난 등받이와 패딩을 갖춘 현대적이고 잘 디자인된 의자로, 높은 편안함을 제공합니다.",,,
인체 공학 침대,ergonomic bed,Bed_Ergonomic,Vanilla Furniture Expanded,vanillaexpanded.vfecore,가구,1x2,2,통과만,,,연결 가능 설비 7종 / 침대,modern furniture,"재질(Metallic/Woody) 50, Steel 20, ComponentIndustrial 3",160,3000,2,Light,예,최대한의 편안함과 적절한 척추 지지를 위해 설계된 현대적인 조절식 침대입니다.,,,
인체 공학 큰 침대,ergonomic double bed,Bed_DoubleErgonomic,Vanilla Furniture Expanded,vanillaexpanded.vfecore,가구,2x2,4,통과만,,,연결 가능 설비 7종 / 침대,modern furniture,"재질(Metallic/Woody) 100, Steel 40, ComponentIndustrial 6",300,5500,4,Light,예,최대한의 편안함과 적절한 척추 지지를 위해 설계된 현대적인 조절식 침대입니다. 두 사람이 사용할 수 있습니다.,,,
장롱,wardrobe,Table_Wardrobe,Vanilla Furniture Expanded,vanillaexpanded.vfecore,가구,2x1,2,통과만,,,연결 설비 [Comfort 0.05] 거리 6,complex furniture,재질(Metallic/Woody/Stony) 60,140,2500,8,Light,예,의류 및 기타 물품을 보관하기 위한 키 큰 옷장입니다. 근처 모든 침대에 약간의 편안함 보너스를 제공합니다. 같은 침대 근처에 여러 개의 장롱을 배치해도 효과는 없습니다.,,,
조각된 침대,chiseled bed,Bed_StoneSlab,Vanilla Furniture Expanded,vanillaexpanded.vfecore,가구,1x2,2,통과만,,,연결 가능 설비 7종 / 침대,,재질(Stony) 45,160,3000,3,Light,예,매끈하게 다듬은 커다란 석판입니다. 굉장히 불편해서 맨바닥에서 자는 것보다 조금 나은 수준입니다.,,,
조각된 큰 침대,chiseled double bed,VFE_Bed_StoneSlabDouble,Vanilla Furniture Expanded,vanillaexpanded.vfecore,가구,2x2,4,통과만,,,연결 가능 설비 7종 / 침대,,재질(Stony) 85,240,5750,3,Light,예,두 사람이 잘 수 있는 단순하지만 아름다운 석판입니다. 최소한의 편안함만을 제공하지만 내구성이 뛰어나고 불연성입니다.,,,
책상 램프,desk lamp,VFE_DeskLamp,Vanilla Furniture Expanded,vanillaexpanded.vfecore,가구,1x1,1,통과만,-20 W,,조명 반경 9.55,electricity,Steel 15,50,250,,Light,예,작은 영역을 밝히는 전기 책상 램프입니다. 사람들은 최대 속도로 이동하고 작업하기 위해 빛이 필요합니다.,,,
카운터,counter,Table_Counter,Vanilla Furniture Expanded,vanillaexpanded.vfecore,가구,1x1,1,통과만,,,,complex furniture,재질(Metallic/Woody/Stony) 20,65,750,2,Light,예,의자를 마주 보게 배치하면 카운터에서 식사할 수 있습니다.,,,
커피 탁자,coffee table,VFE_CoffeeTable,Vanilla Furniture Expanded,vanillaexpanded.vfecore,가구,2x1,2,가능,,,연결 설비 [Comfort 0.05],modern furniture,재질(Metallic/Woody/Stony) 35,75,750,1,Light,예,근처의 안락의자나 소파를 조금 더 편안하게 만들어주는 작은 탁자입니다. 소파나 안락의자 바로 옆에 배치해야 합니다. 같은 소파 근처에 여러 개의 커피 테이블을 배치해도 효과는 없습니다.,,,
학교 의자,school chair,Seat_SquareChair,Vanilla Furniture Expanded,vanillaexpanded.vfecore,가구,1x1,1,가능,,,연결 설비 [VEF_BuildingLearningRateOffset 0.05],complex furniture,재질(Metallic/Woody) 45,100,8000,4,Light,예,"불편한 학교 의자입니다. 식탁, 작업대 등에서 사용할 수 있습니다. 학교 책상 옆에 배치하면 학습 속도를 향상시킵니다.",,,
동물 석관,animal sarcophagus,VFE_AnimalSarcophagus,Vanilla Furniture Expanded,vanillaexpanded.vfecore,기타,1x1,1,통과만,,,저장,complex furniture,재질(Woody/Metallic/Stony) 30,125,1200,0,Light,,영예로운 죽음을 맞이한 동물을 위한 석관입니다.,,,
서류 캐비닛,filing cabinet,Misc_FileCabinet,Vanilla Furniture Expanded,vanillaexpanded.vfecore,기타,1x1,1,통과만,,,연결 설비 [ResearchSpeedFactor 0.03] 거리 6,modern furniture,재질(Metallic) 100,80,1200,,Light,예,연구대 근처에 배치하면 연구 속도를 높입니다. 연구대 하나당 최대 두 개의 서류 캐비닛을 사용할 수 있습니다.,,,
작은 쓰레기통,small bin,Bin_Small,Vanilla Furniture Expanded,vanillaexpanded.vfecore,기타,1x1,1,통과만,,,,waste disposal,재질(Metallic/Stony) 40,100,495,,Light,예,주변 지역을 어느 정도 깨끗하게 유지하는 데 도움이 되는 작은 쓰레기통입니다. 반경 10칸 내의 쓰레기와 오물을 천천히 제거합니다.,,,
큰 쓰레기통,large bin,Bin_Large,Vanilla Furniture Expanded,vanillaexpanded.vfecore,기타,2x1,2,통과만,,,,waste disposal,재질(Metallic/Stony) 60,150,750,,Light,예,주변 지역을 효율적으로 깨끗하게 유지하는 넉넉한 크기의 폐기물 처리 장치입니다. 반경 15칸 내의 쓰레기와 오물을 천천히 제거합니다.,,,
구식 컴퓨터,old computer,Joy_InudstrialComputer,Vanilla Furniture Expanded,vanillaexpanded.vfecore,오락,1x1,1,통과만,-180 W,,"작업칸 (0,0,1)",tube television,"재질(Metallic/Woody/Stony) 30, Steel 75, ComponentIndustrial 4",120,12000,,Light,예,"작은 책상 위에 놓인 투박하고 구식인 컴퓨터입니다. 화면이 깜빡거리고, 키가 뻑뻑하며, 오래되어 윙윙거리는 소리가 나지만, 여전히 간단한 프로그램은 실행합니다. 항상 사용할 수 있는 오래된 소프트웨어가 있기 마련입니다.",,,
다트판,darts board,Joy_DartsBoard,Vanilla Furniture Expanded,vanillaexpanded.vfecore,오락,1x1,1,통과만,,,"작업칸 (0,0,5)",complex furniture,"재질(Metallic/Woody/Stony) 60, WoodLog 20",120,9000,,Light,예,스탠드에 장착된 간단한 다트판입니다. 정확성과 손과 눈의 협응력을 연습하는 재미있는 방법입니다. 사격 능력을 훈련시킵니다.,,,
라디오,industrial radio,Radio_Industrial,Vanilla Furniture Expanded,vanillaexpanded.vfecore,오락,1x1,1,통과만,-200 W,,,tube television,"Steel 60, ComponentIndustrial 3",100,8000,,Light,예,음악 및 음성 방송을 재생하는 산업 시대 라디오입니다. 변방계 행성에서도 종종 최소한 약간이라도 흥미로운 것을 송출하는 오래된 송신기가 있기 마련입니다. 들을 수 있는 사람들에게 수동적인 음악 오락을 제공합니다.,,,
라운저,lounger,VFE_Lounger,Vanilla Furniture Expanded,vanillaexpanded.vfecore,오락,1x2,2,통과만,,,침대,modern furniture,재질(Metallic/Woody) 50,130,1200,2,Light,예,휴식을 위해 디자인된 쿠션이 있는 젖혀지는 긴 의자입니다. 뛰어난 편안함을 제공하지만 깊고 편안한 수면에는 이상적이지 않습니다. 일광욕 오락을 즐길 수 있습니다.,,,
룰렛 탁자,roulette table,Joy_RouletteTable,Vanilla Furniture Expanded,vanillaexpanded.vfecore,오락,2x4,8,통과만,,,,modern furniture,"재질(Metallic/Woody/Stony) 120, Cloth 100, WoodLog 40",300,16000,,Medium,예,룰렛 게임을 위해 설계된 정교한 도박 탁자입니다. 우연과 전략이 짜릿하게 결합되어 고급 카지노나 사교 공간의 중심이 됩니다.,,,
업라이트 피아노,upright piano,Joy_Piano,Vanilla Furniture Expanded,vanillaexpanded.vfecore,오락,2x1,2,통과만,,,,modern furniture,"재질(Metallic/Woody/Stony) 140, ComponentIndustrial 3",150,12000,6,Light,예,음악적 오락을 위해 설계된 소형 업라이트 피아노입니다. 예술적 기술을 개발하고 다른 사람들을 즐겁게 하는 좋은 방법입니다.,,,
오락기,arcade machine,Joy_Arcade,Vanilla Furniture Expanded,vanillaexpanded.vfecore,오락,1x1,1,통과만,-200 W,,"작업칸 (0,0,1)",tube television,"재질(Metallic) 50, Steel 20, ComponentIndustrial 5",130,14000,,Light,예,낡은 CRT 화면과 화려한 버튼이 달린 투박한 동전 투입식 아케이드 게임기입니다. 구식이지만 여전히 몇 시간 동안 디지털 오락을 제공합니다. 고전 게임은 결코 죽지 않습니다.,,,
장파 라디오,longwave radio,Radio_Spacer,Vanilla Furniture Expanded,vanillaexpanded.vfecore,오락,1x1,1,통과만,-300 W,,,flatscreen television,"Steel 80, Plasteel 20, ComponentIndustrial 5, ComponentSpacer 1",120,12000,1,Light,예,"최첨단 장파 송신 기술을 사용하여 수정처럼 맑은 음악, 방송, 그리고 성간 통신을 전달하는 고음질 라디오입니다. 변방계 행성에서도 누군가는 항상 무언가를 송신하고 있습니다 - 뉴스든, 음악이든, 혹은 공허에서 들려오는 머나먼 목소리든 말이죠.",,,
펀치백,punching bag,Joy_PunchingBag,Vanilla Furniture Expanded,vanillaexpanded.vfecore,오락,1x1,1,통과만,,,,complex furniture,"재질(Fabric/Leathery) 60, Steel 20, WoodLog 20",100,9000,,Light,,전투 훈련 및 스트레스 해소를 위한 튼튼한 스탠드형 펀칭백입니다. 근접 전투 능력을 훈련시킵니다.,,,
현대식 컴퓨터,modern computer,Joy_ModernComputer,Vanilla Furniture Expanded,vanillaexpanded.vfecore,오락,2x1,2,통과만,-250 W,,"작업칸 (0,0,1)",flatscreen television,"재질(Metallic/Woody/Stony) 60, Steel 100, ComponentIndustrial 4, ComponentSpacer 2",160,18000,,Light,예,"튼튼한 책상에 설치된 세련된 고성능 컴퓨팅 스테이션입니다. 빠른 프로세서, 인체공학적 키보드, 선명한 평면 디스플레이를 갖추고 있어 연구, 오락, 또는 가벼운 성간 네트워킹 등 다양한 소프트웨어를 제공합니다.",,,
화덕,firepit,Stone_Campfire,Vanilla Furniture Expanded,vanillaexpanded.vfecore,온도,1x1,1,통과만,,,"연료 WoodLog 35.0 / 열 21/초 / 조명 반경 10 / 작업칸 (0,0,-1) / 설치조건: Heater",,재질(Stony) 15,160,500,,Light,,"음식을 조리하고 열을 생산하지만, 그 과정에서 나무를 태웁니다. 모든 열원과 마찬가지로, 난방할 밀폐된 공간이 있도록 실내에 설치해야 합니다. 연료 보충이 가능합니다.",,,
희미한 화덕,dark firepit,Stone_DarklightCampfire,Vanilla Furniture Expanded,vanillaexpanded.vfecore,온도,1x1,1,통과만,,,"연료 WoodLog 35.0 / 열 21/초 / 조명 반경 9.55 / 작업칸 (0,0,-1) / 설치조건: Heater",,재질(Stony) 15,160,500,,Light,,"넓은 지역에 희미한 빛을 내는 특수 처리된 화덕입니다. 어둠을 선호하는 사람들은 이 광원 아래에서 가장 효율적으로 작업합니다. 음식을 조리하고 열을 생산하지만, 그 과정에서 나무를 태웁니다. 모든 열원과 마찬가지로, 난방할 밀폐된 공간을 확보하기 위해 실내에 설치해야 합니다. 연료 보충이 가능합니다.",,,
항균 벽,sterile wall,VFEM_Wall_Sterile,Vanilla Furniture Expanded - Medical Module,vanillaexpanded.vfemedical,구조물,1x1,1,불가,,,,sterile materials,"Silver 20, Steel 5",450,2000,2,Medium,,지나갈 수 없는 벽입니다. 지붕을 지지할 수 있습니다. 항균실 조성을 위해 청결을 개선하는 특수한 특성이 있습니다.,,,
동면 유지기,cryptosleep suspender,Bed_CryptoBed,Vanilla Furniture Expanded - Medical Module,vanillaexpanded.vfemedical,기타,1x2,2,통과만,,,연결 가능 설비 4종 / 침대,cryptosleep casket,"Steel 80, Uranium 2, ComponentIndustrial 2, ComponentSpacer 1",250,2800,5,Light,예,"부분 동면법을 사용해 환부의 악화를 지연시키고 회복을 돕는 장비입니다. 치료하는 동안 동면병을 일으키지만, 일반적인 동면병보다는 약합니다.",,,
보조 연구대,research counter,Facility_ResearchCounter,Vanilla Furniture Expanded - Medical Module,vanillaexpanded.vfemedical,기타,1x1,1,가능,,,연결 설비 [ResearchSpeedFactor 0.01] 거리 6,sterile materials,"Silver 20, Gold 10",50,500,0.5,Light,,민감한 연구를 위해 멸균 처리된 허리 높이의 보조 연구대입니다. 근처 연구 작업대의 연구 속도와 방의 청결도를 향상시켜줍니다. 연구 속도 상승 효과는 최대 20개까지 적용됩니다.,,,
생체신호 센터,vitals centre,Facility_VitalsCentre,Vanilla Furniture Expanded - Medical Module,vanillaexpanded.vfemedical,기타,3x2,6,통과만,-150 W,,"연결 설비 [MedicalTendQualityOffset 0.04, ImmunityGainSpeedFactor 0.01, SurgerySuccessChanceFactor 0.03] 거리 8",vitals monitor,"Steel 90, Plasteel 30, ComponentSpacer 1",150,10000,,Light,예,"한 번에 여러 환자의 상태를 관찰할 수 있는 커다란 장비로, 근처의 모든 회복 침대와 수술대, 동면 유지기의 치료 품질과 수술 성공 확률, 항체 생성 속도를 향상시켜 줍니다. 일반 침대에는 효과가 없습니다.",,,
수술대,operating table,Bed_OperatingTable,Vanilla Furniture Expanded - Medical Module,vanillaexpanded.vfemedical,기타,1x2,2,통과만,,,연결 가능 설비 4종 / 침대,complex furniture,"재질(Metallic/Stony) 80, Steel 40, ComponentIndustrial 2",150,1200,-10,Light,예,"온갖 수술 도구들이 어지럽게 널려있는 투박한 작업대입니다. 청결 상태는 꽤 의심스러워 보이지만, 의료 작업의 품질만큼은 일반 침대에 비해 낫습니다.",,,
수액걸이,intravenous drip stand,Facility_IVDrip,Vanilla Furniture Expanded - Medical Module,vanillaexpanded.vfemedical,기타,1x1,1,통과만,,,연결 설비 [ImmunityGainSpeedFactor 0.1],hospital bed,"Steel 50, MedicineIndustrial 4",50,3000,,Light,예,"잃은 체액을 환자에게 신속히 주입하는 정맥 투여기입니다. 근처에 회복 침대, 수술대, 동면 유지기가 있으면 항체 생성 속도를 향상시켜 줍니다. 일반 침대는 효과를 받지 못하며, 한 침대에 하나만 적용됩니다.",,,
기계 작업 수납장,machining cabinet,VFE_MachiningCabinet,Vanilla Furniture Expanded - Production,vanillaexpanded.vfeproduction,기타,2x1,2,통과만,,,연결 설비 [WorkTableWorkSpeedFactor 0.10],machining,Steel 150,100,1800,,Light,예,작업 속도에 도움을 줍니다. 기계 작업대 근처에 배치되어야 합니다. 한 작업대는 수납장 최대 두 개의 영향만 받습니다.,,,
단조 작업 수납장,smithing cabinet,VFE_SmithyCabinet,Vanilla Furniture Expanded - Production,vanillaexpanded.vfeproduction,기타,2x1,2,통과만,,,연결 설비 [WorkTableWorkSpeedFactor 0.10],smithing,Steel 150,100,1800,,Light,예,작업 속도에 도움을 줍니다. 단조 작업대 근처에 배치되어야 합니다. 한 작업대는 수납장 최대 두 개의 영향만 받습니다.,,,
약물 수납장,drug cabinet,VFE_DrugCabinet,Vanilla Furniture Expanded - Production,vanillaexpanded.vfeproduction,기타,2x1,2,통과만,,,연결 설비 [WorkTableWorkSpeedFactor 0.10],complex furniture,"Steel 100, Plasteel 25",100,1800,,Light,예,작업 속도에 도움을 줍니다. 약물 연구대 근처에 배치되어야 합니다. 한 작업대는 수납장 최대 두 개의 영향만 받습니다.,,,
재봉 작업 수납장,tailor cabinet,VFE_TailorCabinet,Vanilla Furniture Expanded - Production,vanillaexpanded.vfeproduction,기타,2x1,2,통과만,,,연결 설비 [WorkTableWorkSpeedFactor 0.10],complex furniture,Steel 100,100,1800,,Light,예,작업 속도에 도움을 줍니다. 재봉 작업대 근처에 배치되어야 합니다. 한 작업대는 수납장 최대 두 개의 영향만 받습니다.,,,
조립 작업 수납장,fabrication cabinet,VFE_FabricationCabinet,Vanilla Furniture Expanded - Production,vanillaexpanded.vfeproduction,기타,2x1,2,통과만,,,연결 설비 [WorkTableWorkSpeedFactor 0.10],fabrication,"Steel 100, ComponentIndustrial 2",100,1800,,Light,예,작업 속도에 도움을 줍니다. 조립 작업대 근처에 배치되어야 합니다. 한 작업대는 수납장 최대 두 개의 영향만 받습니다.,,,
주방 싱크대 수납장,kitchen sink cabinet,VFE_KitchenSinkCabinet,Vanilla Furniture Expanded - Production,vanillaexpanded.vfeproduction,기타,2x1,2,통과만,,,연결 설비 [WorkTableWorkSpeedFactor 0.10],complex furniture,Steel 100,100,1800,,Light,예,작업 속도에 도움을 줍니다. 스토브 근처에 배치되어야 합니다.,,,
대형 기계 작업대,large machining table,VFE_TableMachiningLarge,Vanilla Furniture Expanded - Production,vanillaexpanded.vfeproduction,생산,5x2,10,통과만,-600 W,,"연결 가능 설비 2종 / 작업칸 (0,0,-1)","machining, Manufacturing","Steel 300, ComponentIndustrial 10",300,5000,,Heavy,,"첨단 공구와 충분한 공간을 갖춘 워크벤치로서, 더 짧은 시간 내에 단순한 재료로부터 기술적인 경이로움을 만들어낼 수 있습니다. 전력을 소비합니다.",1,메카노이드와 드론 분해,
대형 스토브,large stove,VFE_TableStoveLarge,Vanilla Furniture Expanded - Production,vanillaexpanded.vfeproduction,생산,5x2,10,통과만,-700 W,,"연결 가능 설비 2종 / 열 3/초 / 작업칸 (0,0,-1)",Manufacturing,"Steel 160, ComponentIndustrial 6",300,5000,,Heavy,,대형 제조용 스토브와 여러 개의 오븐을 사용하여 훨씬 더 빠르고 더 많은 양의 식사를 조리할 수 있습니다. 이 스토브는 식사를 대량으로 조리 할 수 있게 합니다.,,,
대형 재봉 작업대,large tailoring table,VFE_TableTailorLarge,Vanilla Furniture Expanded - Production,vanillaexpanded.vfeproduction,생산,5x2,10,통과만,-240 W,,"연결 가능 설비 2종 / 열 3/초 / 작업칸 (0,0,-1)","complex clothing, Manufacturing","재질(Metallic/Woody) 150, Steel 100, ComponentIndustrial 4",300,4000,,Heavy,,디자이너를 위한 여러 가지 도구와 옷을 신속하게 맞추기 위한 재봉틀이 있는 대형 재봉 작업대입니다 전기 없이도 33% 속도로 작동합니다.,,,
대형 전기 단조 작업대,large electric smithy,VFE_TableSmithyLarge,Vanilla Furniture Expanded - Production,vanillaexpanded.vfeproduction,생산,5x2,10,통과만,-420 W,,"연결 가능 설비 2종 / 열 4/초 / 작업칸 (0,0,-1)","smithing, Manufacturing","Steel 200, ComponentIndustrial 6",300,5000,,Heavy,,기계가 사용되지 않는 금속 무기와 도구를 생산하기 위한 작업대입니다. 전기가 많이 소비됩니다.,,,
용광로,fueled smelter,VFE_FueledSmelter,Vanilla Furniture Expanded - Production,vanillaexpanded.vfeproduction,생산,3x1,3,통과만,,,"연료 WoodLog 50.0 / 열 9/초 / 작업칸 (0,0,-1)",smithing,Steel 170,180,2500,,Heavy,예,금속 파편이나 금속이 혼합된 아이템에서 금속을 추출합니다. 나무를 태워 작동합니다.,3,"강철, 무기 분해, 무기 처리",
전기 도축 작업대,electric butcher,VFE_TableButcherElectric,Vanilla Furniture Expanded - Production,vanillaexpanded.vfeproduction,생산,3x1,3,통과만,-350 W,,"연결 가능 설비 1종 / 작업칸 (0,0,-1)",electricity,"재질(Metallic/Woody) 60, Steel 20, ComponentIndustrial 4",180,3000,,Medium,예,회전 톱날이 달린 전동식 탁자로 죽은 동물을 정밀한 생고기 조각으로 더 빨리 도축할 수 있습니다. 전기가 많이 소비됩니다.,2,"도축, 사료",
전기 석재 절삭대,electric stonecutter's table,VFE_TableStonecutterElectric,Vanilla Furniture Expanded - Production,vanillaexpanded.vfeproduction,생산,3x1,3,통과만,-250 W,,"연결 가능 설비 1종 / 작업칸 (0,0,-1)","stonecutting, electricity","재질(Metallic/Woody) 150, Steel 60, ComponentIndustrial 6",180,4500,,Heavy,예,조립대에서 더 짧은 시간 내에 석재 덩어리를 사용 가능한 블록으로 절단하기 위한 전기 톱과 홀더가 있는 고급 작업대입니다. 전기가 많이 소비됩니다.,,,
전기 약물 연구대,electric drug lab,VFE_TableDrugLabElectric,Vanilla Furniture Expanded - Production,vanillaexpanded.vfeproduction,생산,3x1,3,통과만,-400 W,,"연결 가능 설비 2종 / 작업칸 (0,0,-1)","electricity, drug production","재질(Metallic/Woody) 75, Steel 120, ComponentIndustrial 12",120,4000,,Medium,예,"효율적이고 보다 다양한 약물 제조에 필요한 용기, 가열장치, 측정 도구로 이루어진 고급 작업대입니다. 전기가 많이 소비됩니다.",,,
조립 벤치,assembly bench,VFE_ComponentFabricationBench,Vanilla Furniture Expanded - Production,vanillaexpanded.vfeproduction,생산,3x1,3,통과만,-250 W,,"연결 가능 설비 1종 / 작업칸 (0,0,-1)",fabrication,"Steel 100, ComponentIndustrial 4, ComponentSpacer 2",300,2500,,Heavy,,부품을 생산하기 위한 첨단 도구를 갖춘 작업대입니다.,2,"부품, 고급 부품",
고급 의자,advanced chair,Seat_AdvChair,Vanilla Furniture Expanded - Spacer Module,vanillaexpanded.vfespacer,가구,1x1,1,가능,,,,spacer furniture,"재질(Fabric/Leathery) 100, Steel 30, ComponentIndustrial 2, ComponentSpacer 1",150,24000,10,Light,예,착석자의 윤곽에 따라 자동으로 변하는 고급 의자로 항상 최적의 등받이를 지원하여 편안함을 크게 향상시킵니다. 최고의 사치죠.,,,
대화식 탁자 (1x1),interactive table (1x1),Table_interactive_1x1c,Vanilla Furniture Expanded - Spacer Module,vanillaexpanded.vfespacer,가구,1x1,1,통과만,-120 W,,조명 반경 3.5,spacer electronics,"재질(Woody/Metallic) 30, ComponentSpacer 1",70,3000,4,Light,예,"대화형 디스플레이로 먹는 동안 프로그램을 보거나, 게임을 하거나, 메모를 할 수 있는 탁자입니다. 정착민이 탁자에서 식사를 할 때 전원이 연결되어 있으면 오락 욕구를 충족 시켜줍니다.",,,
대화식 탁자 (2x2),interactive table (2x2),Table_interactive_2x2c,Vanilla Furniture Expanded - Spacer Module,vanillaexpanded.vfespacer,가구,2x2,4,통과만,-280 W,,조명 반경 6.3,spacer electronics,"재질(Woody/Metallic) 120, ComponentSpacer 4",280,12000,16,Light,예,"대화형 디스플레이로 먹는 동안 프로그램을 보거나, 게임을 하거나, 메모를 할 수 있는 탁자입니다. 정착민이 탁자에서 식사를 할 때 전원이 연결되어 있으면 오락 욕구를 충족 시켜줍니다.",,,
야외 태양광 전등,outdoor solar lamp,Spacer_OutdoorLamp,Vanilla Furniture Expanded - Spacer Module,vanillaexpanded.vfespacer,가구,1x1,1,통과만,,,조명 반경 12 / 설치조건: NotUnderRoof,"electricity, spacer electronics","Steel 30, ComponentIndustrial 1",100,500,,Light,예,일반 산업용 램프보다 약하지만 전원이 필요 없어 연중 무휴로 전원을 공급할 수 있는 자체 유지형 램프입니다. 비가 올 때도 누전되지 않습니다. (작물 재배 불가),,,
작은 고급 침대,advanced bed,Bed_AdvBed,Vanilla Furniture Expanded - Spacer Module,vanillaexpanded.vfespacer,가구,1x2,2,통과만,,,연결 가능 설비 10종 / 침대,spacer furniture,"재질(Metallic/Woody) 60, Steel 25, ComponentIndustrial 3, ComponentSpacer 1",180,5000,4,Light,예,"백색소음 생성 기능이 내장되어 수면자의 윤곽에 완벽하게 맞도록 자동으로 재조정되는 고성능 첨단 침대입니다. 잠자는 사람들이 말하길, 다음 날 아침이 되면 종종 상쾌한 기분을 느끼고 정신이 더 맑아진다고 합니다.",,,
조명 대형 옷장,illuminated wardrobe,VFES_Table_IlluminatedWardrobe,Vanilla Furniture Expanded - Spacer Module,vanillaexpanded.vfespacer,가구,2x1,2,통과만,-25 W,,"연결 설비 [Comfort 0.05, BedRestEffectiveness 0.03] 거리 6 / 조명 반경 8.5",spacer furniture,"재질(Metallic/Woody) 90, ComponentSpacer 1",160,2500,9,Light,예,부드럽게 빛나는 조명이 내장된 세련된 현대식 옷장입니다. 주변 침대의 편안함과 수면 효율을 약간 올려줍니다. 같은 침대 근처에 여러 개를 두어도 효과는 중첩되지 않습니다.,,,
조명이 달린 옷장,illuminated dresser,Table_IlluminatedDresser,Vanilla Furniture Expanded - Spacer Module,vanillaexpanded.vfespacer,가구,2x1,2,통과만,-25 W,,"연결 설비 [Comfort 0.05, BedRestEffectiveness 0.03] 거리 6 / 조명 반경 8.5",spacer furniture,"재질(Metallic/Woody) 70, ComponentSpacer 1",130,3000,6,Light,예,밝은 조각이 조명으로 장식 된 옷장입니다. 방을 밝히는 동안 근처의 모든 침대에 작은 편의 보너스를 제공합니다. 같은 침대 근처에 둘 이상의 옷장을 배치해도 효과는 중복되지 않습니다.,,,
조명이 달린 협탁,illuminated end table,Table_IlluminatedEndTable,Vanilla Furniture Expanded - Spacer Module,vanillaexpanded.vfespacer,가구,1x1,1,통과만,-20 W,,"연결 설비 [Comfort 0.05, BedRestEffectiveness 0.02] / 조명 반경 8.5",spacer furniture,"재질(Metallic/Woody) 50, ComponentSpacer 1",80,1800,4,Light,예,작고 밝은 조각이 조명으로 장식 되어있는 이 탁자는 실내 조명을 비추는 동안 근처 침대를 좀 더 편안하게 만듭니다. 침대 머리 바로 옆에 직접 인접해야합니다. 같은 침대 근처에 둘 이상의 협탁을 배치해도 효과는 중복되지 않습니다.,,,
큰 고급 침대,advanced double bed,Bed_AdvDoubleBed,Vanilla Furniture Expanded - Spacer Module,vanillaexpanded.vfespacer,가구,2x2,4,통과만,,,연결 가능 설비 10종 / 침대,spacer furniture,"재질(Metallic/Woody) 100, Steel 40, ComponentIndustrial 5, ComponentSpacer 2",300,9000,8,Light,예,"백색소음 생성 기능이 내장되어 두 수면자의 윤곽에 완벽하게 맞도록 자동으로 재조정되는 고성능 첨단 침대입니다. 잠자는 사람들이 말하길, 다음 날 아침이 되면 종종 상쾌한 기분을 느끼고 정신이 더 맑아진다고 합니다.",,,
현대식 카우치,modern couch,VFES_ModernCouch,Vanilla Furniture Expanded - Spacer Module,vanillaexpanded.vfespacer,가구,2x1,2,가능,,,연결 가능 설비 1종,spacer furniture,"재질(Fabric/Leathery) 150, Steel 30, ComponentIndustrial 1",200,22000,12,Light,예,"우주 시대의 세련된 2인용 카우치입니다. 메모리폼과 인체공학적 설계, 스마트 천 덕에 최고의 편안함을 제공합니다.",,,
현대식 팔걸이 의자,modern armchair,VFES_ModernArmchair,Vanilla Furniture Expanded - Spacer Module,vanillaexpanded.vfespacer,가구,1x1,1,가능,,,연결 가능 설비 1종,spacer furniture,"재질(Fabric/Leathery) 90, Steel 20, ComponentIndustrial 1",130,18000,6,Light,예,우주 시대의 세련된 팔걸이 의자입니다. 메모리폼과 스마트 천으로 만들어졌으며 인체공학적 설계로 뛰어난 편안함과 미적 만족을 제공합니다.,,,
공기 청정기,air purifier,VFES_AirPurifier,Vanilla Furniture Expanded - Spacer Module,vanillaexpanded.vfespacer,기타,1x1,1,통과만,-250 W,,,spacer electronics,"Steel 20, Plasteel 10, ComponentIndustrial 1, ComponentSpacer 1",110,12000,,Light,예,"작고 효율적인 공기 청정기로, 먼지, 알레르기 유발 물질, 연기 등 유해 물질을 걸러내며 향기로운 공기를 순환시킵니다. 방의 청결도를 높이고 기분을 약간 향상시키며, 전반적인 환경을 개선합니다.",,,
수리 선반,mechanite repair shelf,Shelf_RepairRack,Vanilla Furniture Expanded - Spacer Module,vanillaexpanded.vfespacer,기타,1x1,1,통과만,-750 W,,저장,spacer electronics,"Plasteel 20, ComponentSpacer 3, MechSerumHealer 1",200,100000,0.5,Light,예,"기계 장치를 사용하여 장비, 장갑 또는 무기의 손상을 천천히 수리하는 동력식 첨단 기술 선반입니다.",,,
TV 스피커,television speaker,VFES_TelevisionSpeaker,Vanilla Furniture Expanded - Spacer Module,vanillaexpanded.vfespacer,오락,1x1,1,통과만,-250 W,,연결 설비 [JoyGainFactor 0.1] 거리 6,spacer electronics,"Steel 60, Plasteel 10, ComponentIndustrial 3, ComponentSpacer 1",100,10000,,Light,예,"TV 시청 경험을 향상시키기 위해 설계된 고음질 오디오 시스템입니다. TV 근처에 배치하면 자동으로 연동되어 몰입감 있는 사운드를 제공하며, 시청 중인 정착민의 오락 욕구 충족도를 높입니다.",,,
벽걸이 TV,wall-mounted television,VFES_WallMountedTelevision,Vanilla Furniture Expanded - Spacer Module,vanillaexpanded.vfespacer,오락,2x1,2,가능,-330 W,,연결 가능 설비 1종,spacer electronics,"Steel 130, ComponentIndustrial 16, ComponentSpacer 1",75,45000,,,예,얇은 고성능 평면 TV입니다. 공간을 적게 차지하면서도 일반 평면 TV와 동급의 선명한 화질과 색감을 제공합니다. 시야각은 넓지 않지만 벽에 설치할 수 있습니다.,,,
초거대형 TV,hyperscreen television,UltrascreenTV,Vanilla Furniture Expanded - Spacer Module,vanillaexpanded.vfespacer,오락,4x2,8,통과만,-700 W,,연결 가능 설비 1종,spacer electronics,"Steel 240, ComponentIndustrial 20, ComponentSpacer 6",140,90000,5,Light,예,거대한 곡선의 최첨단 텔레비전입니다. 시청자들은 실제로 경험하는 것처럼 느낍니다. 아주 재미있어요. 번화계 채널을 볼 수 있습니다.,,,
메카노이드 조각상,mechanoid effigy,VME_MechanoidEffigy,Vanilla Ideology Expanded - Memes and Structures,vanillaexpanded.vmemese,기타,1x1,1,통과만,,,,,"Plasteel 50, Steel 5",100,,-5,Light,예,폐기된 메카노이드 부품들로 조립된 구조물입니다. 고대 메카노이드 군단을 혼동시킬 수 있는 IFF 프로그래밍 신호를 발산합니다. 정착지 거주민당 2개의 조각상이 존재할 경우 충분한 신호가 방출되며 고대 메카노이드의 프로그램을 재실행시켜서 즉각적인 후퇴를 유도합니다.,,,
불길한 오벨리스크,ominous obelisk,VME_Obelisk,Vanilla Ideology Expanded - Memes and Structures,vanillaexpanded.vmemese,기타,1x1,1,통과만,,,,,재질(Stony) 100,200,,-10,Light,예,순수한 돌로 조각된 불길한 형상의 오벨리스크입니다. 절망의 아우라를 계속 발산하고 있습니다.\n\n 오벨리스크의 영향 범위 이내에 있는 정착민의 정신 오염이 감소하지 않습니다.,,,
곤충숭배 석판,serketist slab (medium),VME_SerketistSlab_Medium,Vanilla Ideology Expanded - Memes and Structures,vanillaexpanded.vmemese,바닥,3x3,9,가능,,,,stonecutting,재질(Stony) 100,,1000,15,Heavy,예,곤충숭배 양식이 새겨진 중간 크기의 바닥 장식용 석판입니다.,,,
대형 곤충숭배 석판,serketist slab (broad),VME_SerketistSlab_Broad,Vanilla Ideology Expanded - Memes and Structures,vanillaexpanded.vmemese,바닥,4x4,16,가능,,,,stonecutting,재질(Stony) 150,,2000,30,Heavy,예,곤충숭배 양식이 새겨진 거대한 크기의 바닥 장식용 석판입니다.,,,
대형 신비주의 석판,esotericism slab (broad),VME_EsotericismSlab_Broad,Vanilla Ideology Expanded - Memes and Structures,vanillaexpanded.vmemese,바닥,4x4,16,가능,,,,stonecutting,재질(Stony) 150,,2000,30,Heavy,예,신비주의 양식이 새겨진 거대한 크기의 바닥 장식용 석판입니다.,,,
대형 신토 석판,shintao slab (broad),VME_TaoistSlab_Broad,Vanilla Ideology Expanded - Memes and Structures,vanillaexpanded.vmemese,바닥,4x4,16,가능,,,,stonecutting,재질(Stony) 150,,2000,30,Heavy,예,신토 양식이 새겨진 거대한 크기의 바닥 장식용 석판입니다.,,,
대형 외신 석판,eldritch slab (broad),VME_EldritchSlab_Broad,Vanilla Ideology Expanded - Memes and Structures,vanillaexpanded.vmemese,바닥,4x4,16,가능,,,,stonecutting,재질(Stony) 150,,2000,30,Heavy,예,외신 양식이 새겨진 거대한 크기의 바닥 장식용 석판입니다.,,,
신비주의 석판,esotericism slab (medium),VME_EsotericismSlab_Medium,Vanilla Ideology Expanded - Memes and Structures,vanillaexpanded.vmemese,바닥,3x3,9,가능,,,,stonecutting,재질(Stony) 100,,1000,15,Heavy,예,신비주의 양식이 새겨진 중간 크기의 크기의 바닥 장식용 석판입니다.,,,
신토 석판,shintao slab (medium),VME_TaoistSlab_Medium,Vanilla Ideology Expanded - Memes and Structures,vanillaexpanded.vmemese,바닥,3x3,9,가능,,,,stonecutting,재질(Stony) 100,,1000,15,Heavy,예,신토 양식이 새겨진 중간 크기의 바닥 장식용 석판입니다.,,,
외신 석판,eldritch slab (medium),VME_EldritchSlab_Medium,Vanilla Ideology Expanded - Memes and Structures,vanillaexpanded.vmemese,바닥,3x3,9,가능,,,,stonecutting,재질(Stony) 100,,1000,15,Heavy,예,외신 양식이 새겨진 중간 크기의 바닥 장식용 석판입니다.,,,
위커맨,wicker man,VME_WickerMan,Vanilla Ideology Expanded - Memes and Structures,vanillaexpanded.vmemese,사상,3x3,9,통과만,,,조명 반경 10,,WoodLog 80,50,3000,,Light,예,"마른 덤불과 짚, 나무 조각을 섞어 만든 거대한 인간형 조각상입니다. 조각상에 죄수를 물리적으로 구속한 후 재판이나 의식의 일환으로 불태워야 합니다.",,,
화톳불,bonfire,VME_Bonfire,Vanilla Ideology Expanded - Memes and Structures,vanillaexpanded.vmemese,사상,5x5,25,통과만,,,조명 반경 20 / 설치조건: NotUnderRoof,,WoodLog 400,500,6000,,Light,예,돌로 된 바닥에 조심스럽게 쌓아둔 통나무 더미들로 이루어져서 엄청나게 크며 매우 밝게 타오를 수 있는 화톳불입니다. 화염 기반 의식에서 자주 사용되며 야외에서만 건설 가능합니다.,,,
금속 분류기,alloypack splitter,VRecyclingE_AlloypackSplitter,Vanilla Recycling Expanded,vanillaexpanded.recycling,생명공학,3x2,6,불가,-400 W,,"작업칸 (0,0,2)",complex recycling,"Steel 150, Plasteel 50, PowerfocusChip 1",300,8000,-5,Heavy,,"합금 폐기물을 강철, 플라스틸, 금으로 분리하는 우주시대 장비입니다.",,,
급속 오염물질 펌프,pollution fastpump,VRecyclingE_PollutionFastPump,Vanilla Recycling Expanded,vanillaexpanded.recycling,생명공학,1x1,1,통과만,-800 W,,,electricity,"Steel 75, ComponentIndustrial 1, Gold 1",200,5500,,Light,예,주변 오염을 빠르게 청소하는 지하수 여과기가 달린 거대한 펌프입니다. 추출된 오염물질은 운반해 치워야하는 독성 폐기물로 변환됩니다. 전력 소모는 심해도 매우 빠르게 작동합니다.,,,
대형 오염물질 펌프,large pollution pump,VRecyclingE_LargePollutionPump,Vanilla Recycling Expanded,vanillaexpanded.recycling,생명공학,3x3,9,통과만,-400 W,,,electricity,"Steel 180, ComponentIndustrial 4",200,10000,,Light,예,주변 오염을 서서히 청소하는 지하수 여과기가 달린 거대한 펌프입니다. 추출된 오염물질은 운반해 치워야하는 독성 폐기물로 변환됩니다.,,,
재활용 작업대,recycling bench,VRecyclingE_RecyclingWorkbench,Vanilla Recycling Expanded,vanillaexpanded.recycling,생명공학,3x1,3,통과만,,,"연결 가능 설비 1종 / 작업칸 (1,0,-1)",basic recycling,Steel 140,180,2200,,Medium,예,독성 폐기물을 다른 자원으로 재활용하는 작업대입니다. 전기 작업대의 50% 속도로 작동합니다.,5,"화학 폐기물, 유기성 폐기물, 화학연료, 일반 폐기물, 맹독성 폐기물, 일반 폐기물, 합금 폐기물, 방사성 폐기물, 우라늄, 일반 폐기물",
전기 재활용 작업대,electric-powered recycling bench,VRecyclingE_ElectricRecyclingWorkbench,Vanilla Recycling Expanded,vanillaexpanded.recycling,생명공학,3x1,3,통과만,-250 W,,"연결 가능 설비 1종 / 작업칸 (1,0,-1)",basic recycling,"Steel 120, ComponentIndustrial 4",180,3000,,Medium,예,자동 분류기와 전동 공구를 사용하여 독성 폐기물을 다른 자원으로 재활용하는 작업대입니다. 전기 없이도 50% 속도로 작동합니다.,5,"화학 폐기물, 유기성 폐기물, 화학연료, 일반 폐기물, 맹독성 폐기물, 일반 폐기물, 합금 폐기물, 방사성 폐기물, 우라늄, 일반 폐기물",
폐기물 보관함,waste crate,VRecyclingE_WasteCrate,Vanilla Recycling Expanded,vanillaexpanded.recycling,생명공학,1x1,1,통과만,,,저장 칸당 1묶음,basic recycling,"Steel 40, ComponentIndustrial 1",100,2500,0,Light,예,"유독성 폐기물을 자연 용해로 인한 누출 위험으로부터 보호하는 완전 밀폐 용기입니다. 제한된 수량만 보관할 수 있으며, 화재에는 여전히 취약합니다.",,,
폐기물 압축기,garbage compactor,VRecyclingE_GarbageCompactor,Vanilla Recycling Expanded,vanillaexpanded.recycling,생명공학,3x2,6,불가,-250 W,,"조명 반경 3.44 / 열 12/초 / 작업칸 (0,0,-1)",complex recycling,"재질(Stony/Metallic) 150, Steel 40, ComponentIndustrial 2",300,4500,-10,Heavy,,유압 프레스로 폐기물을 압축하여 벽돌로 찍어내는 산업시대 장비입니다.,,,
볼트 문,Vault Door,VaultDoor,Vault Walls and Doors,sickboywi.vault.onepointone,구조물,1x1,1,가능,,,,Vault Wall And Door Making,"재질(Metallic/Stony) 75, DevilstrandCloth 15",1000000,9000,,Medium,,거의 파괴할 수 없는 볼트 문입니다.,,,
볼트 벽,Vault Wall,VaultWall,Vault Walls and Doors,sickboywi.vault.onepointone,구조물,1x1,1,불가,,,,Vault Wall And Door Making,"재질(Metallic/Stony) 50, DevilstrandCloth 10",1000000,7500,,Heavy,,거의 파괴할 수 없는 볼트 벽입니다.,,,
볼트 자동문,Vault Autodoor,VaultAutodoor,Vault Walls and Doors,sickboywi.vault.onepointone,구조물,1x1,1,가능,-50 W,,,"autodoor, Vault Wall And Door Making","재질(Metallic/Stony) 75, Steel 40, ComponentIndustrial 2, DevilstrandCloth 15",1000000,10000,,Medium,,거의 파괴할 수 없는 볼트 자동문입니다.,,,
볼트 총안구,vault embrasure,VaultEmbrasure,Vault Walls and Doors,sickboywi.vault.onepointone,구조물,1x1,1,불가,,,,Vault Wall And Door Making,"재질(Metallic/Stony) 50, DevilstrandCloth 10",1000000,7500,,Heavy,,거의 파괴할 수 없는 볼트 총안구입니다.,,,
금고 환기구,vault vent,VaultVent,Vault Walls and Doors,sickboywi.vault.onepointone,온도,1x1,1,불가,,,,"Vault Wall And Door Making, complex furniture",재질(Metallic) 75,150,500,,Light,,"A vent for equalizing the temperature between two rooms without allowing people to walk between them. Sturdy, and meant for a vault. If the vent is destroyed, the wall remains.\n\nAir flow is important in a panic room, a",,,
공허 추출기,虚空提取器,VoidMiner,Void Extractor虚空提取器,trigger.building.voidextractor,생산,3x3,9,통과만,-1000 W,,"작업칸 (0,0,-2)",deep drilling,"Steel 300, ComponentIndustrial 6, Gold 50",400,8000,-25,Light,예,高级资源生产建筑，可以安装到飞船地板上，通过消耗电力和工作量来制造各种资源。该建筑无需放置在具体矿物上，能够智能计算产出数量。,,,
자동 공허 채굴기,AutoVoidMiner.label,AutoVoidMiner,Void Extractor虚空提取器,trigger.building.voidextractor,생산,3x3,9,통과만,-1000 W,,,"deep drilling, advanced fabrication","Steel 300, ComponentIndustrial 6, ComponentSpacer 2, Gold 50",400,8000,-25,Light,예,AutoVoidMiner.description,,,
메카 무기 교체장치,Mecha Weapon Changer,MechaWeaponChanger,[DHM]MechaWeaponChanger,drilledhead.mechaweaponchanger,생명공학,3x2,6,가능,-10 W,,"저장 칸당 5묶음 / 작업칸 (0,0,2)",basic mechtech,"Steel 100, ComponentIndustrial 5",300,500,,Light,,메카노이드에 무기가 장착되어 있지 않거나 원하는 무기를 할당할 때 사용하는 장치입니다. 사용 전에 무기를 반드시 수납해 주시기 바랍니다.,,,
